; --- Settings ---
; Action on detect:	Report only
; Scan objects:	All objects
; Use iChecker:	No
; Use iSwift:	No
; Try disinfect:	No
; Try delete:	No
; Try delete container:	No
; Scan archives:	No
; Exclude by mask:	No
; Include by mask:	No
; Objects to scan:	
; 	"C:\Users\lehie\AppData\Local\Temp\aiflow-security-modules-bnyayvbf\archives\"	Enable = Yes	Recursive = Yes
; ------------------
2026-09-27 14:59:30	Scan_Objects$5134                          starting   1          
2026-09-27 14:59:30 	C:\Users\lehie\AppData\Local\Temp\aiflow-security-modules-bnyayvbf\archives\github.com_atotto_clipboard@v0.1.4.zip	archive	ZIP
2026-09-27 14:59:30 	C:\Users\lehie\AppData\Local\Temp\aiflow-security-modules-bnyayvbf\archives\github.com_aymanbagabas_go-osc52_v2@v2.0.1.zip	archive	ZIP
2026-09-27 14:59:30	C:\Users\lehie\AppData\Local\Temp\aiflow-security-modules-bnyayvbf\archives\github.com_atotto_clipboard@v0.1.4.zip//github.com/atotto/clipboard@v0.1.4/.travis.yml	ok
2026-09-27 14:59:30	C:\Users\lehie\AppData\Local\Temp\aiflow-security-modules-bnyayvbf\archives\github.com_aymanbagabas_go-osc52_v2@v2.0.1.zip//github.com/aymanbagabas/go-osc52/v2@v2.0.1/.github/workflows/build.yml	ok
2026-09-27 14:59:30	C:\Users\lehie\AppData\Local\Temp\aiflow-security-modules-bnyayvbf\archives\github.com_atotto_clipboard@v0.1.4.zip//github.com/atotto/clipboard@v0.1.4/LICENSE	ok
2026-09-27 14:59:30	C:\Users\lehie\AppData\Local\Temp\aiflow-security-modules-bnyayvbf\archives\github.com_aymanbagabas_go-osc52_v2@v2.0.1.zip//github.com/aymanbagabas/go-osc52/v2@v2.0.1/LICENSE	ok
2026-09-27 14:59:30	C:\Users\lehie\AppData\Local\Temp\aiflow-security-modules-bnyayvbf\archives\github.com_atotto_clipboard@v0.1.4.zip//github.com/atotto/clipboard@v0.1.4/README.md	ok
2026-09-27 14:59:30	C:\Users\lehie\AppData\Local\Temp\aiflow-security-modules-bnyayvbf\archives\github.com_aymanbagabas_go-osc52_v2@v2.0.1.zip//github.com/aymanbagabas/go-osc52/v2@v2.0.1/README.md	ok
2026-09-27 14:59:30	C:\Users\lehie\AppData\Local\Temp\aiflow-security-modules-bnyayvbf\archives\github.com_atotto_clipboard@v0.1.4.zip//github.com/atotto/clipboard@v0.1.4/clipboard.go	ok
2026-09-27 14:59:30	C:\Users\lehie\AppData\Local\Temp\aiflow-security-modules-bnyayvbf\archives\github.com_aymanbagabas_go-osc52_v2@v2.0.1.zip//github.com/aymanbagabas/go-osc52/v2@v2.0.1/_examples/local/main.go	ok
2026-09-27 14:59:30	C:\Users\lehie\AppData\Local\Temp\aiflow-security-modules-bnyayvbf\archives\github.com_atotto_clipboard@v0.1.4.zip//github.com/atotto/clipboard@v0.1.4/clipboard_darwin.go	ok
2026-09-27 14:59:30	C:\Users\lehie\AppData\Local\Temp\aiflow-security-modules-bnyayvbf\archives\github.com_aymanbagabas_go-osc52_v2@v2.0.1.zip//github.com/aymanbagabas/go-osc52/v2@v2.0.1/_examples/ssh/main.go	ok
2026-09-27 14:59:30	C:\Users\lehie\AppData\Local\Temp\aiflow-security-modules-bnyayvbf\archives\github.com_atotto_clipboard@v0.1.4.zip//github.com/atotto/clipboard@v0.1.4/clipboard_plan9.go	ok
2026-09-27 14:59:30	C:\Users\lehie\AppData\Local\Temp\aiflow-security-modules-bnyayvbf\archives\github.com_aymanbagabas_go-osc52_v2@v2.0.1.zip//github.com/aymanbagabas/go-osc52/v2@v2.0.1/go.mod	ok
2026-09-27 14:59:30	C:\Users\lehie\AppData\Local\Temp\aiflow-security-modules-bnyayvbf\archives\github.com_aymanbagabas_go-osc52_v2@v2.0.1.zip//github.com/aymanbagabas/go-osc52/v2@v2.0.1/go.sum	ok
2026-09-27 14:59:30	C:\Users\lehie\AppData\Local\Temp\aiflow-security-modules-bnyayvbf\archives\github.com_atotto_clipboard@v0.1.4.zip//github.com/atotto/clipboard@v0.1.4/clipboard_test.go	ok
2026-09-27 14:59:30	C:\Users\lehie\AppData\Local\Temp\aiflow-security-modules-bnyayvbf\archives\github.com_aymanbagabas_go-osc52_v2@v2.0.1.zip//github.com/aymanbagabas/go-osc52/v2@v2.0.1/osc52.go	ok
2026-09-27 14:59:30	C:\Users\lehie\AppData\Local\Temp\aiflow-security-modules-bnyayvbf\archives\github.com_atotto_clipboard@v0.1.4.zip//github.com/atotto/clipboard@v0.1.4/clipboard_unix.go	ok
2026-09-27 14:59:30	C:\Users\lehie\AppData\Local\Temp\aiflow-security-modules-bnyayvbf\archives\github.com_atotto_clipboard@v0.1.4.zip//github.com/atotto/clipboard@v0.1.4/clipboard_windows.go	ok
2026-09-27 14:59:30	C:\Users\lehie\AppData\Local\Temp\aiflow-security-modules-bnyayvbf\archives\github.com_aymanbagabas_go-osc52_v2@v2.0.1.zip//github.com/aymanbagabas/go-osc52/v2@v2.0.1/osc52_test.go	ok
2026-09-27 14:59:30	C:\Users\lehie\AppData\Local\Temp\aiflow-security-modules-bnyayvbf\archives\github.com_aymanbagabas_go-osc52_v2@v2.0.1.zip	ok
2026-09-27 14:59:30 	C:\Users\lehie\AppData\Local\Temp\aiflow-security-modules-bnyayvbf\archives\github.com_aymanbagabas_go-udiff@v0.3.1.zip	archive	ZIP
2026-09-27 14:59:30	C:\Users\lehie\AppData\Local\Temp\aiflow-security-modules-bnyayvbf\archives\github.com_atotto_clipboard@v0.1.4.zip//github.com/atotto/clipboard@v0.1.4/cmd/gocopy/gocopy.go	ok
2026-09-27 14:59:30	C:\Users\lehie\AppData\Local\Temp\aiflow-security-modules-bnyayvbf\archives\github.com_atotto_clipboard@v0.1.4.zip//github.com/atotto/clipboard@v0.1.4/cmd/gopaste/gopaste.go	ok
2026-09-27 14:59:30	C:\Users\lehie\AppData\Local\Temp\aiflow-security-modules-bnyayvbf\archives\github.com_aymanbagabas_go-udiff@v0.3.1.zip//github.com/aymanbagabas/go-udiff@v0.3.1/.github/UPSTREAM	ok
2026-09-27 14:59:30	C:\Users\lehie\AppData\Local\Temp\aiflow-security-modules-bnyayvbf\archives\github.com_atotto_clipboard@v0.1.4.zip//github.com/atotto/clipboard@v0.1.4/example_test.go	ok
2026-09-27 14:59:30	C:\Users\lehie\AppData\Local\Temp\aiflow-security-modules-bnyayvbf\archives\github.com_aymanbagabas_go-udiff@v0.3.1.zip//github.com/aymanbagabas/go-udiff@v0.3.1/.github/dependabot.yml	ok
2026-09-27 14:59:30	C:\Users\lehie\AppData\Local\Temp\aiflow-security-modules-bnyayvbf\archives\github.com_atotto_clipboard@v0.1.4.zip//github.com/atotto/clipboard@v0.1.4/go.mod	ok
2026-09-27 14:59:30	C:\Users\lehie\AppData\Local\Temp\aiflow-security-modules-bnyayvbf\archives\github.com_aymanbagabas_go-udiff@v0.3.1.zip//github.com/aymanbagabas/go-udiff@v0.3.1/.github/workflows/build.yml	ok
2026-09-27 14:59:30	C:\Users\lehie\AppData\Local\Temp\aiflow-security-modules-bnyayvbf\archives\github.com_atotto_clipboard@v0.1.4.zip	ok
2026-09-27 14:59:30 	C:\Users\lehie\AppData\Local\Temp\aiflow-security-modules-bnyayvbf\archives\github.com_charmbracelet_bubbles@v1.0.0.zip	archive	ZIP
2026-09-27 14:59:30	C:\Users\lehie\AppData\Local\Temp\aiflow-security-modules-bnyayvbf\archives\github.com_aymanbagabas_go-udiff@v0.3.1.zip//github.com/aymanbagabas/go-udiff@v0.3.1/.github/workflows/import.yml	ok
2026-09-27 14:59:30	C:\Users\lehie\AppData\Local\Temp\aiflow-security-modules-bnyayvbf\archives\github.com_charmbracelet_bubbles@v1.0.0.zip//github.com/charmbracelet/bubbles@v1.0.0/.github/CODEOWNERS	ok
2026-09-27 14:59:30	C:\Users\lehie\AppData\Local\Temp\aiflow-security-modules-bnyayvbf\archives\github.com_aymanbagabas_go-udiff@v0.3.1.zip//github.com/aymanbagabas/go-udiff@v0.3.1/LICENSE-BSD	ok
2026-09-27 14:59:30	C:\Users\lehie\AppData\Local\Temp\aiflow-security-modules-bnyayvbf\archives\github.com_charmbracelet_bubbles@v1.0.0.zip//github.com/charmbracelet/bubbles@v1.0.0/.github/ISSUE_TEMPLATE/bug_report.md	ok
2026-09-27 14:59:30	C:\Users\lehie\AppData\Local\Temp\aiflow-security-modules-bnyayvbf\archives\github.com_aymanbagabas_go-udiff@v0.3.1.zip//github.com/aymanbagabas/go-udiff@v0.3.1/LICENSE-MIT	ok
2026-09-27 14:59:30	C:\Users\lehie\AppData\Local\Temp\aiflow-security-modules-bnyayvbf\archives\github.com_charmbracelet_bubbles@v1.0.0.zip//github.com/charmbracelet/bubbles@v1.0.0/.github/ISSUE_TEMPLATE/config.yml	ok
2026-09-27 14:59:30	C:\Users\lehie\AppData\Local\Temp\aiflow-security-modules-bnyayvbf\archives\github.com_aymanbagabas_go-udiff@v0.3.1.zip//github.com/aymanbagabas/go-udiff@v0.3.1/README.md	ok
2026-09-27 14:59:30	C:\Users\lehie\AppData\Local\Temp\aiflow-security-modules-bnyayvbf\archives\github.com_charmbracelet_bubbles@v1.0.0.zip//github.com/charmbracelet/bubbles@v1.0.0/.github/ISSUE_TEMPLATE/feature_request.md	ok
2026-09-27 14:59:30	C:\Users\lehie\AppData\Local\Temp\aiflow-security-modules-bnyayvbf\archives\github.com_aymanbagabas_go-udiff@v0.3.1.zip//github.com/aymanbagabas/go-udiff@v0.3.1/_examples/apply/main.go	ok
2026-09-27 14:59:30	C:\Users\lehie\AppData\Local\Temp\aiflow-security-modules-bnyayvbf\archives\github.com_charmbracelet_bubbles@v1.0.0.zip//github.com/charmbracelet/bubbles@v1.0.0/.github/dependabot.yml	ok
2026-09-27 14:59:30	C:\Users\lehie\AppData\Local\Temp\aiflow-security-modules-bnyayvbf\archives\github.com_aymanbagabas_go-udiff@v0.3.1.zip//github.com/aymanbagabas/go-udiff@v0.3.1/_examples/changes/main.go	ok
2026-09-27 14:59:30	C:\Users\lehie\AppData\Local\Temp\aiflow-security-modules-bnyayvbf\archives\github.com_charmbracelet_bubbles@v1.0.0.zip//github.com/charmbracelet/bubbles@v1.0.0/.github/workflows/build.yml	ok
2026-09-27 14:59:30	C:\Users\lehie\AppData\Local\Temp\aiflow-security-modules-bnyayvbf\archives\github.com_aymanbagabas_go-udiff@v0.3.1.zip//github.com/aymanbagabas/go-udiff@v0.3.1/_examples/hello-world/main.go	ok
2026-09-27 14:59:30	C:\Users\lehie\AppData\Local\Temp\aiflow-security-modules-bnyayvbf\archives\github.com_charmbracelet_bubbles@v1.0.0.zip//github.com/charmbracelet/bubbles@v1.0.0/.github/workflows/coverage.yml	ok
2026-09-27 14:59:30 	C:\Users\lehie\AppData\Local\Temp\aiflow-security-modules-bnyayvbf\archives\github.com_aymanbagabas_go-udiff@v0.3.1.zip//github.com/aymanbagabas/go-udiff@v0.3.1/_patches/0001-fix-remove-testenv-package.patch	archive	MailBerkeleymbox
2026-09-27 14:59:30	Scan_Objects$5134                          running    5          
2026-09-27 14:59:30	C:\Users\lehie\AppData\Local\Temp\aiflow-security-modules-bnyayvbf\archives\github.com_charmbracelet_bubbles@v1.0.0.zip//github.com/charmbracelet/bubbles@v1.0.0/.github/workflows/dependabot-sync.yml	ok
2026-09-27 14:59:30	C:\Users\lehie\AppData\Local\Temp\aiflow-security-modules-bnyayvbf\archives\github.com_aymanbagabas_go-udiff@v0.3.1.zip//github.com/aymanbagabas/go-udiff@v0.3.1/_patches/0001-fix-remove-testenv-package.patch//[From Ayman Bagabas <ayman.bagabas@gmail.com>][Date 13 Dec 2023 12:38:49][Subj [PATCH 1/2] fix: remove testenv package]	ok
2026-09-27 14:59:30	C:\Users\lehie\AppData\Local\Temp\aiflow-security-modules-bnyayvbf\archives\github.com_aymanbagabas_go-udiff@v0.3.1.zip//github.com/aymanbagabas/go-udiff@v0.3.1/_patches/0001-fix-remove-testenv-package.patch	ok
2026-09-27 14:59:30	C:\Users\lehie\AppData\Local\Temp\aiflow-security-modules-bnyayvbf\archives\github.com_charmbracelet_bubbles@v1.0.0.zip//github.com/charmbracelet/bubbles@v1.0.0/.github/workflows/lint-sync.yml	ok
2026-09-27 14:59:30 	C:\Users\lehie\AppData\Local\Temp\aiflow-security-modules-bnyayvbf\archives\github.com_aymanbagabas_go-udiff@v0.3.1.zip//github.com/aymanbagabas/go-udiff@v0.3.1/_patches/0002-fix-re-export-symbols.patch	archive	MailBerkeleymbox
2026-09-27 14:59:30	C:\Users\lehie\AppData\Local\Temp\aiflow-security-modules-bnyayvbf\archives\github.com_charmbracelet_bubbles@v1.0.0.zip//github.com/charmbracelet/bubbles@v1.0.0/.github/workflows/lint.yml	ok
2026-09-27 14:59:30	C:\Users\lehie\AppData\Local\Temp\aiflow-security-modules-bnyayvbf\archives\github.com_charmbracelet_bubbles@v1.0.0.zip//github.com/charmbracelet/bubbles@v1.0.0/.github/workflows/release.yml	ok
2026-09-27 14:59:30	C:\Users\lehie\AppData\Local\Temp\aiflow-security-modules-bnyayvbf\archives\github.com_aymanbagabas_go-udiff@v0.3.1.zip//github.com/aymanbagabas/go-udiff@v0.3.1/_patches/0002-fix-re-export-symbols.patch//[From Ayman Bagabas <ayman.bagabas@gmail.com>][Date 13 Dec 2023 12:42:58][Subj [PATCH 2/2] fix: re-export symbols]	ok
2026-09-27 14:59:30	C:\Users\lehie\AppData\Local\Temp\aiflow-security-modules-bnyayvbf\archives\github.com_charmbracelet_bubbles@v1.0.0.zip//github.com/charmbracelet/bubbles@v1.0.0/.gitignore	ok
2026-09-27 14:59:30	C:\Users\lehie\AppData\Local\Temp\aiflow-security-modules-bnyayvbf\archives\github.com_aymanbagabas_go-udiff@v0.3.1.zip//github.com/aymanbagabas/go-udiff@v0.3.1/_patches/0002-fix-re-export-symbols.patch	ok
2026-09-27 14:59:30	C:\Users\lehie\AppData\Local\Temp\aiflow-security-modules-bnyayvbf\archives\github.com_charmbracelet_bubbles@v1.0.0.zip//github.com/charmbracelet/bubbles@v1.0.0/.golangci.yml	ok
2026-09-27 14:59:30	C:\Users\lehie\AppData\Local\Temp\aiflow-security-modules-bnyayvbf\archives\github.com_aymanbagabas_go-udiff@v0.3.1.zip//github.com/aymanbagabas/go-udiff@v0.3.1/diff.go	ok
2026-09-27 14:59:30	C:\Users\lehie\AppData\Local\Temp\aiflow-security-modules-bnyayvbf\archives\github.com_charmbracelet_bubbles@v1.0.0.zip//github.com/charmbracelet/bubbles@v1.0.0/.goreleaser.yml	ok
2026-09-27 14:59:30	C:\Users\lehie\AppData\Local\Temp\aiflow-security-modules-bnyayvbf\archives\github.com_aymanbagabas_go-udiff@v0.3.1.zip//github.com/aymanbagabas/go-udiff@v0.3.1/diff_test.go	ok
2026-09-27 14:59:30	C:\Users\lehie\AppData\Local\Temp\aiflow-security-modules-bnyayvbf\archives\github.com_charmbracelet_bubbles@v1.0.0.zip//github.com/charmbracelet/bubbles@v1.0.0/LICENSE	ok
2026-09-27 14:59:30	C:\Users\lehie\AppData\Local\Temp\aiflow-security-modules-bnyayvbf\archives\github.com_aymanbagabas_go-udiff@v0.3.1.zip//github.com/aymanbagabas/go-udiff@v0.3.1/difftest/difftest.go	ok
2026-09-27 14:59:30	C:\Users\lehie\AppData\Local\Temp\aiflow-security-modules-bnyayvbf\archives\github.com_charmbracelet_bubbles@v1.0.0.zip//github.com/charmbracelet/bubbles@v1.0.0/README.md	ok
2026-09-27 14:59:30	C:\Users\lehie\AppData\Local\Temp\aiflow-security-modules-bnyayvbf\archives\github.com_aymanbagabas_go-udiff@v0.3.1.zip//github.com/aymanbagabas/go-udiff@v0.3.1/difftest/difftest_test.go	ok
2026-09-27 14:59:30	C:\Users\lehie\AppData\Local\Temp\aiflow-security-modules-bnyayvbf\archives\github.com_charmbracelet_bubbles@v1.0.0.zip//github.com/charmbracelet/bubbles@v1.0.0/Taskfile.yaml	ok
2026-09-27 14:59:30	C:\Users\lehie\AppData\Local\Temp\aiflow-security-modules-bnyayvbf\archives\github.com_aymanbagabas_go-udiff@v0.3.1.zip//github.com/aymanbagabas/go-udiff@v0.3.1/export.go	ok
2026-09-27 14:59:30	C:\Users\lehie\AppData\Local\Temp\aiflow-security-modules-bnyayvbf\archives\github.com_charmbracelet_bubbles@v1.0.0.zip//github.com/charmbracelet/bubbles@v1.0.0/bubbles.go	ok
2026-09-27 14:59:30	C:\Users\lehie\AppData\Local\Temp\aiflow-security-modules-bnyayvbf\archives\github.com_aymanbagabas_go-udiff@v0.3.1.zip//github.com/aymanbagabas/go-udiff@v0.3.1/export_test.go	ok
2026-09-27 14:59:30	C:\Users\lehie\AppData\Local\Temp\aiflow-security-modules-bnyayvbf\archives\github.com_charmbracelet_bubbles@v1.0.0.zip//github.com/charmbracelet/bubbles@v1.0.0/cursor/cursor.go	ok
2026-09-27 14:59:30	C:\Users\lehie\AppData\Local\Temp\aiflow-security-modules-bnyayvbf\archives\github.com_aymanbagabas_go-udiff@v0.3.1.zip//github.com/aymanbagabas/go-udiff@v0.3.1/go.mod	ok
2026-09-27 14:59:30	C:\Users\lehie\AppData\Local\Temp\aiflow-security-modules-bnyayvbf\archives\github.com_charmbracelet_bubbles@v1.0.0.zip//github.com/charmbracelet/bubbles@v1.0.0/cursor/cursor_test.go	ok
2026-09-27 14:59:30	C:\Users\lehie\AppData\Local\Temp\aiflow-security-modules-bnyayvbf\archives\github.com_aymanbagabas_go-udiff@v0.3.1.zip//github.com/aymanbagabas/go-udiff@v0.3.1/lcs/common.go	ok
2026-09-27 14:59:30	C:\Users\lehie\AppData\Local\Temp\aiflow-security-modules-bnyayvbf\archives\github.com_charmbracelet_bubbles@v1.0.0.zip//github.com/charmbracelet/bubbles@v1.0.0/filepicker/filepicker.go	ok
2026-09-27 14:59:30	C:\Users\lehie\AppData\Local\Temp\aiflow-security-modules-bnyayvbf\archives\github.com_aymanbagabas_go-udiff@v0.3.1.zip//github.com/aymanbagabas/go-udiff@v0.3.1/lcs/common_test.go	ok
2026-09-27 14:59:30	C:\Users\lehie\AppData\Local\Temp\aiflow-security-modules-bnyayvbf\archives\github.com_charmbracelet_bubbles@v1.0.0.zip//github.com/charmbracelet/bubbles@v1.0.0/filepicker/hidden_unix.go	ok
2026-09-27 14:59:30	C:\Users\lehie\AppData\Local\Temp\aiflow-security-modules-bnyayvbf\archives\github.com_charmbracelet_bubbles@v1.0.0.zip//github.com/charmbracelet/bubbles@v1.0.0/filepicker/hidden_windows.go	ok
2026-09-27 14:59:30	C:\Users\lehie\AppData\Local\Temp\aiflow-security-modules-bnyayvbf\archives\github.com_aymanbagabas_go-udiff@v0.3.1.zip//github.com/aymanbagabas/go-udiff@v0.3.1/lcs/doc.go	ok
2026-09-27 14:59:30	C:\Users\lehie\AppData\Local\Temp\aiflow-security-modules-bnyayvbf\archives\github.com_charmbracelet_bubbles@v1.0.0.zip//github.com/charmbracelet/bubbles@v1.0.0/go.mod	ok
2026-09-27 14:59:30	C:\Users\lehie\AppData\Local\Temp\aiflow-security-modules-bnyayvbf\archives\github.com_aymanbagabas_go-udiff@v0.3.1.zip//github.com/aymanbagabas/go-udiff@v0.3.1/lcs/git.sh	ok
2026-09-27 14:59:30	C:\Users\lehie\AppData\Local\Temp\aiflow-security-modules-bnyayvbf\archives\github.com_aymanbagabas_go-udiff@v0.3.1.zip//github.com/aymanbagabas/go-udiff@v0.3.1/lcs/labels.go	ok
2026-09-27 14:59:30	C:\Users\lehie\AppData\Local\Temp\aiflow-security-modules-bnyayvbf\archives\github.com_charmbracelet_bubbles@v1.0.0.zip//github.com/charmbracelet/bubbles@v1.0.0/go.sum	ok
2026-09-27 14:59:30	C:\Users\lehie\AppData\Local\Temp\aiflow-security-modules-bnyayvbf\archives\github.com_charmbracelet_bubbles@v1.0.0.zip//github.com/charmbracelet/bubbles@v1.0.0/help/help.go	ok
2026-09-27 14:59:30	C:\Users\lehie\AppData\Local\Temp\aiflow-security-modules-bnyayvbf\archives\github.com_aymanbagabas_go-udiff@v0.3.1.zip//github.com/aymanbagabas/go-udiff@v0.3.1/lcs/old.go	ok
2026-09-27 14:59:30	C:\Users\lehie\AppData\Local\Temp\aiflow-security-modules-bnyayvbf\archives\github.com_charmbracelet_bubbles@v1.0.0.zip//github.com/charmbracelet/bubbles@v1.0.0/help/help_test.go	ok
2026-09-27 14:59:30	C:\Users\lehie\AppData\Local\Temp\aiflow-security-modules-bnyayvbf\archives\github.com_aymanbagabas_go-udiff@v0.3.1.zip//github.com/aymanbagabas/go-udiff@v0.3.1/lcs/old_test.go	ok
2026-09-27 14:59:30	C:\Users\lehie\AppData\Local\Temp\aiflow-security-modules-bnyayvbf\archives\github.com_charmbracelet_bubbles@v1.0.0.zip//github.com/charmbracelet/bubbles@v1.0.0/help/testdata/TestFullHelp/full_help_20_width.golden	ok
2026-09-27 14:59:30	C:\Users\lehie\AppData\Local\Temp\aiflow-security-modules-bnyayvbf\archives\github.com_aymanbagabas_go-udiff@v0.3.1.zip//github.com/aymanbagabas/go-udiff@v0.3.1/lcs/sequence.go	ok
2026-09-27 14:59:30	C:\Users\lehie\AppData\Local\Temp\aiflow-security-modules-bnyayvbf\archives\github.com_charmbracelet_bubbles@v1.0.0.zip//github.com/charmbracelet/bubbles@v1.0.0/help/testdata/TestFullHelp/full_help_30_width.golden	ok
2026-09-27 14:59:30	C:\Users\lehie\AppData\Local\Temp\aiflow-security-modules-bnyayvbf\archives\github.com_charmbracelet_bubbles@v1.0.0.zip//github.com/charmbracelet/bubbles@v1.0.0/help/testdata/TestFullHelp/full_help_40_width.golden	ok
2026-09-27 14:59:30	C:\Users\lehie\AppData\Local\Temp\aiflow-security-modules-bnyayvbf\archives\github.com_aymanbagabas_go-udiff@v0.3.1.zip//github.com/aymanbagabas/go-udiff@v0.3.1/merge.go	ok
2026-09-27 14:59:30	C:\Users\lehie\AppData\Local\Temp\aiflow-security-modules-bnyayvbf\archives\github.com_charmbracelet_bubbles@v1.0.0.zip//github.com/charmbracelet/bubbles@v1.0.0/key/key.go	ok
2026-09-27 14:59:30	C:\Users\lehie\AppData\Local\Temp\aiflow-security-modules-bnyayvbf\archives\github.com_aymanbagabas_go-udiff@v0.3.1.zip//github.com/aymanbagabas/go-udiff@v0.3.1/merge_test.go	ok
2026-09-27 14:59:30	C:\Users\lehie\AppData\Local\Temp\aiflow-security-modules-bnyayvbf\archives\github.com_charmbracelet_bubbles@v1.0.0.zip//github.com/charmbracelet/bubbles@v1.0.0/key/key_test.go	ok
2026-09-27 14:59:30	C:\Users\lehie\AppData\Local\Temp\aiflow-security-modules-bnyayvbf\archives\github.com_aymanbagabas_go-udiff@v0.3.1.zip//github.com/aymanbagabas/go-udiff@v0.3.1/myers/diff.go	ok
2026-09-27 14:59:30	C:\Users\lehie\AppData\Local\Temp\aiflow-security-modules-bnyayvbf\archives\github.com_charmbracelet_bubbles@v1.0.0.zip//github.com/charmbracelet/bubbles@v1.0.0/list/README.md	ok
2026-09-27 14:59:30	C:\Users\lehie\AppData\Local\Temp\aiflow-security-modules-bnyayvbf\archives\github.com_aymanbagabas_go-udiff@v0.3.1.zip//github.com/aymanbagabas/go-udiff@v0.3.1/myers/diff_test.go	ok
2026-09-27 14:59:30	C:\Users\lehie\AppData\Local\Temp\aiflow-security-modules-bnyayvbf\archives\github.com_charmbracelet_bubbles@v1.0.0.zip//github.com/charmbracelet/bubbles@v1.0.0/list/defaultitem.go	ok
2026-09-27 14:59:30	C:\Users\lehie\AppData\Local\Temp\aiflow-security-modules-bnyayvbf\archives\github.com_aymanbagabas_go-udiff@v0.3.1.zip//github.com/aymanbagabas/go-udiff@v0.3.1/ndiff.go	ok
2026-09-27 14:59:30	C:\Users\lehie\AppData\Local\Temp\aiflow-security-modules-bnyayvbf\archives\github.com_charmbracelet_bubbles@v1.0.0.zip//github.com/charmbracelet/bubbles@v1.0.0/list/keys.go	ok
2026-09-27 14:59:30	C:\Users\lehie\AppData\Local\Temp\aiflow-security-modules-bnyayvbf\archives\github.com_aymanbagabas_go-udiff@v0.3.1.zip//github.com/aymanbagabas/go-udiff@v0.3.1/unified.go	ok
2026-09-27 14:59:30	C:\Users\lehie\AppData\Local\Temp\aiflow-security-modules-bnyayvbf\archives\github.com_aymanbagabas_go-udiff@v0.3.1.zip	ok
2026-09-27 14:59:30 	C:\Users\lehie\AppData\Local\Temp\aiflow-security-modules-bnyayvbf\archives\github.com_charmbracelet_bubbletea@v1.3.10.zip	archive	ZIP
2026-09-27 14:59:30	C:\Users\lehie\AppData\Local\Temp\aiflow-security-modules-bnyayvbf\archives\github.com_charmbracelet_bubbles@v1.0.0.zip//github.com/charmbracelet/bubbles@v1.0.0/list/list.go	ok
2026-09-27 14:59:30	C:\Users\lehie\AppData\Local\Temp\aiflow-security-modules-bnyayvbf\archives\github.com_charmbracelet_bubbletea@v1.3.10.zip//github.com/charmbracelet/bubbletea@v1.3.10/.gitattributes	ok
2026-09-27 14:59:30	C:\Users\lehie\AppData\Local\Temp\aiflow-security-modules-bnyayvbf\archives\github.com_charmbracelet_bubbletea@v1.3.10.zip//github.com/charmbracelet/bubbletea@v1.3.10/.github/CODEOWNERS	ok
2026-09-27 14:59:30	C:\Users\lehie\AppData\Local\Temp\aiflow-security-modules-bnyayvbf\archives\github.com_charmbracelet_bubbles@v1.0.0.zip//github.com/charmbracelet/bubbles@v1.0.0/list/list_test.go	ok
2026-09-27 14:59:30	C:\Users\lehie\AppData\Local\Temp\aiflow-security-modules-bnyayvbf\archives\github.com_charmbracelet_bubbletea@v1.3.10.zip//github.com/charmbracelet/bubbletea@v1.3.10/.github/ISSUE_TEMPLATE/bug.yml	ok
2026-09-27 14:59:30	C:\Users\lehie\AppData\Local\Temp\aiflow-security-modules-bnyayvbf\archives\github.com_charmbracelet_bubbles@v1.0.0.zip//github.com/charmbracelet/bubbles@v1.0.0/list/style.go	ok
2026-09-27 14:59:30	C:\Users\lehie\AppData\Local\Temp\aiflow-security-modules-bnyayvbf\archives\github.com_charmbracelet_bubbletea@v1.3.10.zip//github.com/charmbracelet/bubbletea@v1.3.10/.github/ISSUE_TEMPLATE/bug_report.md	ok
2026-09-27 14:59:30	C:\Users\lehie\AppData\Local\Temp\aiflow-security-modules-bnyayvbf\archives\github.com_charmbracelet_bubbles@v1.0.0.zip//github.com/charmbracelet/bubbles@v1.0.0/paginator/paginator.go	ok
2026-09-27 14:59:30	C:\Users\lehie\AppData\Local\Temp\aiflow-security-modules-bnyayvbf\archives\github.com_charmbracelet_bubbletea@v1.3.10.zip//github.com/charmbracelet/bubbletea@v1.3.10/.github/ISSUE_TEMPLATE/config.yml	ok
2026-09-27 14:59:30	C:\Users\lehie\AppData\Local\Temp\aiflow-security-modules-bnyayvbf\archives\github.com_charmbracelet_bubbles@v1.0.0.zip//github.com/charmbracelet/bubbles@v1.0.0/paginator/paginator_test.go	ok
2026-09-27 14:59:30	C:\Users\lehie\AppData\Local\Temp\aiflow-security-modules-bnyayvbf\archives\github.com_charmbracelet_bubbletea@v1.3.10.zip//github.com/charmbracelet/bubbletea@v1.3.10/.github/ISSUE_TEMPLATE/feature_request.md	ok
2026-09-27 14:59:30	C:\Users\lehie\AppData\Local\Temp\aiflow-security-modules-bnyayvbf\archives\github.com_charmbracelet_bubbles@v1.0.0.zip//github.com/charmbracelet/bubbles@v1.0.0/progress/progress.go	ok
2026-09-27 14:59:30	C:\Users\lehie\AppData\Local\Temp\aiflow-security-modules-bnyayvbf\archives\github.com_charmbracelet_bubbletea@v1.3.10.zip//github.com/charmbracelet/bubbletea@v1.3.10/.github/dependabot.yml	ok
2026-09-27 14:59:30	C:\Users\lehie\AppData\Local\Temp\aiflow-security-modules-bnyayvbf\archives\github.com_charmbracelet_bubbletea@v1.3.10.zip//github.com/charmbracelet/bubbletea@v1.3.10/.github/workflows/build.yml	ok
2026-09-27 14:59:30	C:\Users\lehie\AppData\Local\Temp\aiflow-security-modules-bnyayvbf\archives\github.com_charmbracelet_bubbles@v1.0.0.zip//github.com/charmbracelet/bubbles@v1.0.0/progress/progress_test.go	ok
2026-09-27 14:59:30	C:\Users\lehie\AppData\Local\Temp\aiflow-security-modules-bnyayvbf\archives\github.com_charmbracelet_bubbletea@v1.3.10.zip//github.com/charmbracelet/bubbletea@v1.3.10/.github/workflows/coverage.yml	ok
2026-09-27 14:59:30	C:\Users\lehie\AppData\Local\Temp\aiflow-security-modules-bnyayvbf\archives\github.com_charmbracelet_bubbles@v1.0.0.zip//github.com/charmbracelet/bubbles@v1.0.0/runeutil/runeutil.go	ok
2026-09-27 14:59:30	C:\Users\lehie\AppData\Local\Temp\aiflow-security-modules-bnyayvbf\archives\github.com_charmbracelet_bubbletea@v1.3.10.zip//github.com/charmbracelet/bubbletea@v1.3.10/.github/workflows/dependabot-sync.yml	ok
2026-09-27 14:59:30	C:\Users\lehie\AppData\Local\Temp\aiflow-security-modules-bnyayvbf\archives\github.com_charmbracelet_bubbles@v1.0.0.zip//github.com/charmbracelet/bubbles@v1.0.0/runeutil/runeutil_test.go	ok
2026-09-27 14:59:30	C:\Users\lehie\AppData\Local\Temp\aiflow-security-modules-bnyayvbf\archives\github.com_charmbracelet_bubbletea@v1.3.10.zip//github.com/charmbracelet/bubbletea@v1.3.10/.github/workflows/examples.yml	ok
2026-09-27 14:59:30	C:\Users\lehie\AppData\Local\Temp\aiflow-security-modules-bnyayvbf\archives\github.com_charmbracelet_bubbles@v1.0.0.zip//github.com/charmbracelet/bubbles@v1.0.0/spinner/spinner.go	ok
2026-09-27 14:59:30	C:\Users\lehie\AppData\Local\Temp\aiflow-security-modules-bnyayvbf\archives\github.com_charmbracelet_bubbletea@v1.3.10.zip//github.com/charmbracelet/bubbletea@v1.3.10/.github/workflows/lint-sync.yml	ok
2026-09-27 14:59:30	C:\Users\lehie\AppData\Local\Temp\aiflow-security-modules-bnyayvbf\archives\github.com_charmbracelet_bubbles@v1.0.0.zip//github.com/charmbracelet/bubbles@v1.0.0/spinner/spinner_test.go	ok
2026-09-27 14:59:30	C:\Users\lehie\AppData\Local\Temp\aiflow-security-modules-bnyayvbf\archives\github.com_charmbracelet_bubbletea@v1.3.10.zip//github.com/charmbracelet/bubbletea@v1.3.10/.github/workflows/lint.yml	ok
2026-09-27 14:59:30	C:\Users\lehie\AppData\Local\Temp\aiflow-security-modules-bnyayvbf\archives\github.com_charmbracelet_bubbletea@v1.3.10.zip//github.com/charmbracelet/bubbletea@v1.3.10/.github/workflows/release.yml	ok
2026-09-27 14:59:30	C:\Users\lehie\AppData\Local\Temp\aiflow-security-modules-bnyayvbf\archives\github.com_charmbracelet_bubbles@v1.0.0.zip//github.com/charmbracelet/bubbles@v1.0.0/stopwatch/stopwatch.go	ok
2026-09-27 14:59:30	C:\Users\lehie\AppData\Local\Temp\aiflow-security-modules-bnyayvbf\archives\github.com_charmbracelet_bubbletea@v1.3.10.zip//github.com/charmbracelet/bubbletea@v1.3.10/.gitignore	ok
2026-09-27 14:59:30	C:\Users\lehie\AppData\Local\Temp\aiflow-security-modules-bnyayvbf\archives\github.com_charmbracelet_bubbles@v1.0.0.zip//github.com/charmbracelet/bubbles@v1.0.0/table/table.go	ok
2026-09-27 14:59:30	C:\Users\lehie\AppData\Local\Temp\aiflow-security-modules-bnyayvbf\archives\github.com_charmbracelet_bubbletea@v1.3.10.zip//github.com/charmbracelet/bubbletea@v1.3.10/.golangci.yml	ok
2026-09-27 14:59:30	C:\Users\lehie\AppData\Local\Temp\aiflow-security-modules-bnyayvbf\archives\github.com_charmbracelet_bubbletea@v1.3.10.zip//github.com/charmbracelet/bubbletea@v1.3.10/.goreleaser.yml	ok
2026-09-27 14:59:30	C:\Users\lehie\AppData\Local\Temp\aiflow-security-modules-bnyayvbf\archives\github.com_charmbracelet_bubbles@v1.0.0.zip//github.com/charmbracelet/bubbles@v1.0.0/table/table_test.go	ok
2026-09-27 14:59:30	C:\Users\lehie\AppData\Local\Temp\aiflow-security-modules-bnyayvbf\archives\github.com_charmbracelet_bubbles@v1.0.0.zip//github.com/charmbracelet/bubbles@v1.0.0/table/testdata/TestModel_View/Bordered_cells.golden	ok
2026-09-27 14:59:30	C:\Users\lehie\AppData\Local\Temp\aiflow-security-modules-bnyayvbf\archives\github.com_charmbracelet_bubbletea@v1.3.10.zip//github.com/charmbracelet/bubbletea@v1.3.10/LICENSE	ok
2026-09-27 14:59:30	C:\Users\lehie\AppData\Local\Temp\aiflow-security-modules-bnyayvbf\archives\github.com_charmbracelet_bubbles@v1.0.0.zip//github.com/charmbracelet/bubbles@v1.0.0/table/testdata/TestModel_View/Bordered_headers.golden	ok
2026-09-27 14:59:30	C:\Users\lehie\AppData\Local\Temp\aiflow-security-modules-bnyayvbf\archives\github.com_charmbracelet_bubbles@v1.0.0.zip//github.com/charmbracelet/bubbles@v1.0.0/table/testdata/TestModel_View/Empty.golden	ok
2026-09-27 14:59:30	C:\Users\lehie\AppData\Local\Temp\aiflow-security-modules-bnyayvbf\archives\github.com_charmbracelet_bubbletea@v1.3.10.zip//github.com/charmbracelet/bubbletea@v1.3.10/README.md	ok
2026-09-27 14:59:30	C:\Users\lehie\AppData\Local\Temp\aiflow-security-modules-bnyayvbf\archives\github.com_charmbracelet_bubbles@v1.0.0.zip//github.com/charmbracelet/bubbles@v1.0.0/table/testdata/TestModel_View/Extra_padding.golden	ok
2026-09-27 14:59:30	C:\Users\lehie\AppData\Local\Temp\aiflow-security-modules-bnyayvbf\archives\github.com_charmbracelet_bubbletea@v1.3.10.zip//github.com/charmbracelet/bubbletea@v1.3.10/Taskfile.yaml	ok
2026-09-27 14:59:30	C:\Users\lehie\AppData\Local\Temp\aiflow-security-modules-bnyayvbf\archives\github.com_charmbracelet_bubbles@v1.0.0.zip//github.com/charmbracelet/bubbles@v1.0.0/table/testdata/TestModel_View/Manual_height_greater_than_rows.golden	ok
2026-09-27 14:59:30	C:\Users\lehie\AppData\Local\Temp\aiflow-security-modules-bnyayvbf\archives\github.com_charmbracelet_bubbletea@v1.3.10.zip//github.com/charmbracelet/bubbletea@v1.3.10/commands.go	ok
2026-09-27 14:59:30	C:\Users\lehie\AppData\Local\Temp\aiflow-security-modules-bnyayvbf\archives\github.com_charmbracelet_bubbles@v1.0.0.zip//github.com/charmbracelet/bubbles@v1.0.0/table/testdata/TestModel_View/Manual_height_less_than_rows.golden	ok
2026-09-27 14:59:30	C:\Users\lehie\AppData\Local\Temp\aiflow-security-modules-bnyayvbf\archives\github.com_charmbracelet_bubbles@v1.0.0.zip//github.com/charmbracelet/bubbles@v1.0.0/table/testdata/TestModel_View/Manual_width_greater_than_columns.golden	ok
2026-09-27 14:59:30	C:\Users\lehie\AppData\Local\Temp\aiflow-security-modules-bnyayvbf\archives\github.com_charmbracelet_bubbletea@v1.3.10.zip//github.com/charmbracelet/bubbletea@v1.3.10/commands_test.go	ok
2026-09-27 14:59:30	C:\Users\lehie\AppData\Local\Temp\aiflow-security-modules-bnyayvbf\archives\github.com_charmbracelet_bubbles@v1.0.0.zip//github.com/charmbracelet/bubbles@v1.0.0/table/testdata/TestModel_View/Manual_width_less_than_columns.golden	ok
2026-09-27 14:59:30	C:\Users\lehie\AppData\Local\Temp\aiflow-security-modules-bnyayvbf\archives\github.com_charmbracelet_bubbletea@v1.3.10.zip//github.com/charmbracelet/bubbletea@v1.3.10/exec.go	ok
2026-09-27 14:59:30	C:\Users\lehie\AppData\Local\Temp\aiflow-security-modules-bnyayvbf\archives\github.com_charmbracelet_bubbles@v1.0.0.zip//github.com/charmbracelet/bubbles@v1.0.0/table/testdata/TestModel_View/Modified_viewport_height.golden	ok
2026-09-27 14:59:30	C:\Users\lehie\AppData\Local\Temp\aiflow-security-modules-bnyayvbf\archives\github.com_charmbracelet_bubbletea@v1.3.10.zip//github.com/charmbracelet/bubbletea@v1.3.10/exec_test.go	ok
2026-09-27 14:59:30	C:\Users\lehie\AppData\Local\Temp\aiflow-security-modules-bnyayvbf\archives\github.com_charmbracelet_bubbles@v1.0.0.zip//github.com/charmbracelet/bubbles@v1.0.0/table/testdata/TestModel_View/Multiple_rows_and_columns.golden	ok
2026-09-27 14:59:30	C:\Users\lehie\AppData\Local\Temp\aiflow-security-modules-bnyayvbf\archives\github.com_charmbracelet_bubbletea@v1.3.10.zip//github.com/charmbracelet/bubbletea@v1.3.10/focus.go	ok
2026-09-27 14:59:30	C:\Users\lehie\AppData\Local\Temp\aiflow-security-modules-bnyayvbf\archives\github.com_charmbracelet_bubbles@v1.0.0.zip//github.com/charmbracelet/bubbles@v1.0.0/table/testdata/TestModel_View/No_padding.golden	ok
2026-09-27 14:59:30	C:\Users\lehie\AppData\Local\Temp\aiflow-security-modules-bnyayvbf\archives\github.com_charmbracelet_bubbletea@v1.3.10.zip//github.com/charmbracelet/bubbletea@v1.3.10/go.mod	ok
2026-09-27 14:59:30	C:\Users\lehie\AppData\Local\Temp\aiflow-security-modules-bnyayvbf\archives\github.com_charmbracelet_bubbles@v1.0.0.zip//github.com/charmbracelet/bubbles@v1.0.0/table/testdata/TestModel_View/Single_row_and_column.golden	ok
2026-09-27 14:59:30	C:\Users\lehie\AppData\Local\Temp\aiflow-security-modules-bnyayvbf\archives\github.com_charmbracelet_bubbles@v1.0.0.zip//github.com/charmbracelet/bubbles@v1.0.0/table/testdata/TestModel_View_CenteredInABox.golden	ok
2026-09-27 14:59:30	C:\Users\lehie\AppData\Local\Temp\aiflow-security-modules-bnyayvbf\archives\github.com_charmbracelet_bubbletea@v1.3.10.zip//github.com/charmbracelet/bubbletea@v1.3.10/go.sum	ok
2026-09-27 14:59:30	C:\Users\lehie\AppData\Local\Temp\aiflow-security-modules-bnyayvbf\archives\github.com_charmbracelet_bubbles@v1.0.0.zip//github.com/charmbracelet/bubbles@v1.0.0/table/testdata/TestTableAlignment/No_border.golden	ok
2026-09-27 14:59:30	C:\Users\lehie\AppData\Local\Temp\aiflow-security-modules-bnyayvbf\archives\github.com_charmbracelet_bubbletea@v1.3.10.zip//github.com/charmbracelet/bubbletea@v1.3.10/inputreader_other.go	ok
2026-09-27 14:59:30	C:\Users\lehie\AppData\Local\Temp\aiflow-security-modules-bnyayvbf\archives\github.com_charmbracelet_bubbles@v1.0.0.zip//github.com/charmbracelet/bubbles@v1.0.0/table/testdata/TestTableAlignment/With_border.golden	ok
2026-09-27 14:59:30	C:\Users\lehie\AppData\Local\Temp\aiflow-security-modules-bnyayvbf\archives\github.com_charmbracelet_bubbletea@v1.3.10.zip//github.com/charmbracelet/bubbletea@v1.3.10/inputreader_windows.go	ok
2026-09-27 14:59:30	C:\Users\lehie\AppData\Local\Temp\aiflow-security-modules-bnyayvbf\archives\github.com_charmbracelet_bubbles@v1.0.0.zip//github.com/charmbracelet/bubbles@v1.0.0/textarea/memoization/memoization.go	ok
2026-09-27 14:59:30	C:\Users\lehie\AppData\Local\Temp\aiflow-security-modules-bnyayvbf\archives\github.com_charmbracelet_bubbletea@v1.3.10.zip//github.com/charmbracelet/bubbletea@v1.3.10/key.go	ok
2026-09-27 14:59:30	C:\Users\lehie\AppData\Local\Temp\aiflow-security-modules-bnyayvbf\archives\github.com_charmbracelet_bubbles@v1.0.0.zip//github.com/charmbracelet/bubbles@v1.0.0/textarea/memoization/memoization_test.go	ok
2026-09-27 14:59:30	C:\Users\lehie\AppData\Local\Temp\aiflow-security-modules-bnyayvbf\archives\github.com_charmbracelet_bubbletea@v1.3.10.zip//github.com/charmbracelet/bubbletea@v1.3.10/key_other.go	ok
2026-09-27 14:59:30	C:\Users\lehie\AppData\Local\Temp\aiflow-security-modules-bnyayvbf\archives\github.com_charmbracelet_bubbletea@v1.3.10.zip//github.com/charmbracelet/bubbletea@v1.3.10/key_sequences.go	ok
2026-09-27 14:59:30	C:\Users\lehie\AppData\Local\Temp\aiflow-security-modules-bnyayvbf\archives\github.com_charmbracelet_bubbles@v1.0.0.zip//github.com/charmbracelet/bubbles@v1.0.0/textarea/textarea.go	ok
2026-09-27 14:59:30	C:\Users\lehie\AppData\Local\Temp\aiflow-security-modules-bnyayvbf\archives\github.com_charmbracelet_bubbletea@v1.3.10.zip//github.com/charmbracelet/bubbletea@v1.3.10/key_test.go	ok
2026-09-27 14:59:30	C:\Users\lehie\AppData\Local\Temp\aiflow-security-modules-bnyayvbf\archives\github.com_charmbracelet_bubbles@v1.0.0.zip//github.com/charmbracelet/bubbles@v1.0.0/textarea/textarea_test.go	ok
2026-09-27 14:59:30	C:\Users\lehie\AppData\Local\Temp\aiflow-security-modules-bnyayvbf\archives\github.com_charmbracelet_bubbletea@v1.3.10.zip//github.com/charmbracelet/bubbletea@v1.3.10/key_windows.go	ok
2026-09-27 14:59:30	C:\Users\lehie\AppData\Local\Temp\aiflow-security-modules-bnyayvbf\archives\github.com_charmbracelet_bubbles@v1.0.0.zip//github.com/charmbracelet/bubbles@v1.0.0/textinput/textinput.go	ok
2026-09-27 14:59:30	C:\Users\lehie\AppData\Local\Temp\aiflow-security-modules-bnyayvbf\archives\github.com_charmbracelet_bubbletea@v1.3.10.zip//github.com/charmbracelet/bubbletea@v1.3.10/logging.go	ok
2026-09-27 14:59:30	C:\Users\lehie\AppData\Local\Temp\aiflow-security-modules-bnyayvbf\archives\github.com_charmbracelet_bubbletea@v1.3.10.zip//github.com/charmbracelet/bubbletea@v1.3.10/logging_test.go	ok
2026-09-27 14:59:30	C:\Users\lehie\AppData\Local\Temp\aiflow-security-modules-bnyayvbf\archives\github.com_charmbracelet_bubbles@v1.0.0.zip//github.com/charmbracelet/bubbles@v1.0.0/textinput/textinput_test.go	ok
2026-09-27 14:59:31	C:\Users\lehie\AppData\Local\Temp\aiflow-security-modules-bnyayvbf\archives\github.com_charmbracelet_bubbletea@v1.3.10.zip//github.com/charmbracelet/bubbletea@v1.3.10/mouse.go	ok
2026-09-27 14:59:31	C:\Users\lehie\AppData\Local\Temp\aiflow-security-modules-bnyayvbf\archives\github.com_charmbracelet_bubbles@v1.0.0.zip//github.com/charmbracelet/bubbles@v1.0.0/timer/timer.go	ok
2026-09-27 14:59:31	C:\Users\lehie\AppData\Local\Temp\aiflow-security-modules-bnyayvbf\archives\github.com_charmbracelet_bubbles@v1.0.0.zip//github.com/charmbracelet/bubbles@v1.0.0/viewport/keymap.go	ok
2026-09-27 14:59:31	C:\Users\lehie\AppData\Local\Temp\aiflow-security-modules-bnyayvbf\archives\github.com_charmbracelet_bubbletea@v1.3.10.zip//github.com/charmbracelet/bubbletea@v1.3.10/mouse_test.go	ok
2026-09-27 14:59:31	C:\Users\lehie\AppData\Local\Temp\aiflow-security-modules-bnyayvbf\archives\github.com_charmbracelet_bubbletea@v1.3.10.zip//github.com/charmbracelet/bubbletea@v1.3.10/nil_renderer.go	ok
2026-09-27 14:59:31	C:\Users\lehie\AppData\Local\Temp\aiflow-security-modules-bnyayvbf\archives\github.com_charmbracelet_bubbles@v1.0.0.zip//github.com/charmbracelet/bubbles@v1.0.0/viewport/viewport.go	ok
2026-09-27 14:59:31	C:\Users\lehie\AppData\Local\Temp\aiflow-security-modules-bnyayvbf\archives\github.com_charmbracelet_bubbletea@v1.3.10.zip//github.com/charmbracelet/bubbletea@v1.3.10/nil_renderer_test.go	ok
2026-09-27 14:59:31	C:\Users\lehie\AppData\Local\Temp\aiflow-security-modules-bnyayvbf\archives\github.com_charmbracelet_bubbles@v1.0.0.zip//github.com/charmbracelet/bubbles@v1.0.0/viewport/viewport_test.go	ok
2026-09-27 14:59:31	C:\Users\lehie\AppData\Local\Temp\aiflow-security-modules-bnyayvbf\archives\github.com_charmbracelet_bubbles@v1.0.0.zip	ok
2026-09-27 14:59:31	C:\Users\lehie\AppData\Local\Temp\aiflow-security-modules-bnyayvbf\archives\github.com_charmbracelet_bubbletea@v1.3.10.zip//github.com/charmbracelet/bubbletea@v1.3.10/options.go	ok
2026-09-27 14:59:31 	C:\Users\lehie\AppData\Local\Temp\aiflow-security-modules-bnyayvbf\archives\github.com_charmbracelet_colorprofile@v0.4.1.zip	archive	ZIP
2026-09-27 14:59:31	C:\Users\lehie\AppData\Local\Temp\aiflow-security-modules-bnyayvbf\archives\github.com_charmbracelet_colorprofile@v0.4.1.zip//github.com/charmbracelet/colorprofile@v0.4.1/.github/CODEOWNERS	ok
2026-09-27 14:59:31	C:\Users\lehie\AppData\Local\Temp\aiflow-security-modules-bnyayvbf\archives\github.com_charmbracelet_bubbletea@v1.3.10.zip//github.com/charmbracelet/bubbletea@v1.3.10/options_test.go	ok
2026-09-27 14:59:31	C:\Users\lehie\AppData\Local\Temp\aiflow-security-modules-bnyayvbf\archives\github.com_charmbracelet_colorprofile@v0.4.1.zip//github.com/charmbracelet/colorprofile@v0.4.1/.github/ISSUE_TEMPLATE/bug.yml	ok
2026-09-27 14:59:31	C:\Users\lehie\AppData\Local\Temp\aiflow-security-modules-bnyayvbf\archives\github.com_charmbracelet_bubbletea@v1.3.10.zip//github.com/charmbracelet/bubbletea@v1.3.10/renderer.go	ok
2026-09-27 14:59:31	C:\Users\lehie\AppData\Local\Temp\aiflow-security-modules-bnyayvbf\archives\github.com_charmbracelet_colorprofile@v0.4.1.zip//github.com/charmbracelet/colorprofile@v0.4.1/.github/ISSUE_TEMPLATE/bug_report.md	ok
2026-09-27 14:59:31	C:\Users\lehie\AppData\Local\Temp\aiflow-security-modules-bnyayvbf\archives\github.com_charmbracelet_bubbletea@v1.3.10.zip//github.com/charmbracelet/bubbletea@v1.3.10/screen.go	ok
2026-09-27 14:59:31	C:\Users\lehie\AppData\Local\Temp\aiflow-security-modules-bnyayvbf\archives\github.com_charmbracelet_colorprofile@v0.4.1.zip//github.com/charmbracelet/colorprofile@v0.4.1/.github/ISSUE_TEMPLATE/config.yml	ok
2026-09-27 14:59:31	C:\Users\lehie\AppData\Local\Temp\aiflow-security-modules-bnyayvbf\archives\github.com_charmbracelet_bubbletea@v1.3.10.zip//github.com/charmbracelet/bubbletea@v1.3.10/screen_test.go	ok
2026-09-27 14:59:31	C:\Users\lehie\AppData\Local\Temp\aiflow-security-modules-bnyayvbf\archives\github.com_charmbracelet_colorprofile@v0.4.1.zip//github.com/charmbracelet/colorprofile@v0.4.1/.github/ISSUE_TEMPLATE/feature_request.md	ok
2026-09-27 14:59:31	C:\Users\lehie\AppData\Local\Temp\aiflow-security-modules-bnyayvbf\archives\github.com_charmbracelet_bubbletea@v1.3.10.zip//github.com/charmbracelet/bubbletea@v1.3.10/signals_unix.go	ok
2026-09-27 14:59:31	C:\Users\lehie\AppData\Local\Temp\aiflow-security-modules-bnyayvbf\archives\github.com_charmbracelet_colorprofile@v0.4.1.zip//github.com/charmbracelet/colorprofile@v0.4.1/.github/dependabot.yml	ok
2026-09-27 14:59:31	C:\Users\lehie\AppData\Local\Temp\aiflow-security-modules-bnyayvbf\archives\github.com_charmbracelet_bubbletea@v1.3.10.zip//github.com/charmbracelet/bubbletea@v1.3.10/signals_windows.go	ok
2026-09-27 14:59:31	C:\Users\lehie\AppData\Local\Temp\aiflow-security-modules-bnyayvbf\archives\github.com_charmbracelet_colorprofile@v0.4.1.zip//github.com/charmbracelet/colorprofile@v0.4.1/.github/workflows/build.yml	ok
2026-09-27 14:59:31	C:\Users\lehie\AppData\Local\Temp\aiflow-security-modules-bnyayvbf\archives\github.com_charmbracelet_colorprofile@v0.4.1.zip//github.com/charmbracelet/colorprofile@v0.4.1/.github/workflows/coverage.yml	ok
2026-09-27 14:59:31	C:\Users\lehie\AppData\Local\Temp\aiflow-security-modules-bnyayvbf\archives\github.com_charmbracelet_bubbletea@v1.3.10.zip//github.com/charmbracelet/bubbletea@v1.3.10/standard_renderer.go	ok
2026-09-27 14:59:31	C:\Users\lehie\AppData\Local\Temp\aiflow-security-modules-bnyayvbf\archives\github.com_charmbracelet_colorprofile@v0.4.1.zip//github.com/charmbracelet/colorprofile@v0.4.1/.github/workflows/dependabot-sync.yml	ok
2026-09-27 14:59:31	C:\Users\lehie\AppData\Local\Temp\aiflow-security-modules-bnyayvbf\archives\github.com_charmbracelet_colorprofile@v0.4.1.zip//github.com/charmbracelet/colorprofile@v0.4.1/.github/workflows/lint-sync.yml	ok
2026-09-27 14:59:31	C:\Users\lehie\AppData\Local\Temp\aiflow-security-modules-bnyayvbf\archives\github.com_charmbracelet_colorprofile@v0.4.1.zip//github.com/charmbracelet/colorprofile@v0.4.1/.github/workflows/lint.yml	ok
2026-09-27 14:59:31	C:\Users\lehie\AppData\Local\Temp\aiflow-security-modules-bnyayvbf\archives\github.com_charmbracelet_bubbletea@v1.3.10.zip//github.com/charmbracelet/bubbletea@v1.3.10/tea.go	ok
2026-09-27 14:59:31	C:\Users\lehie\AppData\Local\Temp\aiflow-security-modules-bnyayvbf\archives\github.com_charmbracelet_colorprofile@v0.4.1.zip//github.com/charmbracelet/colorprofile@v0.4.1/.github/workflows/release.yml	ok
2026-09-27 14:59:31	C:\Users\lehie\AppData\Local\Temp\aiflow-security-modules-bnyayvbf\archives\github.com_charmbracelet_bubbletea@v1.3.10.zip//github.com/charmbracelet/bubbletea@v1.3.10/tea_init.go	ok
2026-09-27 14:59:31	C:\Users\lehie\AppData\Local\Temp\aiflow-security-modules-bnyayvbf\archives\github.com_charmbracelet_colorprofile@v0.4.1.zip//github.com/charmbracelet/colorprofile@v0.4.1/.golangci.yml	ok
2026-09-27 14:59:31	C:\Users\lehie\AppData\Local\Temp\aiflow-security-modules-bnyayvbf\archives\github.com_charmbracelet_bubbletea@v1.3.10.zip//github.com/charmbracelet/bubbletea@v1.3.10/tea_test.go	ok
2026-09-27 14:59:31	C:\Users\lehie\AppData\Local\Temp\aiflow-security-modules-bnyayvbf\archives\github.com_charmbracelet_colorprofile@v0.4.1.zip//github.com/charmbracelet/colorprofile@v0.4.1/.goreleaser.yml	ok
2026-09-27 14:59:31	C:\Users\lehie\AppData\Local\Temp\aiflow-security-modules-bnyayvbf\archives\github.com_charmbracelet_bubbletea@v1.3.10.zip//github.com/charmbracelet/bubbletea@v1.3.10/tty.go	ok
2026-09-27 14:59:31	C:\Users\lehie\AppData\Local\Temp\aiflow-security-modules-bnyayvbf\archives\github.com_charmbracelet_colorprofile@v0.4.1.zip//github.com/charmbracelet/colorprofile@v0.4.1/LICENSE	ok
2026-09-27 14:59:31	C:\Users\lehie\AppData\Local\Temp\aiflow-security-modules-bnyayvbf\archives\github.com_charmbracelet_bubbletea@v1.3.10.zip//github.com/charmbracelet/bubbletea@v1.3.10/tty_unix.go	ok
2026-09-27 14:59:31	C:\Users\lehie\AppData\Local\Temp\aiflow-security-modules-bnyayvbf\archives\github.com_charmbracelet_colorprofile@v0.4.1.zip//github.com/charmbracelet/colorprofile@v0.4.1/README.md	ok
2026-09-27 14:59:31	C:\Users\lehie\AppData\Local\Temp\aiflow-security-modules-bnyayvbf\archives\github.com_charmbracelet_bubbletea@v1.3.10.zip//github.com/charmbracelet/bubbletea@v1.3.10/tty_windows.go	ok
2026-09-27 14:59:31	C:\Users\lehie\AppData\Local\Temp\aiflow-security-modules-bnyayvbf\archives\github.com_charmbracelet_colorprofile@v0.4.1.zip//github.com/charmbracelet/colorprofile@v0.4.1/doc.go	ok
2026-09-27 14:59:31	C:\Users\lehie\AppData\Local\Temp\aiflow-security-modules-bnyayvbf\archives\github.com_charmbracelet_bubbletea@v1.3.10.zip	ok
2026-09-27 14:59:31 	C:\Users\lehie\AppData\Local\Temp\aiflow-security-modules-bnyayvbf\archives\github.com_charmbracelet_lipgloss@v1.1.0.zip	archive	ZIP
2026-09-27 14:59:31	C:\Users\lehie\AppData\Local\Temp\aiflow-security-modules-bnyayvbf\archives\github.com_charmbracelet_colorprofile@v0.4.1.zip//github.com/charmbracelet/colorprofile@v0.4.1/env.go	ok
2026-09-27 14:59:31	C:\Users\lehie\AppData\Local\Temp\aiflow-security-modules-bnyayvbf\archives\github.com_charmbracelet_lipgloss@v1.1.0.zip//github.com/charmbracelet/lipgloss@v1.1.0/.github/CODEOWNERS	ok
2026-09-27 14:59:31	C:\Users\lehie\AppData\Local\Temp\aiflow-security-modules-bnyayvbf\archives\github.com_charmbracelet_colorprofile@v0.4.1.zip//github.com/charmbracelet/colorprofile@v0.4.1/env_other.go	ok
2026-09-27 14:59:31	C:\Users\lehie\AppData\Local\Temp\aiflow-security-modules-bnyayvbf\archives\github.com_charmbracelet_lipgloss@v1.1.0.zip//github.com/charmbracelet/lipgloss@v1.1.0/.github/ISSUE_TEMPLATE/bug_report.md	ok
2026-09-27 14:59:31	C:\Users\lehie\AppData\Local\Temp\aiflow-security-modules-bnyayvbf\archives\github.com_charmbracelet_colorprofile@v0.4.1.zip//github.com/charmbracelet/colorprofile@v0.4.1/env_test.go	ok
2026-09-27 14:59:31	C:\Users\lehie\AppData\Local\Temp\aiflow-security-modules-bnyayvbf\archives\github.com_charmbracelet_lipgloss@v1.1.0.zip//github.com/charmbracelet/lipgloss@v1.1.0/.github/ISSUE_TEMPLATE/config.yml	ok
2026-09-27 14:59:31	C:\Users\lehie\AppData\Local\Temp\aiflow-security-modules-bnyayvbf\archives\github.com_charmbracelet_colorprofile@v0.4.1.zip//github.com/charmbracelet/colorprofile@v0.4.1/env_windows.go	ok
2026-09-27 14:59:31	C:\Users\lehie\AppData\Local\Temp\aiflow-security-modules-bnyayvbf\archives\github.com_charmbracelet_lipgloss@v1.1.0.zip//github.com/charmbracelet/lipgloss@v1.1.0/.github/ISSUE_TEMPLATE/feature_request.md	ok
2026-09-27 14:59:31	C:\Users\lehie\AppData\Local\Temp\aiflow-security-modules-bnyayvbf\archives\github.com_charmbracelet_colorprofile@v0.4.1.zip//github.com/charmbracelet/colorprofile@v0.4.1/go.mod	ok
2026-09-27 14:59:31	C:\Users\lehie\AppData\Local\Temp\aiflow-security-modules-bnyayvbf\archives\github.com_charmbracelet_lipgloss@v1.1.0.zip//github.com/charmbracelet/lipgloss@v1.1.0/.github/dependabot.yml	ok
2026-09-27 14:59:31	C:\Users\lehie\AppData\Local\Temp\aiflow-security-modules-bnyayvbf\archives\github.com_charmbracelet_lipgloss@v1.1.0.zip//github.com/charmbracelet/lipgloss@v1.1.0/.github/workflows/build.yml	ok
2026-09-27 14:59:31	C:\Users\lehie\AppData\Local\Temp\aiflow-security-modules-bnyayvbf\archives\github.com_charmbracelet_colorprofile@v0.4.1.zip//github.com/charmbracelet/colorprofile@v0.4.1/go.sum	ok
2026-09-27 14:59:31	C:\Users\lehie\AppData\Local\Temp\aiflow-security-modules-bnyayvbf\archives\github.com_charmbracelet_lipgloss@v1.1.0.zip//github.com/charmbracelet/lipgloss@v1.1.0/.github/workflows/coverage.yml	ok
2026-09-27 14:59:31	C:\Users\lehie\AppData\Local\Temp\aiflow-security-modules-bnyayvbf\archives\github.com_charmbracelet_colorprofile@v0.4.1.zip//github.com/charmbracelet/colorprofile@v0.4.1/profile.go	ok
2026-09-27 14:59:31	C:\Users\lehie\AppData\Local\Temp\aiflow-security-modules-bnyayvbf\archives\github.com_charmbracelet_lipgloss@v1.1.0.zip//github.com/charmbracelet/lipgloss@v1.1.0/.github/workflows/dependabot-sync.yml	ok
2026-09-27 14:59:31	C:\Users\lehie\AppData\Local\Temp\aiflow-security-modules-bnyayvbf\archives\github.com_charmbracelet_colorprofile@v0.4.1.zip//github.com/charmbracelet/colorprofile@v0.4.1/profile_test.go	ok
2026-09-27 14:59:31	C:\Users\lehie\AppData\Local\Temp\aiflow-security-modules-bnyayvbf\archives\github.com_charmbracelet_lipgloss@v1.1.0.zip//github.com/charmbracelet/lipgloss@v1.1.0/.github/workflows/lint-sync.yml	ok
2026-09-27 14:59:31	C:\Users\lehie\AppData\Local\Temp\aiflow-security-modules-bnyayvbf\archives\github.com_charmbracelet_colorprofile@v0.4.1.zip//github.com/charmbracelet/colorprofile@v0.4.1/writer.go	ok
2026-09-27 14:59:31	C:\Users\lehie\AppData\Local\Temp\aiflow-security-modules-bnyayvbf\archives\github.com_charmbracelet_lipgloss@v1.1.0.zip//github.com/charmbracelet/lipgloss@v1.1.0/.github/workflows/lint.yml	ok
2026-09-27 14:59:31	C:\Users\lehie\AppData\Local\Temp\aiflow-security-modules-bnyayvbf\archives\github.com_charmbracelet_colorprofile@v0.4.1.zip//github.com/charmbracelet/colorprofile@v0.4.1/writer_test.go	ok
2026-09-27 14:59:31	C:\Users\lehie\AppData\Local\Temp\aiflow-security-modules-bnyayvbf\archives\github.com_charmbracelet_lipgloss@v1.1.0.zip//github.com/charmbracelet/lipgloss@v1.1.0/.github/workflows/release.yml	ok
2026-09-27 14:59:31	C:\Users\lehie\AppData\Local\Temp\aiflow-security-modules-bnyayvbf\archives\github.com_charmbracelet_colorprofile@v0.4.1.zip	ok
2026-09-27 14:59:31	C:\Users\lehie\AppData\Local\Temp\aiflow-security-modules-bnyayvbf\archives\github.com_charmbracelet_lipgloss@v1.1.0.zip//github.com/charmbracelet/lipgloss@v1.1.0/.gitignore	ok
2026-09-27 14:59:31 	C:\Users\lehie\AppData\Local\Temp\aiflow-security-modules-bnyayvbf\archives\github.com_charmbracelet_x_ansi@v0.11.8.zip	archive	ZIP
2026-09-27 14:59:31	C:\Users\lehie\AppData\Local\Temp\aiflow-security-modules-bnyayvbf\archives\github.com_charmbracelet_lipgloss@v1.1.0.zip//github.com/charmbracelet/lipgloss@v1.1.0/.golangci.yml	ok
2026-09-27 14:59:31	C:\Users\lehie\AppData\Local\Temp\aiflow-security-modules-bnyayvbf\archives\github.com_charmbracelet_x_ansi@v0.11.8.zip//github.com/charmbracelet/x/ansi@v0.11.8/ansi.go	ok
2026-09-27 14:59:31	C:\Users\lehie\AppData\Local\Temp\aiflow-security-modules-bnyayvbf\archives\github.com_charmbracelet_lipgloss@v1.1.0.zip//github.com/charmbracelet/lipgloss@v1.1.0/.goreleaser.yml	ok
2026-09-27 14:59:31	C:\Users\lehie\AppData\Local\Temp\aiflow-security-modules-bnyayvbf\archives\github.com_charmbracelet_x_ansi@v0.11.8.zip//github.com/charmbracelet/x/ansi@v0.11.8/ascii.go	ok
2026-09-27 14:59:31	C:\Users\lehie\AppData\Local\Temp\aiflow-security-modules-bnyayvbf\archives\github.com_charmbracelet_lipgloss@v1.1.0.zip//github.com/charmbracelet/lipgloss@v1.1.0/.vscode/settings.json	ok
2026-09-27 14:59:31	C:\Users\lehie\AppData\Local\Temp\aiflow-security-modules-bnyayvbf\archives\github.com_charmbracelet_x_ansi@v0.11.8.zip//github.com/charmbracelet/x/ansi@v0.11.8/background.go	ok
2026-09-27 14:59:31	C:\Users\lehie\AppData\Local\Temp\aiflow-security-modules-bnyayvbf\archives\github.com_charmbracelet_lipgloss@v1.1.0.zip//github.com/charmbracelet/lipgloss@v1.1.0/LICENSE	ok
2026-09-27 14:59:31	C:\Users\lehie\AppData\Local\Temp\aiflow-security-modules-bnyayvbf\archives\github.com_charmbracelet_x_ansi@v0.11.8.zip//github.com/charmbracelet/x/ansi@v0.11.8/background_test.go	ok
2026-09-27 14:59:31	C:\Users\lehie\AppData\Local\Temp\aiflow-security-modules-bnyayvbf\archives\github.com_charmbracelet_x_ansi@v0.11.8.zip//github.com/charmbracelet/x/ansi@v0.11.8/c0.go	ok
2026-09-27 14:59:31	C:\Users\lehie\AppData\Local\Temp\aiflow-security-modules-bnyayvbf\archives\github.com_charmbracelet_lipgloss@v1.1.0.zip//github.com/charmbracelet/lipgloss@v1.1.0/README.md	ok
2026-09-27 14:59:31	C:\Users\lehie\AppData\Local\Temp\aiflow-security-modules-bnyayvbf\archives\github.com_charmbracelet_x_ansi@v0.11.8.zip//github.com/charmbracelet/x/ansi@v0.11.8/c1.go	ok
2026-09-27 14:59:31	C:\Users\lehie\AppData\Local\Temp\aiflow-security-modules-bnyayvbf\archives\github.com_charmbracelet_lipgloss@v1.1.0.zip//github.com/charmbracelet/lipgloss@v1.1.0/Taskfile.yaml	ok
2026-09-27 14:59:31	C:\Users\lehie\AppData\Local\Temp\aiflow-security-modules-bnyayvbf\archives\github.com_charmbracelet_x_ansi@v0.11.8.zip//github.com/charmbracelet/x/ansi@v0.11.8/charset.go	ok
2026-09-27 14:59:31	C:\Users\lehie\AppData\Local\Temp\aiflow-security-modules-bnyayvbf\archives\github.com_charmbracelet_lipgloss@v1.1.0.zip//github.com/charmbracelet/lipgloss@v1.1.0/align.go	ok
2026-09-27 14:59:31	C:\Users\lehie\AppData\Local\Temp\aiflow-security-modules-bnyayvbf\archives\github.com_charmbracelet_lipgloss@v1.1.0.zip//github.com/charmbracelet/lipgloss@v1.1.0/align_test.go	ok
2026-09-27 14:59:31	C:\Users\lehie\AppData\Local\Temp\aiflow-security-modules-bnyayvbf\archives\github.com_charmbracelet_x_ansi@v0.11.8.zip//github.com/charmbracelet/x/ansi@v0.11.8/clipboard.go	ok
2026-09-27 14:59:31	C:\Users\lehie\AppData\Local\Temp\aiflow-security-modules-bnyayvbf\archives\github.com_charmbracelet_lipgloss@v1.1.0.zip//github.com/charmbracelet/lipgloss@v1.1.0/ansi_unix.go	ok
2026-09-27 14:59:31	C:\Users\lehie\AppData\Local\Temp\aiflow-security-modules-bnyayvbf\archives\github.com_charmbracelet_x_ansi@v0.11.8.zip//github.com/charmbracelet/x/ansi@v0.11.8/clipboard_test.go	ok
2026-09-27 14:59:31	C:\Users\lehie\AppData\Local\Temp\aiflow-security-modules-bnyayvbf\archives\github.com_charmbracelet_lipgloss@v1.1.0.zip//github.com/charmbracelet/lipgloss@v1.1.0/ansi_windows.go	ok
2026-09-27 14:59:31	C:\Users\lehie\AppData\Local\Temp\aiflow-security-modules-bnyayvbf\archives\github.com_charmbracelet_x_ansi@v0.11.8.zip//github.com/charmbracelet/x/ansi@v0.11.8/color.go	ok
2026-09-27 14:59:31	C:\Users\lehie\AppData\Local\Temp\aiflow-security-modules-bnyayvbf\archives\github.com_charmbracelet_lipgloss@v1.1.0.zip//github.com/charmbracelet/lipgloss@v1.1.0/borders.go	ok
2026-09-27 14:59:31	C:\Users\lehie\AppData\Local\Temp\aiflow-security-modules-bnyayvbf\archives\github.com_charmbracelet_x_ansi@v0.11.8.zip//github.com/charmbracelet/x/ansi@v0.11.8/color_test.go	ok
2026-09-27 14:59:31	C:\Users\lehie\AppData\Local\Temp\aiflow-security-modules-bnyayvbf\archives\github.com_charmbracelet_lipgloss@v1.1.0.zip//github.com/charmbracelet/lipgloss@v1.1.0/borders_test.go	ok
2026-09-27 14:59:31	C:\Users\lehie\AppData\Local\Temp\aiflow-security-modules-bnyayvbf\archives\github.com_charmbracelet_x_ansi@v0.11.8.zip//github.com/charmbracelet/x/ansi@v0.11.8/ctrl.go	ok
2026-09-27 14:59:31	C:\Users\lehie\AppData\Local\Temp\aiflow-security-modules-bnyayvbf\archives\github.com_charmbracelet_lipgloss@v1.1.0.zip//github.com/charmbracelet/lipgloss@v1.1.0/color.go	ok
2026-09-27 14:59:31	C:\Users\lehie\AppData\Local\Temp\aiflow-security-modules-bnyayvbf\archives\github.com_charmbracelet_x_ansi@v0.11.8.zip//github.com/charmbracelet/x/ansi@v0.11.8/cursor.go	ok
2026-09-27 14:59:31	C:\Users\lehie\AppData\Local\Temp\aiflow-security-modules-bnyayvbf\archives\github.com_charmbracelet_lipgloss@v1.1.0.zip//github.com/charmbracelet/lipgloss@v1.1.0/color_test.go	ok
2026-09-27 14:59:31	C:\Users\lehie\AppData\Local\Temp\aiflow-security-modules-bnyayvbf\archives\github.com_charmbracelet_x_ansi@v0.11.8.zip//github.com/charmbracelet/x/ansi@v0.11.8/cwd.go	ok
2026-09-27 14:59:31	C:\Users\lehie\AppData\Local\Temp\aiflow-security-modules-bnyayvbf\archives\github.com_charmbracelet_x_ansi@v0.11.8.zip//github.com/charmbracelet/x/ansi@v0.11.8/cwd_test.go	ok
2026-09-27 14:59:31	C:\Users\lehie\AppData\Local\Temp\aiflow-security-modules-bnyayvbf\archives\github.com_charmbracelet_lipgloss@v1.1.0.zip//github.com/charmbracelet/lipgloss@v1.1.0/get.go	ok
2026-09-27 14:59:31	C:\Users\lehie\AppData\Local\Temp\aiflow-security-modules-bnyayvbf\archives\github.com_charmbracelet_x_ansi@v0.11.8.zip//github.com/charmbracelet/x/ansi@v0.11.8/doc.go	ok
2026-09-27 14:59:31	C:\Users\lehie\AppData\Local\Temp\aiflow-security-modules-bnyayvbf\archives\github.com_charmbracelet_lipgloss@v1.1.0.zip//github.com/charmbracelet/lipgloss@v1.1.0/go.mod	ok
2026-09-27 14:59:31	C:\Users\lehie\AppData\Local\Temp\aiflow-security-modules-bnyayvbf\archives\github.com_charmbracelet_x_ansi@v0.11.8.zip//github.com/charmbracelet/x/ansi@v0.11.8/finalterm.go	ok
2026-09-27 14:59:31	C:\Users\lehie\AppData\Local\Temp\aiflow-security-modules-bnyayvbf\archives\github.com_charmbracelet_lipgloss@v1.1.0.zip//github.com/charmbracelet/lipgloss@v1.1.0/go.sum	ok
2026-09-27 14:59:31	C:\Users\lehie\AppData\Local\Temp\aiflow-security-modules-bnyayvbf\archives\github.com_charmbracelet_x_ansi@v0.11.8.zip//github.com/charmbracelet/x/ansi@v0.11.8/fixtures/UTF-8-demo.txt	ok
2026-09-27 14:59:31	C:\Users\lehie\AppData\Local\Temp\aiflow-security-modules-bnyayvbf\archives\github.com_charmbracelet_lipgloss@v1.1.0.zip//github.com/charmbracelet/lipgloss@v1.1.0/join.go	ok
2026-09-27 14:59:31	C:\Users\lehie\AppData\Local\Temp\aiflow-security-modules-bnyayvbf\archives\github.com_charmbracelet_x_ansi@v0.11.8.zip//github.com/charmbracelet/x/ansi@v0.11.8/fixtures/demo.vte	ok
2026-09-27 14:59:31	C:\Users\lehie\AppData\Local\Temp\aiflow-security-modules-bnyayvbf\archives\github.com_charmbracelet_lipgloss@v1.1.0.zip//github.com/charmbracelet/lipgloss@v1.1.0/join_test.go	ok
2026-09-27 14:59:31	C:\Users\lehie\AppData\Local\Temp\aiflow-security-modules-bnyayvbf\archives\github.com_charmbracelet_x_ansi@v0.11.8.zip//github.com/charmbracelet/x/ansi@v0.11.8/focus.go	ok
2026-09-27 14:59:31	C:\Users\lehie\AppData\Local\Temp\aiflow-security-modules-bnyayvbf\archives\github.com_charmbracelet_lipgloss@v1.1.0.zip//github.com/charmbracelet/lipgloss@v1.1.0/list/enumerator.go	ok
2026-09-27 14:59:31	C:\Users\lehie\AppData\Local\Temp\aiflow-security-modules-bnyayvbf\archives\github.com_charmbracelet_x_ansi@v0.11.8.zip//github.com/charmbracelet/x/ansi@v0.11.8/gen.go	ok
2026-09-27 14:59:31	C:\Users\lehie\AppData\Local\Temp\aiflow-security-modules-bnyayvbf\archives\github.com_charmbracelet_lipgloss@v1.1.0.zip//github.com/charmbracelet/lipgloss@v1.1.0/list/list.go	ok
2026-09-27 14:59:31	C:\Users\lehie\AppData\Local\Temp\aiflow-security-modules-bnyayvbf\archives\github.com_charmbracelet_x_ansi@v0.11.8.zip//github.com/charmbracelet/x/ansi@v0.11.8/go.mod	ok
2026-09-27 14:59:31	C:\Users\lehie\AppData\Local\Temp\aiflow-security-modules-bnyayvbf\archives\github.com_charmbracelet_lipgloss@v1.1.0.zip//github.com/charmbracelet/lipgloss@v1.1.0/list/list_test.go	ok
2026-09-27 14:59:31	C:\Users\lehie\AppData\Local\Temp\aiflow-security-modules-bnyayvbf\archives\github.com_charmbracelet_x_ansi@v0.11.8.zip//github.com/charmbracelet/x/ansi@v0.11.8/go.sum	ok
2026-09-27 14:59:31	C:\Users\lehie\AppData\Local\Temp\aiflow-security-modules-bnyayvbf\archives\github.com_charmbracelet_x_ansi@v0.11.8.zip//github.com/charmbracelet/x/ansi@v0.11.8/graphics.go	ok
2026-09-27 14:59:31	C:\Users\lehie\AppData\Local\Temp\aiflow-security-modules-bnyayvbf\archives\github.com_charmbracelet_lipgloss@v1.1.0.zip//github.com/charmbracelet/lipgloss@v1.1.0/position.go	ok
2026-09-27 14:59:31	C:\Users\lehie\AppData\Local\Temp\aiflow-security-modules-bnyayvbf\archives\github.com_charmbracelet_x_ansi@v0.11.8.zip//github.com/charmbracelet/x/ansi@v0.11.8/graphics_test.go	ok
2026-09-27 14:59:31	C:\Users\lehie\AppData\Local\Temp\aiflow-security-modules-bnyayvbf\archives\github.com_charmbracelet_lipgloss@v1.1.0.zip//github.com/charmbracelet/lipgloss@v1.1.0/ranges.go	ok
2026-09-27 14:59:31	C:\Users\lehie\AppData\Local\Temp\aiflow-security-modules-bnyayvbf\archives\github.com_charmbracelet_x_ansi@v0.11.8.zip//github.com/charmbracelet/x/ansi@v0.11.8/hyperlink.go	ok
2026-09-27 14:59:31	C:\Users\lehie\AppData\Local\Temp\aiflow-security-modules-bnyayvbf\archives\github.com_charmbracelet_lipgloss@v1.1.0.zip//github.com/charmbracelet/lipgloss@v1.1.0/ranges_test.go	ok
2026-09-27 14:59:31	C:\Users\lehie\AppData\Local\Temp\aiflow-security-modules-bnyayvbf\archives\github.com_charmbracelet_x_ansi@v0.11.8.zip//github.com/charmbracelet/x/ansi@v0.11.8/hyperlink_test.go	ok
2026-09-27 14:59:31	C:\Users\lehie\AppData\Local\Temp\aiflow-security-modules-bnyayvbf\archives\github.com_charmbracelet_x_ansi@v0.11.8.zip//github.com/charmbracelet/x/ansi@v0.11.8/inband.go	ok
2026-09-27 14:59:31	C:\Users\lehie\AppData\Local\Temp\aiflow-security-modules-bnyayvbf\archives\github.com_charmbracelet_lipgloss@v1.1.0.zip//github.com/charmbracelet/lipgloss@v1.1.0/renderer.go	ok
2026-09-27 14:59:31	C:\Users\lehie\AppData\Local\Temp\aiflow-security-modules-bnyayvbf\archives\github.com_charmbracelet_x_ansi@v0.11.8.zip//github.com/charmbracelet/x/ansi@v0.11.8/iterm2.go	ok
2026-09-27 14:59:31	C:\Users\lehie\AppData\Local\Temp\aiflow-security-modules-bnyayvbf\archives\github.com_charmbracelet_lipgloss@v1.1.0.zip//github.com/charmbracelet/lipgloss@v1.1.0/renderer_test.go	ok
2026-09-27 14:59:31	C:\Users\lehie\AppData\Local\Temp\aiflow-security-modules-bnyayvbf\archives\github.com_charmbracelet_lipgloss@v1.1.0.zip//github.com/charmbracelet/lipgloss@v1.1.0/runes.go	ok
2026-09-27 14:59:31	C:\Users\lehie\AppData\Local\Temp\aiflow-security-modules-bnyayvbf\archives\github.com_charmbracelet_x_ansi@v0.11.8.zip//github.com/charmbracelet/x/ansi@v0.11.8/iterm2/file.go	ok
2026-09-27 14:59:31	C:\Users\lehie\AppData\Local\Temp\aiflow-security-modules-bnyayvbf\archives\github.com_charmbracelet_lipgloss@v1.1.0.zip//github.com/charmbracelet/lipgloss@v1.1.0/runes_test.go	ok
2026-09-27 14:59:31	C:\Users\lehie\AppData\Local\Temp\aiflow-security-modules-bnyayvbf\archives\github.com_charmbracelet_x_ansi@v0.11.8.zip//github.com/charmbracelet/x/ansi@v0.11.8/iterm2/file_test.go	ok
2026-09-27 14:59:31	C:\Users\lehie\AppData\Local\Temp\aiflow-security-modules-bnyayvbf\archives\github.com_charmbracelet_x_ansi@v0.11.8.zip//github.com/charmbracelet/x/ansi@v0.11.8/iterm2/iterm2_test.go	ok
2026-09-27 14:59:31	C:\Users\lehie\AppData\Local\Temp\aiflow-security-modules-bnyayvbf\archives\github.com_charmbracelet_lipgloss@v1.1.0.zip//github.com/charmbracelet/lipgloss@v1.1.0/set.go	ok
2026-09-27 14:59:31	C:\Users\lehie\AppData\Local\Temp\aiflow-security-modules-bnyayvbf\archives\github.com_charmbracelet_x_ansi@v0.11.8.zip//github.com/charmbracelet/x/ansi@v0.11.8/keypad.go	ok
2026-09-27 14:59:31	C:\Users\lehie\AppData\Local\Temp\aiflow-security-modules-bnyayvbf\archives\github.com_charmbracelet_lipgloss@v1.1.0.zip//github.com/charmbracelet/lipgloss@v1.1.0/size.go	ok
2026-09-27 14:59:31	C:\Users\lehie\AppData\Local\Temp\aiflow-security-modules-bnyayvbf\archives\github.com_charmbracelet_x_ansi@v0.11.8.zip//github.com/charmbracelet/x/ansi@v0.11.8/kitty.go	ok
2026-09-27 14:59:31	C:\Users\lehie\AppData\Local\Temp\aiflow-security-modules-bnyayvbf\archives\github.com_charmbracelet_lipgloss@v1.1.0.zip//github.com/charmbracelet/lipgloss@v1.1.0/style.go	ok
2026-09-27 14:59:31	C:\Users\lehie\AppData\Local\Temp\aiflow-security-modules-bnyayvbf\archives\github.com_charmbracelet_x_ansi@v0.11.8.zip//github.com/charmbracelet/x/ansi@v0.11.8/kitty/decoder.go	ok
2026-09-27 14:59:31	C:\Users\lehie\AppData\Local\Temp\aiflow-security-modules-bnyayvbf\archives\github.com_charmbracelet_x_ansi@v0.11.8.zip//github.com/charmbracelet/x/ansi@v0.11.8/kitty/decoder_test.go	ok
2026-09-27 14:59:31	C:\Users\lehie\AppData\Local\Temp\aiflow-security-modules-bnyayvbf\archives\github.com_charmbracelet_lipgloss@v1.1.0.zip//github.com/charmbracelet/lipgloss@v1.1.0/style_test.go	ok
2026-09-27 14:59:31	C:\Users\lehie\AppData\Local\Temp\aiflow-security-modules-bnyayvbf\archives\github.com_charmbracelet_x_ansi@v0.11.8.zip//github.com/charmbracelet/x/ansi@v0.11.8/kitty/encoder.go	ok
2026-09-27 14:59:31	C:\Users\lehie\AppData\Local\Temp\aiflow-security-modules-bnyayvbf\archives\github.com_charmbracelet_lipgloss@v1.1.0.zip//github.com/charmbracelet/lipgloss@v1.1.0/table/resizing.go	ok
2026-09-27 14:59:31	C:\Users\lehie\AppData\Local\Temp\aiflow-security-modules-bnyayvbf\archives\github.com_charmbracelet_x_ansi@v0.11.8.zip//github.com/charmbracelet/x/ansi@v0.11.8/kitty/encoder_test.go	ok
2026-09-27 14:59:31	C:\Users\lehie\AppData\Local\Temp\aiflow-security-modules-bnyayvbf\archives\github.com_charmbracelet_lipgloss@v1.1.0.zip//github.com/charmbracelet/lipgloss@v1.1.0/table/rows.go	ok
2026-09-27 14:59:31	C:\Users\lehie\AppData\Local\Temp\aiflow-security-modules-bnyayvbf\archives\github.com_charmbracelet_x_ansi@v0.11.8.zip//github.com/charmbracelet/x/ansi@v0.11.8/kitty/graphics.go	ok
2026-09-27 14:59:31	C:\Users\lehie\AppData\Local\Temp\aiflow-security-modules-bnyayvbf\archives\github.com_charmbracelet_lipgloss@v1.1.0.zip//github.com/charmbracelet/lipgloss@v1.1.0/table/table.go	ok
2026-09-27 14:59:31	C:\Users\lehie\AppData\Local\Temp\aiflow-security-modules-bnyayvbf\archives\github.com_charmbracelet_x_ansi@v0.11.8.zip//github.com/charmbracelet/x/ansi@v0.11.8/kitty/options.go	ok
2026-09-27 14:59:31	C:\Users\lehie\AppData\Local\Temp\aiflow-security-modules-bnyayvbf\archives\github.com_charmbracelet_x_ansi@v0.11.8.zip//github.com/charmbracelet/x/ansi@v0.11.8/kitty/options_test.go	ok
2026-09-27 14:59:31	C:\Users\lehie\AppData\Local\Temp\aiflow-security-modules-bnyayvbf\archives\github.com_charmbracelet_x_ansi@v0.11.8.zip//github.com/charmbracelet/x/ansi@v0.11.8/kitty/writer.go	ok
2026-09-27 14:59:31	C:\Users\lehie\AppData\Local\Temp\aiflow-security-modules-bnyayvbf\archives\github.com_charmbracelet_lipgloss@v1.1.0.zip//github.com/charmbracelet/lipgloss@v1.1.0/table/table_test.go	ok
2026-09-27 14:59:31	C:\Users\lehie\AppData\Local\Temp\aiflow-security-modules-bnyayvbf\archives\github.com_charmbracelet_lipgloss@v1.1.0.zip//github.com/charmbracelet/lipgloss@v1.1.0/table/testdata/TestBorderStyles/ASCIIBorder.golden	ok
2026-09-27 14:59:31	C:\Users\lehie\AppData\Local\Temp\aiflow-security-modules-bnyayvbf\archives\github.com_charmbracelet_x_ansi@v0.11.8.zip//github.com/charmbracelet/x/ansi@v0.11.8/kitty/writer_test.go	ok
2026-09-27 14:59:31	C:\Users\lehie\AppData\Local\Temp\aiflow-security-modules-bnyayvbf\archives\github.com_charmbracelet_lipgloss@v1.1.0.zip//github.com/charmbracelet/lipgloss@v1.1.0/table/testdata/TestBorderStyles/BlockBorder.golden	ok
2026-09-27 14:59:31	C:\Users\lehie\AppData\Local\Temp\aiflow-security-modules-bnyayvbf\archives\github.com_charmbracelet_x_ansi@v0.11.8.zip//github.com/charmbracelet/x/ansi@v0.11.8/method.go	ok
2026-09-27 14:59:31	C:\Users\lehie\AppData\Local\Temp\aiflow-security-modules-bnyayvbf\archives\github.com_charmbracelet_lipgloss@v1.1.0.zip//github.com/charmbracelet/lipgloss@v1.1.0/table/testdata/TestBorderStyles/HiddenBorder.golden	ok
2026-09-27 14:59:31	C:\Users\lehie\AppData\Local\Temp\aiflow-security-modules-bnyayvbf\archives\github.com_charmbracelet_lipgloss@v1.1.0.zip//github.com/charmbracelet/lipgloss@v1.1.0/table/testdata/TestBorderStyles/MarkdownBorder.golden	ok
2026-09-27 14:59:31	C:\Users\lehie\AppData\Local\Temp\aiflow-security-modules-bnyayvbf\archives\github.com_charmbracelet_x_ansi@v0.11.8.zip//github.com/charmbracelet/x/ansi@v0.11.8/method_test.go	ok
2026-09-27 14:59:31	C:\Users\lehie\AppData\Local\Temp\aiflow-security-modules-bnyayvbf\archives\github.com_charmbracelet_lipgloss@v1.1.0.zip//github.com/charmbracelet/lipgloss@v1.1.0/table/testdata/TestBorderStyles/NormalBorder.golden	ok
2026-09-27 14:59:31	C:\Users\lehie\AppData\Local\Temp\aiflow-security-modules-bnyayvbf\archives\github.com_charmbracelet_lipgloss@v1.1.0.zip//github.com/charmbracelet/lipgloss@v1.1.0/table/testdata/TestBorderStyles/RoundedBorder.golden	ok
2026-09-27 14:59:31	C:\Users\lehie\AppData\Local\Temp\aiflow-security-modules-bnyayvbf\archives\github.com_charmbracelet_x_ansi@v0.11.8.zip//github.com/charmbracelet/x/ansi@v0.11.8/mode.go	ok
2026-09-27 14:59:31	C:\Users\lehie\AppData\Local\Temp\aiflow-security-modules-bnyayvbf\archives\github.com_charmbracelet_lipgloss@v1.1.0.zip//github.com/charmbracelet/lipgloss@v1.1.0/table/testdata/TestBorderStyles/ThickBorder.golden	ok
2026-09-27 14:59:31	C:\Users\lehie\AppData\Local\Temp\aiflow-security-modules-bnyayvbf\archives\github.com_charmbracelet_x_ansi@v0.11.8.zip//github.com/charmbracelet/x/ansi@v0.11.8/mode_deprecated.go	ok
2026-09-27 14:59:31	C:\Users\lehie\AppData\Local\Temp\aiflow-security-modules-bnyayvbf\archives\github.com_charmbracelet_lipgloss@v1.1.0.zip//github.com/charmbracelet/lipgloss@v1.1.0/table/testdata/TestContentWrapping/LongHeaderContentLongAndShortRows.golden	ok
2026-09-27 14:59:31	C:\Users\lehie\AppData\Local\Temp\aiflow-security-modules-bnyayvbf\archives\github.com_charmbracelet_lipgloss@v1.1.0.zip//github.com/charmbracelet/lipgloss@v1.1.0/table/testdata/TestContentWrapping/LongRowContent.golden	ok
2026-09-27 14:59:31	C:\Users\lehie\AppData\Local\Temp\aiflow-security-modules-bnyayvbf\archives\github.com_charmbracelet_x_ansi@v0.11.8.zip//github.com/charmbracelet/x/ansi@v0.11.8/mode_test.go	ok
2026-09-27 14:59:31	C:\Users\lehie\AppData\Local\Temp\aiflow-security-modules-bnyayvbf\archives\github.com_charmbracelet_lipgloss@v1.1.0.zip//github.com/charmbracelet/lipgloss@v1.1.0/table/testdata/TestContentWrapping/LongRowContentNoWrap.golden	ok
2026-09-27 14:59:31	C:\Users\lehie\AppData\Local\Temp\aiflow-security-modules-bnyayvbf\archives\github.com_charmbracelet_x_ansi@v0.11.8.zip//github.com/charmbracelet/x/ansi@v0.11.8/modes.go	ok
2026-09-27 14:59:31	C:\Users\lehie\AppData\Local\Temp\aiflow-security-modules-bnyayvbf\archives\github.com_charmbracelet_lipgloss@v1.1.0.zip//github.com/charmbracelet/lipgloss@v1.1.0/table/testdata/TestContentWrapping/LongRowContentNoWrapCustomMargins.golden	ok
2026-09-27 14:59:31	C:\Users\lehie\AppData\Local\Temp\aiflow-security-modules-bnyayvbf\archives\github.com_charmbracelet_x_ansi@v0.11.8.zip//github.com/charmbracelet/x/ansi@v0.11.8/mouse.go	ok
2026-09-27 14:59:31	C:\Users\lehie\AppData\Local\Temp\aiflow-security-modules-bnyayvbf\archives\github.com_charmbracelet_lipgloss@v1.1.0.zip//github.com/charmbracelet/lipgloss@v1.1.0/table/testdata/TestContentWrapping/LongRowContentNoWrapNoMargins.golden	ok
2026-09-27 14:59:31	C:\Users\lehie\AppData\Local\Temp\aiflow-security-modules-bnyayvbf\archives\github.com_charmbracelet_x_ansi@v0.11.8.zip//github.com/charmbracelet/x/ansi@v0.11.8/mouse_test.go	ok
2026-09-27 14:59:31	C:\Users\lehie\AppData\Local\Temp\aiflow-security-modules-bnyayvbf\archives\github.com_charmbracelet_lipgloss@v1.1.0.zip//github.com/charmbracelet/lipgloss@v1.1.0/table/testdata/TestContentWrapping/LongTextDifferentLanguages.golden	ok
2026-09-27 14:59:31	C:\Users\lehie\AppData\Local\Temp\aiflow-security-modules-bnyayvbf\archives\github.com_charmbracelet_x_ansi@v0.11.8.zip//github.com/charmbracelet/x/ansi@v0.11.8/notification.go	ok
2026-09-27 14:59:31	C:\Users\lehie\AppData\Local\Temp\aiflow-security-modules-bnyayvbf\archives\github.com_charmbracelet_lipgloss@v1.1.0.zip//github.com/charmbracelet/lipgloss@v1.1.0/table/testdata/TestContentWrapping/MissingRowContent.golden	ok
2026-09-27 14:59:31	C:\Users\lehie\AppData\Local\Temp\aiflow-security-modules-bnyayvbf\archives\github.com_charmbracelet_x_ansi@v0.11.8.zip//github.com/charmbracelet/x/ansi@v0.11.8/notification_test.go	ok
2026-09-27 14:59:31	C:\Users\lehie\AppData\Local\Temp\aiflow-security-modules-bnyayvbf\archives\github.com_charmbracelet_lipgloss@v1.1.0.zip//github.com/charmbracelet/lipgloss@v1.1.0/table/testdata/TestContentWrapping_ColumnWidth/LongHeaderContentLongAndShortRows.golden	ok
2026-09-27 14:59:31	C:\Users\lehie\AppData\Local\Temp\aiflow-security-modules-bnyayvbf\archives\github.com_charmbracelet_x_ansi@v0.11.8.zip//github.com/charmbracelet/x/ansi@v0.11.8/palette.go	ok
2026-09-27 14:59:31	C:\Users\lehie\AppData\Local\Temp\aiflow-security-modules-bnyayvbf\archives\github.com_charmbracelet_lipgloss@v1.1.0.zip//github.com/charmbracelet/lipgloss@v1.1.0/table/testdata/TestContentWrapping_ColumnWidth/LongRowContent.golden	ok
2026-09-27 14:59:31	C:\Users\lehie\AppData\Local\Temp\aiflow-security-modules-bnyayvbf\archives\github.com_charmbracelet_x_ansi@v0.11.8.zip//github.com/charmbracelet/x/ansi@v0.11.8/palette_test.go	ok
2026-09-27 14:59:31	C:\Users\lehie\AppData\Local\Temp\aiflow-security-modules-bnyayvbf\archives\github.com_charmbracelet_lipgloss@v1.1.0.zip//github.com/charmbracelet/lipgloss@v1.1.0/table/testdata/TestContentWrapping_ColumnWidth/LongTextDifferentLanguages.golden	ok
2026-09-27 14:59:31	C:\Users\lehie\AppData\Local\Temp\aiflow-security-modules-bnyayvbf\archives\github.com_charmbracelet_x_ansi@v0.11.8.zip//github.com/charmbracelet/x/ansi@v0.11.8/parser.go	ok
2026-09-27 14:59:31	C:\Users\lehie\AppData\Local\Temp\aiflow-security-modules-bnyayvbf\archives\github.com_charmbracelet_lipgloss@v1.1.0.zip//github.com/charmbracelet/lipgloss@v1.1.0/table/testdata/TestContentWrapping_ColumnWidth/MissingRowContent.golden	ok
2026-09-27 14:59:31	C:\Users\lehie\AppData\Local\Temp\aiflow-security-modules-bnyayvbf\archives\github.com_charmbracelet_lipgloss@v1.1.0.zip//github.com/charmbracelet/lipgloss@v1.1.0/table/testdata/TestContentWrapping_WithMargins/LongHeaderContentLongAndShortRows.golden	ok
2026-09-27 14:59:31	C:\Users\lehie\AppData\Local\Temp\aiflow-security-modules-bnyayvbf\archives\github.com_charmbracelet_x_ansi@v0.11.8.zip//github.com/charmbracelet/x/ansi@v0.11.8/parser/const.go	ok
2026-09-27 14:59:31	C:\Users\lehie\AppData\Local\Temp\aiflow-security-modules-bnyayvbf\archives\github.com_charmbracelet_lipgloss@v1.1.0.zip//github.com/charmbracelet/lipgloss@v1.1.0/table/testdata/TestContentWrapping_WithMargins/LongRowContent.golden	ok
2026-09-27 14:59:31	C:\Users\lehie\AppData\Local\Temp\aiflow-security-modules-bnyayvbf\archives\github.com_charmbracelet_x_ansi@v0.11.8.zip//github.com/charmbracelet/x/ansi@v0.11.8/parser/seq.go	ok
2026-09-27 14:59:31	C:\Users\lehie\AppData\Local\Temp\aiflow-security-modules-bnyayvbf\archives\github.com_charmbracelet_lipgloss@v1.1.0.zip//github.com/charmbracelet/lipgloss@v1.1.0/table/testdata/TestContentWrapping_WithMargins/LongTextDifferentLanguages.golden	ok
2026-09-27 14:59:31	C:\Users\lehie\AppData\Local\Temp\aiflow-security-modules-bnyayvbf\archives\github.com_charmbracelet_x_ansi@v0.11.8.zip//github.com/charmbracelet/x/ansi@v0.11.8/parser/transition_table.go	ok
2026-09-27 14:59:31	C:\Users\lehie\AppData\Local\Temp\aiflow-security-modules-bnyayvbf\archives\github.com_charmbracelet_lipgloss@v1.1.0.zip//github.com/charmbracelet/lipgloss@v1.1.0/table/testdata/TestContentWrapping_WithMargins/MissingRowContent.golden	ok
2026-09-27 14:59:31	C:\Users\lehie\AppData\Local\Temp\aiflow-security-modules-bnyayvbf\archives\github.com_charmbracelet_x_ansi@v0.11.8.zip//github.com/charmbracelet/x/ansi@v0.11.8/parser_apc_test.go	ok
2026-09-27 14:59:31	C:\Users\lehie\AppData\Local\Temp\aiflow-security-modules-bnyayvbf\archives\github.com_charmbracelet_lipgloss@v1.1.0.zip//github.com/charmbracelet/lipgloss@v1.1.0/table/testdata/TestContentWrapping_WithPadding/LongHeaderContentLongAndShortRows.golden	ok
2026-09-27 14:59:31	C:\Users\lehie\AppData\Local\Temp\aiflow-security-modules-bnyayvbf\archives\github.com_charmbracelet_x_ansi@v0.11.8.zip//github.com/charmbracelet/x/ansi@v0.11.8/parser_csi_test.go	ok
2026-09-27 14:59:31	C:\Users\lehie\AppData\Local\Temp\aiflow-security-modules-bnyayvbf\archives\github.com_charmbracelet_lipgloss@v1.1.0.zip//github.com/charmbracelet/lipgloss@v1.1.0/table/testdata/TestContentWrapping_WithPadding/LongRowContent.golden	ok
2026-09-27 14:59:31	C:\Users\lehie\AppData\Local\Temp\aiflow-security-modules-bnyayvbf\archives\github.com_charmbracelet_x_ansi@v0.11.8.zip//github.com/charmbracelet/x/ansi@v0.11.8/parser_dcs_test.go	ok
2026-09-27 14:59:31	C:\Users\lehie\AppData\Local\Temp\aiflow-security-modules-bnyayvbf\archives\github.com_charmbracelet_lipgloss@v1.1.0.zip//github.com/charmbracelet/lipgloss@v1.1.0/table/testdata/TestContentWrapping_WithPadding/LongTextDifferentLanguages.golden	ok
2026-09-27 14:59:31	C:\Users\lehie\AppData\Local\Temp\aiflow-security-modules-bnyayvbf\archives\github.com_charmbracelet_lipgloss@v1.1.0.zip//github.com/charmbracelet/lipgloss@v1.1.0/table/testdata/TestContentWrapping_WithPadding/MissingRowContent.golden	ok
2026-09-27 14:59:31	C:\Users\lehie\AppData\Local\Temp\aiflow-security-modules-bnyayvbf\archives\github.com_charmbracelet_x_ansi@v0.11.8.zip//github.com/charmbracelet/x/ansi@v0.11.8/parser_decode.go	ok
2026-09-27 14:59:31	C:\Users\lehie\AppData\Local\Temp\aiflow-security-modules-bnyayvbf\archives\github.com_charmbracelet_lipgloss@v1.1.0.zip//github.com/charmbracelet/lipgloss@v1.1.0/table/testdata/TestStyleFunc/MarginAndPaddingSet.golden	ok
2026-09-27 14:59:31	C:\Users\lehie\AppData\Local\Temp\aiflow-security-modules-bnyayvbf\archives\github.com_charmbracelet_lipgloss@v1.1.0.zip//github.com/charmbracelet/lipgloss@v1.1.0/table/testdata/TestStyleFunc/RightAlignedTextWithMargins.golden	ok
2026-09-27 14:59:31	C:\Users\lehie\AppData\Local\Temp\aiflow-security-modules-bnyayvbf\archives\github.com_charmbracelet_x_ansi@v0.11.8.zip//github.com/charmbracelet/x/ansi@v0.11.8/parser_decode_test.go	ok
2026-09-27 14:59:31	C:\Users\lehie\AppData\Local\Temp\aiflow-security-modules-bnyayvbf\archives\github.com_charmbracelet_lipgloss@v1.1.0.zip//github.com/charmbracelet/lipgloss@v1.1.0/table/testdata/TestTableOverFlowNoWrap.golden	ok
2026-09-27 14:59:31	C:\Users\lehie\AppData\Local\Temp\aiflow-security-modules-bnyayvbf\archives\github.com_charmbracelet_x_ansi@v0.11.8.zip//github.com/charmbracelet/x/ansi@v0.11.8/parser_esc_test.go	ok
2026-09-27 14:59:31	C:\Users\lehie\AppData\Local\Temp\aiflow-security-modules-bnyayvbf\archives\github.com_charmbracelet_lipgloss@v1.1.0.zip//github.com/charmbracelet/lipgloss@v1.1.0/table/testdata/TestWrapPreStyledContent.golden	ok
2026-09-27 14:59:31	C:\Users\lehie\AppData\Local\Temp\aiflow-security-modules-bnyayvbf\archives\github.com_charmbracelet_x_ansi@v0.11.8.zip//github.com/charmbracelet/x/ansi@v0.11.8/parser_handler.go	ok
2026-09-27 14:59:31	C:\Users\lehie\AppData\Local\Temp\aiflow-security-modules-bnyayvbf\archives\github.com_charmbracelet_lipgloss@v1.1.0.zip//github.com/charmbracelet/lipgloss@v1.1.0/table/testdata/TestWrapStyleFuncContent.golden	ok
2026-09-27 14:59:31	C:\Users\lehie\AppData\Local\Temp\aiflow-security-modules-bnyayvbf\archives\github.com_charmbracelet_lipgloss@v1.1.0.zip//github.com/charmbracelet/lipgloss@v1.1.0/table/util.go	ok
2026-09-27 14:59:31	C:\Users\lehie\AppData\Local\Temp\aiflow-security-modules-bnyayvbf\archives\github.com_charmbracelet_x_ansi@v0.11.8.zip//github.com/charmbracelet/x/ansi@v0.11.8/parser_osc_test.go	ok
2026-09-27 14:59:31	C:\Users\lehie\AppData\Local\Temp\aiflow-security-modules-bnyayvbf\archives\github.com_charmbracelet_x_ansi@v0.11.8.zip//github.com/charmbracelet/x/ansi@v0.11.8/parser_sync.go	ok
2026-09-27 14:59:31	C:\Users\lehie\AppData\Local\Temp\aiflow-security-modules-bnyayvbf\archives\github.com_charmbracelet_lipgloss@v1.1.0.zip//github.com/charmbracelet/lipgloss@v1.1.0/tree/children.go	ok
2026-09-27 14:59:31	C:\Users\lehie\AppData\Local\Temp\aiflow-security-modules-bnyayvbf\archives\github.com_charmbracelet_lipgloss@v1.1.0.zip//github.com/charmbracelet/lipgloss@v1.1.0/tree/enumerator.go	ok
2026-09-27 14:59:31	C:\Users\lehie\AppData\Local\Temp\aiflow-security-modules-bnyayvbf\archives\github.com_charmbracelet_x_ansi@v0.11.8.zip//github.com/charmbracelet/x/ansi@v0.11.8/parser_test.go	ok
2026-09-27 14:59:31	C:\Users\lehie\AppData\Local\Temp\aiflow-security-modules-bnyayvbf\archives\github.com_charmbracelet_lipgloss@v1.1.0.zip//github.com/charmbracelet/lipgloss@v1.1.0/tree/example_test.go	ok
2026-09-27 14:59:31	C:\Users\lehie\AppData\Local\Temp\aiflow-security-modules-bnyayvbf\archives\github.com_charmbracelet_x_ansi@v0.11.8.zip//github.com/charmbracelet/x/ansi@v0.11.8/passthrough.go	ok
2026-09-27 14:59:31	C:\Users\lehie\AppData\Local\Temp\aiflow-security-modules-bnyayvbf\archives\github.com_charmbracelet_x_ansi@v0.11.8.zip//github.com/charmbracelet/x/ansi@v0.11.8/passthrough_test.go	ok
2026-09-27 14:59:31	C:\Users\lehie\AppData\Local\Temp\aiflow-security-modules-bnyayvbf\archives\github.com_charmbracelet_lipgloss@v1.1.0.zip//github.com/charmbracelet/lipgloss@v1.1.0/tree/renderer.go	ok
2026-09-27 14:59:31	C:\Users\lehie\AppData\Local\Temp\aiflow-security-modules-bnyayvbf\archives\github.com_charmbracelet_lipgloss@v1.1.0.zip//github.com/charmbracelet/lipgloss@v1.1.0/tree/testdata/TestRootStyle.golden	ok
2026-09-27 14:59:31	C:\Users\lehie\AppData\Local\Temp\aiflow-security-modules-bnyayvbf\archives\github.com_charmbracelet_x_ansi@v0.11.8.zip//github.com/charmbracelet/x/ansi@v0.11.8/paste.go	ok
2026-09-27 14:59:31	C:\Users\lehie\AppData\Local\Temp\aiflow-security-modules-bnyayvbf\archives\github.com_charmbracelet_x_ansi@v0.11.8.zip//github.com/charmbracelet/x/ansi@v0.11.8/progress.go	ok
2026-09-27 14:59:31	C:\Users\lehie\AppData\Local\Temp\aiflow-security-modules-bnyayvbf\archives\github.com_charmbracelet_lipgloss@v1.1.0.zip//github.com/charmbracelet/lipgloss@v1.1.0/tree/tree.go	ok
2026-09-27 14:59:31	C:\Users\lehie\AppData\Local\Temp\aiflow-security-modules-bnyayvbf\archives\github.com_charmbracelet_x_ansi@v0.11.8.zip//github.com/charmbracelet/x/ansi@v0.11.8/progress_test.go	ok
2026-09-27 14:59:31	C:\Users\lehie\AppData\Local\Temp\aiflow-security-modules-bnyayvbf\archives\github.com_charmbracelet_lipgloss@v1.1.0.zip//github.com/charmbracelet/lipgloss@v1.1.0/tree/tree_test.go	ok
2026-09-27 14:59:31	C:\Users\lehie\AppData\Local\Temp\aiflow-security-modules-bnyayvbf\archives\github.com_charmbracelet_x_ansi@v0.11.8.zip//github.com/charmbracelet/x/ansi@v0.11.8/reset.go	ok
2026-09-27 14:59:31	C:\Users\lehie\AppData\Local\Temp\aiflow-security-modules-bnyayvbf\archives\github.com_charmbracelet_lipgloss@v1.1.0.zip//github.com/charmbracelet/lipgloss@v1.1.0/unset.go	ok
2026-09-27 14:59:31	C:\Users\lehie\AppData\Local\Temp\aiflow-security-modules-bnyayvbf\archives\github.com_charmbracelet_x_ansi@v0.11.8.zip//github.com/charmbracelet/x/ansi@v0.11.8/screen.go	ok
2026-09-27 14:59:31	C:\Users\lehie\AppData\Local\Temp\aiflow-security-modules-bnyayvbf\archives\github.com_charmbracelet_lipgloss@v1.1.0.zip//github.com/charmbracelet/lipgloss@v1.1.0/whitespace.go	ok
2026-09-27 14:59:31	C:\Users\lehie\AppData\Local\Temp\aiflow-security-modules-bnyayvbf\archives\github.com_charmbracelet_x_ansi@v0.11.8.zip//github.com/charmbracelet/x/ansi@v0.11.8/sgr.go	ok
2026-09-27 14:59:31	C:\Users\lehie\AppData\Local\Temp\aiflow-security-modules-bnyayvbf\archives\github.com_charmbracelet_lipgloss@v1.1.0.zip	ok
2026-09-27 14:59:31 	C:\Users\lehie\AppData\Local\Temp\aiflow-security-modules-bnyayvbf\archives\github.com_charmbracelet_x_cellbuf@v0.0.15.zip	archive	ZIP
2026-09-27 14:59:31	C:\Users\lehie\AppData\Local\Temp\aiflow-security-modules-bnyayvbf\archives\github.com_charmbracelet_x_ansi@v0.11.8.zip//github.com/charmbracelet/x/ansi@v0.11.8/sgr_test.go	ok
2026-09-27 14:59:31	C:\Users\lehie\AppData\Local\Temp\aiflow-security-modules-bnyayvbf\archives\github.com_charmbracelet_x_ansi@v0.11.8.zip//github.com/charmbracelet/x/ansi@v0.11.8/sixel/.gitattributes	ok
2026-09-27 14:59:31	C:\Users\lehie\AppData\Local\Temp\aiflow-security-modules-bnyayvbf\archives\github.com_charmbracelet_x_cellbuf@v0.0.15.zip//github.com/charmbracelet/x/cellbuf@v0.0.15/buffer.go	ok
2026-09-27 14:59:31	C:\Users\lehie\AppData\Local\Temp\aiflow-security-modules-bnyayvbf\archives\github.com_charmbracelet_x_ansi@v0.11.8.zip//github.com/charmbracelet/x/ansi@v0.11.8/sixel/color.go	ok
2026-09-27 14:59:31	C:\Users\lehie\AppData\Local\Temp\aiflow-security-modules-bnyayvbf\archives\github.com_charmbracelet_x_cellbuf@v0.0.15.zip//github.com/charmbracelet/x/cellbuf@v0.0.15/buffer_test.go	ok
2026-09-27 14:59:31	C:\Users\lehie\AppData\Local\Temp\aiflow-security-modules-bnyayvbf\archives\github.com_charmbracelet_x_ansi@v0.11.8.zip//github.com/charmbracelet/x/ansi@v0.11.8/sixel/color_test.go	ok
2026-09-27 14:59:31	C:\Users\lehie\AppData\Local\Temp\aiflow-security-modules-bnyayvbf\archives\github.com_charmbracelet_x_cellbuf@v0.0.15.zip//github.com/charmbracelet/x/cellbuf@v0.0.15/cell.go	ok
2026-09-27 14:59:31	C:\Users\lehie\AppData\Local\Temp\aiflow-security-modules-bnyayvbf\archives\github.com_charmbracelet_x_ansi@v0.11.8.zip//github.com/charmbracelet/x/ansi@v0.11.8/sixel/decoder.go	ok
2026-09-27 14:59:31	C:\Users\lehie\AppData\Local\Temp\aiflow-security-modules-bnyayvbf\archives\github.com_charmbracelet_x_cellbuf@v0.0.15.zip//github.com/charmbracelet/x/cellbuf@v0.0.15/errors.go	ok
2026-09-27 14:59:31	C:\Users\lehie\AppData\Local\Temp\aiflow-security-modules-bnyayvbf\archives\github.com_charmbracelet_x_ansi@v0.11.8.zip//github.com/charmbracelet/x/ansi@v0.11.8/sixel/encoder.go	ok
2026-09-27 14:59:31	C:\Users\lehie\AppData\Local\Temp\aiflow-security-modules-bnyayvbf\archives\github.com_charmbracelet_x_cellbuf@v0.0.15.zip//github.com/charmbracelet/x/cellbuf@v0.0.15/geom.go	ok
2026-09-27 14:59:31	C:\Users\lehie\AppData\Local\Temp\aiflow-security-modules-bnyayvbf\archives\github.com_charmbracelet_x_ansi@v0.11.8.zip//github.com/charmbracelet/x/ansi@v0.11.8/sixel/palette.go	ok
2026-09-27 14:59:31	C:\Users\lehie\AppData\Local\Temp\aiflow-security-modules-bnyayvbf\archives\github.com_charmbracelet_x_cellbuf@v0.0.15.zip//github.com/charmbracelet/x/cellbuf@v0.0.15/go.mod	ok
2026-09-27 14:59:31	C:\Users\lehie\AppData\Local\Temp\aiflow-security-modules-bnyayvbf\archives\github.com_charmbracelet_x_ansi@v0.11.8.zip//github.com/charmbracelet/x/ansi@v0.11.8/sixel/palette_sort.go	ok
2026-09-27 14:59:31	C:\Users\lehie\AppData\Local\Temp\aiflow-security-modules-bnyayvbf\archives\github.com_charmbracelet_x_cellbuf@v0.0.15.zip//github.com/charmbracelet/x/cellbuf@v0.0.15/go.sum	ok
2026-09-27 14:59:31	C:\Users\lehie\AppData\Local\Temp\aiflow-security-modules-bnyayvbf\archives\github.com_charmbracelet_x_ansi@v0.11.8.zip//github.com/charmbracelet/x/ansi@v0.11.8/sixel/palette_test.go	ok
2026-09-27 14:59:31	C:\Users\lehie\AppData\Local\Temp\aiflow-security-modules-bnyayvbf\archives\github.com_charmbracelet_x_cellbuf@v0.0.15.zip//github.com/charmbracelet/x/cellbuf@v0.0.15/hardscroll.go	ok
2026-09-27 14:59:31	C:\Users\lehie\AppData\Local\Temp\aiflow-security-modules-bnyayvbf\archives\github.com_charmbracelet_x_ansi@v0.11.8.zip//github.com/charmbracelet/x/ansi@v0.11.8/sixel/raster.go	ok
2026-09-27 14:59:31	C:\Users\lehie\AppData\Local\Temp\aiflow-security-modules-bnyayvbf\archives\github.com_charmbracelet_x_cellbuf@v0.0.15.zip//github.com/charmbracelet/x/cellbuf@v0.0.15/hashmap.go	ok
2026-09-27 14:59:31	C:\Users\lehie\AppData\Local\Temp\aiflow-security-modules-bnyayvbf\archives\github.com_charmbracelet_x_ansi@v0.11.8.zip//github.com/charmbracelet/x/ansi@v0.11.8/sixel/raster_test.go	ok
2026-09-27 14:59:31	C:\Users\lehie\AppData\Local\Temp\aiflow-security-modules-bnyayvbf\archives\github.com_charmbracelet_x_cellbuf@v0.0.15.zip//github.com/charmbracelet/x/cellbuf@v0.0.15/link.go	ok
2026-09-27 14:59:31	C:\Users\lehie\AppData\Local\Temp\aiflow-security-modules-bnyayvbf\archives\github.com_charmbracelet_x_ansi@v0.11.8.zip//github.com/charmbracelet/x/ansi@v0.11.8/sixel/repeat.go	ok
2026-09-27 14:59:31	C:\Users\lehie\AppData\Local\Temp\aiflow-security-modules-bnyayvbf\archives\github.com_charmbracelet_x_cellbuf@v0.0.15.zip//github.com/charmbracelet/x/cellbuf@v0.0.15/pen.go	ok
2026-09-27 14:59:31	C:\Users\lehie\AppData\Local\Temp\aiflow-security-modules-bnyayvbf\archives\github.com_charmbracelet_x_ansi@v0.11.8.zip//github.com/charmbracelet/x/ansi@v0.11.8/sixel/repeat_test.go	ok
2026-09-27 14:59:31	C:\Users\lehie\AppData\Local\Temp\aiflow-security-modules-bnyayvbf\archives\github.com_charmbracelet_x_ansi@v0.11.8.zip//github.com/charmbracelet/x/ansi@v0.11.8/sixel/sixel_bench_test.go	ok
2026-09-27 14:59:31	C:\Users\lehie\AppData\Local\Temp\aiflow-security-modules-bnyayvbf\archives\github.com_charmbracelet_x_cellbuf@v0.0.15.zip//github.com/charmbracelet/x/cellbuf@v0.0.15/screen.go	ok
2026-09-27 14:59:31	C:\Users\lehie\AppData\Local\Temp\aiflow-security-modules-bnyayvbf\archives\github.com_charmbracelet_x_ansi@v0.11.8.zip//github.com/charmbracelet/x/ansi@v0.11.8/sixel/sixel_test.go	ok
2026-09-27 14:59:31	C:\Users\lehie\AppData\Local\Temp\aiflow-security-modules-bnyayvbf\archives\github.com_charmbracelet_x_cellbuf@v0.0.15.zip//github.com/charmbracelet/x/cellbuf@v0.0.15/sequence.go	ok
2026-09-27 14:59:31	C:\Users\lehie\AppData\Local\Temp\aiflow-security-modules-bnyayvbf\archives\github.com_charmbracelet_x_ansi@v0.11.8.zip//github.com/charmbracelet/x/ansi@v0.11.8/status.go	ok
2026-09-27 14:59:31	C:\Users\lehie\AppData\Local\Temp\aiflow-security-modules-bnyayvbf\archives\github.com_charmbracelet_x_cellbuf@v0.0.15.zip//github.com/charmbracelet/x/cellbuf@v0.0.15/sequence_test.go	ok
2026-09-27 14:59:31	C:\Users\lehie\AppData\Local\Temp\aiflow-security-modules-bnyayvbf\archives\github.com_charmbracelet_x_cellbuf@v0.0.15.zip//github.com/charmbracelet/x/cellbuf@v0.0.15/style.go	ok
2026-09-27 14:59:31	C:\Users\lehie\AppData\Local\Temp\aiflow-security-modules-bnyayvbf\archives\github.com_charmbracelet_x_ansi@v0.11.8.zip//github.com/charmbracelet/x/ansi@v0.11.8/style.go	ok
2026-09-27 14:59:31	C:\Users\lehie\AppData\Local\Temp\aiflow-security-modules-bnyayvbf\archives\github.com_charmbracelet_x_cellbuf@v0.0.15.zip//github.com/charmbracelet/x/cellbuf@v0.0.15/tabstop.go	ok
2026-09-27 14:59:31	C:\Users\lehie\AppData\Local\Temp\aiflow-security-modules-bnyayvbf\archives\github.com_charmbracelet_x_ansi@v0.11.8.zip//github.com/charmbracelet/x/ansi@v0.11.8/style_test.go	ok
2026-09-27 14:59:31	C:\Users\lehie\AppData\Local\Temp\aiflow-security-modules-bnyayvbf\archives\github.com_charmbracelet_x_cellbuf@v0.0.15.zip//github.com/charmbracelet/x/cellbuf@v0.0.15/tabstop_test.go	ok
2026-09-27 14:59:31	C:\Users\lehie\AppData\Local\Temp\aiflow-security-modules-bnyayvbf\archives\github.com_charmbracelet_x_ansi@v0.11.8.zip//github.com/charmbracelet/x/ansi@v0.11.8/termcap.go	ok
2026-09-27 14:59:31	C:\Users\lehie\AppData\Local\Temp\aiflow-security-modules-bnyayvbf\archives\github.com_charmbracelet_x_cellbuf@v0.0.15.zip//github.com/charmbracelet/x/cellbuf@v0.0.15/utils.go	ok
2026-09-27 14:59:31	C:\Users\lehie\AppData\Local\Temp\aiflow-security-modules-bnyayvbf\archives\github.com_charmbracelet_x_ansi@v0.11.8.zip//github.com/charmbracelet/x/ansi@v0.11.8/title.go	ok
2026-09-27 14:59:31	C:\Users\lehie\AppData\Local\Temp\aiflow-security-modules-bnyayvbf\archives\github.com_charmbracelet_x_cellbuf@v0.0.15.zip//github.com/charmbracelet/x/cellbuf@v0.0.15/wrap.go	ok
2026-09-27 14:59:31	C:\Users\lehie\AppData\Local\Temp\aiflow-security-modules-bnyayvbf\archives\github.com_charmbracelet_x_ansi@v0.11.8.zip//github.com/charmbracelet/x/ansi@v0.11.8/title_test.go	ok
2026-09-27 14:59:31	C:\Users\lehie\AppData\Local\Temp\aiflow-security-modules-bnyayvbf\archives\github.com_charmbracelet_x_cellbuf@v0.0.15.zip//github.com/charmbracelet/x/cellbuf@v0.0.15/wrap_test.go	ok
2026-09-27 14:59:31	C:\Users\lehie\AppData\Local\Temp\aiflow-security-modules-bnyayvbf\archives\github.com_charmbracelet_x_ansi@v0.11.8.zip//github.com/charmbracelet/x/ansi@v0.11.8/truncate.go	ok
2026-09-27 14:59:31	C:\Users\lehie\AppData\Local\Temp\aiflow-security-modules-bnyayvbf\archives\github.com_charmbracelet_x_ansi@v0.11.8.zip//github.com/charmbracelet/x/ansi@v0.11.8/truncate_test.go	ok
2026-09-27 14:59:31	C:\Users\lehie\AppData\Local\Temp\aiflow-security-modules-bnyayvbf\archives\github.com_charmbracelet_x_cellbuf@v0.0.15.zip//github.com/charmbracelet/x/cellbuf@v0.0.15/writer.go	ok
2026-09-27 14:59:31	C:\Users\lehie\AppData\Local\Temp\aiflow-security-modules-bnyayvbf\archives\github.com_charmbracelet_x_ansi@v0.11.8.zip//github.com/charmbracelet/x/ansi@v0.11.8/urxvt.go	ok
2026-09-27 14:59:31	C:\Users\lehie\AppData\Local\Temp\aiflow-security-modules-bnyayvbf\archives\github.com_charmbracelet_x_cellbuf@v0.0.15.zip//github.com/charmbracelet/x/cellbuf@v0.0.15/LICENSE	ok
2026-09-27 14:59:31	C:\Users\lehie\AppData\Local\Temp\aiflow-security-modules-bnyayvbf\archives\github.com_charmbracelet_x_cellbuf@v0.0.15.zip	ok
2026-09-27 14:59:31	C:\Users\lehie\AppData\Local\Temp\aiflow-security-modules-bnyayvbf\archives\github.com_charmbracelet_x_ansi@v0.11.8.zip//github.com/charmbracelet/x/ansi@v0.11.8/urxvt_test.go	ok
2026-09-27 14:59:31 	C:\Users\lehie\AppData\Local\Temp\aiflow-security-modules-bnyayvbf\archives\github.com_charmbracelet_x_term@v0.2.2.zip	archive	ZIP
2026-09-27 14:59:31	C:\Users\lehie\AppData\Local\Temp\aiflow-security-modules-bnyayvbf\archives\github.com_charmbracelet_x_term@v0.2.2.zip//github.com/charmbracelet/x/term@v0.2.2/go.mod	ok
2026-09-27 14:59:31	C:\Users\lehie\AppData\Local\Temp\aiflow-security-modules-bnyayvbf\archives\github.com_charmbracelet_x_ansi@v0.11.8.zip//github.com/charmbracelet/x/ansi@v0.11.8/util.go	ok
2026-09-27 14:59:31	C:\Users\lehie\AppData\Local\Temp\aiflow-security-modules-bnyayvbf\archives\github.com_charmbracelet_x_term@v0.2.2.zip//github.com/charmbracelet/x/term@v0.2.2/go.sum	ok
2026-09-27 14:59:31	C:\Users\lehie\AppData\Local\Temp\aiflow-security-modules-bnyayvbf\archives\github.com_charmbracelet_x_ansi@v0.11.8.zip//github.com/charmbracelet/x/ansi@v0.11.8/wcwidth.go	ok
2026-09-27 14:59:31	C:\Users\lehie\AppData\Local\Temp\aiflow-security-modules-bnyayvbf\archives\github.com_charmbracelet_x_term@v0.2.2.zip//github.com/charmbracelet/x/term@v0.2.2/term.go	ok
2026-09-27 14:59:31	C:\Users\lehie\AppData\Local\Temp\aiflow-security-modules-bnyayvbf\archives\github.com_charmbracelet_x_ansi@v0.11.8.zip//github.com/charmbracelet/x/ansi@v0.11.8/wcwidth_test.go	ok
2026-09-27 14:59:31	C:\Users\lehie\AppData\Local\Temp\aiflow-security-modules-bnyayvbf\archives\github.com_charmbracelet_x_term@v0.2.2.zip//github.com/charmbracelet/x/term@v0.2.2/term_other.go	ok
2026-09-27 14:59:31	C:\Users\lehie\AppData\Local\Temp\aiflow-security-modules-bnyayvbf\archives\github.com_charmbracelet_x_ansi@v0.11.8.zip//github.com/charmbracelet/x/ansi@v0.11.8/width.go	ok
2026-09-27 14:59:31	C:\Users\lehie\AppData\Local\Temp\aiflow-security-modules-bnyayvbf\archives\github.com_charmbracelet_x_term@v0.2.2.zip//github.com/charmbracelet/x/term@v0.2.2/term_plan9.go	ok
2026-09-27 14:59:31	C:\Users\lehie\AppData\Local\Temp\aiflow-security-modules-bnyayvbf\archives\github.com_charmbracelet_x_ansi@v0.11.8.zip//github.com/charmbracelet/x/ansi@v0.11.8/width_test.go	ok
2026-09-27 14:59:31	C:\Users\lehie\AppData\Local\Temp\aiflow-security-modules-bnyayvbf\archives\github.com_charmbracelet_x_term@v0.2.2.zip//github.com/charmbracelet/x/term@v0.2.2/term_test.go	ok
2026-09-27 14:59:31	C:\Users\lehie\AppData\Local\Temp\aiflow-security-modules-bnyayvbf\archives\github.com_charmbracelet_x_ansi@v0.11.8.zip//github.com/charmbracelet/x/ansi@v0.11.8/winop.go	ok
2026-09-27 14:59:31	C:\Users\lehie\AppData\Local\Temp\aiflow-security-modules-bnyayvbf\archives\github.com_charmbracelet_x_term@v0.2.2.zip//github.com/charmbracelet/x/term@v0.2.2/term_unix.go	ok
2026-09-27 14:59:31	C:\Users\lehie\AppData\Local\Temp\aiflow-security-modules-bnyayvbf\archives\github.com_charmbracelet_x_ansi@v0.11.8.zip//github.com/charmbracelet/x/ansi@v0.11.8/wrap.go	ok
2026-09-27 14:59:31	C:\Users\lehie\AppData\Local\Temp\aiflow-security-modules-bnyayvbf\archives\github.com_charmbracelet_x_term@v0.2.2.zip//github.com/charmbracelet/x/term@v0.2.2/term_unix_bsd.go	ok
2026-09-27 14:59:31	C:\Users\lehie\AppData\Local\Temp\aiflow-security-modules-bnyayvbf\archives\github.com_charmbracelet_x_term@v0.2.2.zip//github.com/charmbracelet/x/term@v0.2.2/term_unix_other.go	ok
2026-09-27 14:59:31	C:\Users\lehie\AppData\Local\Temp\aiflow-security-modules-bnyayvbf\archives\github.com_charmbracelet_x_ansi@v0.11.8.zip//github.com/charmbracelet/x/ansi@v0.11.8/wrap_test.go	ok
2026-09-27 14:59:31	C:\Users\lehie\AppData\Local\Temp\aiflow-security-modules-bnyayvbf\archives\github.com_charmbracelet_x_term@v0.2.2.zip//github.com/charmbracelet/x/term@v0.2.2/term_windows.go	ok
2026-09-27 14:59:31	C:\Users\lehie\AppData\Local\Temp\aiflow-security-modules-bnyayvbf\archives\github.com_charmbracelet_x_ansi@v0.11.8.zip//github.com/charmbracelet/x/ansi@v0.11.8/xterm.go	ok
2026-09-27 14:59:31	C:\Users\lehie\AppData\Local\Temp\aiflow-security-modules-bnyayvbf\archives\github.com_charmbracelet_x_term@v0.2.2.zip//github.com/charmbracelet/x/term@v0.2.2/terminal.go	ok
2026-09-27 14:59:31	C:\Users\lehie\AppData\Local\Temp\aiflow-security-modules-bnyayvbf\archives\github.com_charmbracelet_x_ansi@v0.11.8.zip//github.com/charmbracelet/x/ansi@v0.11.8/LICENSE	ok
2026-09-27 14:59:31	C:\Users\lehie\AppData\Local\Temp\aiflow-security-modules-bnyayvbf\archives\github.com_charmbracelet_x_ansi@v0.11.8.zip	ok
2026-09-27 14:59:31	C:\Users\lehie\AppData\Local\Temp\aiflow-security-modules-bnyayvbf\archives\github.com_charmbracelet_x_term@v0.2.2.zip//github.com/charmbracelet/x/term@v0.2.2/util.go	ok
2026-09-27 14:59:31 	C:\Users\lehie\AppData\Local\Temp\aiflow-security-modules-bnyayvbf\archives\github.com_clipperhouse_displaywidth@v0.11.0.zip	archive	ZIP
2026-09-27 14:59:31	C:\Users\lehie\AppData\Local\Temp\aiflow-security-modules-bnyayvbf\archives\github.com_charmbracelet_x_term@v0.2.2.zip//github.com/charmbracelet/x/term@v0.2.2/LICENSE	ok
2026-09-27 14:59:31	C:\Users\lehie\AppData\Local\Temp\aiflow-security-modules-bnyayvbf\archives\github.com_charmbracelet_x_term@v0.2.2.zip	ok
2026-09-27 14:59:31	C:\Users\lehie\AppData\Local\Temp\aiflow-security-modules-bnyayvbf\archives\github.com_clipperhouse_displaywidth@v0.11.0.zip//github.com/clipperhouse/displaywidth@v0.11.0/.github/workflows/gofuzz.yml	ok
2026-09-27 14:59:31 	C:\Users\lehie\AppData\Local\Temp\aiflow-security-modules-bnyayvbf\archives\github.com_clipperhouse_uax29_v2@v2.7.0.zip	archive	ZIP
2026-09-27 14:59:31	C:\Users\lehie\AppData\Local\Temp\aiflow-security-modules-bnyayvbf\archives\github.com_clipperhouse_displaywidth@v0.11.0.zip//github.com/clipperhouse/displaywidth@v0.11.0/.github/workflows/gotest.yml	ok
2026-09-27 14:59:31	C:\Users\lehie\AppData\Local\Temp\aiflow-security-modules-bnyayvbf\archives\github.com_clipperhouse_uax29_v2@v2.7.0.zip//github.com/clipperhouse/uax29/v2@v2.7.0/.github/workflows/gofuzz.yml	ok
2026-09-27 14:59:31	C:\Users\lehie\AppData\Local\Temp\aiflow-security-modules-bnyayvbf\archives\github.com_clipperhouse_displaywidth@v0.11.0.zip//github.com/clipperhouse/displaywidth@v0.11.0/.gitignore	ok
2026-09-27 14:59:31	C:\Users\lehie\AppData\Local\Temp\aiflow-security-modules-bnyayvbf\archives\github.com_clipperhouse_uax29_v2@v2.7.0.zip//github.com/clipperhouse/uax29/v2@v2.7.0/.github/workflows/gotest.yml	ok
2026-09-27 14:59:31	C:\Users\lehie\AppData\Local\Temp\aiflow-security-modules-bnyayvbf\archives\github.com_clipperhouse_displaywidth@v0.11.0.zip//github.com/clipperhouse/displaywidth@v0.11.0/AGENTS.md	ok
2026-09-27 14:59:31	C:\Users\lehie\AppData\Local\Temp\aiflow-security-modules-bnyayvbf\archives\github.com_clipperhouse_uax29_v2@v2.7.0.zip//github.com/clipperhouse/uax29/v2@v2.7.0/.gitignore	ok
2026-09-27 14:59:31	C:\Users\lehie\AppData\Local\Temp\aiflow-security-modules-bnyayvbf\archives\github.com_clipperhouse_displaywidth@v0.11.0.zip//github.com/clipperhouse/displaywidth@v0.11.0/CHANGELOG.md	ok
2026-09-27 14:59:31	C:\Users\lehie\AppData\Local\Temp\aiflow-security-modules-bnyayvbf\archives\github.com_clipperhouse_uax29_v2@v2.7.0.zip//github.com/clipperhouse/uax29/v2@v2.7.0/AGENTS.md	ok
2026-09-27 14:59:31	C:\Users\lehie\AppData\Local\Temp\aiflow-security-modules-bnyayvbf\archives\github.com_clipperhouse_displaywidth@v0.11.0.zip//github.com/clipperhouse/displaywidth@v0.11.0/LICENSE	ok
2026-09-27 14:59:31	C:\Users\lehie\AppData\Local\Temp\aiflow-security-modules-bnyayvbf\archives\github.com_clipperhouse_uax29_v2@v2.7.0.zip//github.com/clipperhouse/uax29/v2@v2.7.0/LICENSE	ok
2026-09-27 14:59:31	C:\Users\lehie\AppData\Local\Temp\aiflow-security-modules-bnyayvbf\archives\github.com_clipperhouse_displaywidth@v0.11.0.zip//github.com/clipperhouse/displaywidth@v0.11.0/README.md	ok
2026-09-27 14:59:31	C:\Users\lehie\AppData\Local\Temp\aiflow-security-modules-bnyayvbf\archives\github.com_clipperhouse_uax29_v2@v2.7.0.zip//github.com/clipperhouse/uax29/v2@v2.7.0/README.md	ok
2026-09-27 14:59:31	C:\Users\lehie\AppData\Local\Temp\aiflow-security-modules-bnyayvbf\archives\github.com_clipperhouse_uax29_v2@v2.7.0.zip//github.com/clipperhouse/uax29/v2@v2.7.0/doc.go	ok
2026-09-27 14:59:31	C:\Users\lehie\AppData\Local\Temp\aiflow-security-modules-bnyayvbf\archives\github.com_clipperhouse_displaywidth@v0.11.0.zip//github.com/clipperhouse/displaywidth@v0.11.0/fuzz_test.go	ok
2026-09-27 14:59:31	C:\Users\lehie\AppData\Local\Temp\aiflow-security-modules-bnyayvbf\archives\github.com_clipperhouse_uax29_v2@v2.7.0.zip//github.com/clipperhouse/uax29/v2@v2.7.0/gen.go	ok
2026-09-27 14:59:31	C:\Users\lehie\AppData\Local\Temp\aiflow-security-modules-bnyayvbf\archives\github.com_clipperhouse_displaywidth@v0.11.0.zip//github.com/clipperhouse/displaywidth@v0.11.0/gen.go	ok
2026-09-27 14:59:31	C:\Users\lehie\AppData\Local\Temp\aiflow-security-modules-bnyayvbf\archives\github.com_clipperhouse_uax29_v2@v2.7.0.zip//github.com/clipperhouse/uax29/v2@v2.7.0/go.mod	ok
2026-09-27 14:59:31	C:\Users\lehie\AppData\Local\Temp\aiflow-security-modules-bnyayvbf\archives\github.com_clipperhouse_displaywidth@v0.11.0.zip//github.com/clipperhouse/displaywidth@v0.11.0/go.mod	ok
2026-09-27 14:59:31	C:\Users\lehie\AppData\Local\Temp\aiflow-security-modules-bnyayvbf\archives\github.com_clipperhouse_uax29_v2@v2.7.0.zip//github.com/clipperhouse/uax29/v2@v2.7.0/go.sum	ok
2026-09-27 14:59:31	C:\Users\lehie\AppData\Local\Temp\aiflow-security-modules-bnyayvbf\archives\github.com_clipperhouse_displaywidth@v0.11.0.zip//github.com/clipperhouse/displaywidth@v0.11.0/go.sum	ok
2026-09-27 14:59:31	C:\Users\lehie\AppData\Local\Temp\aiflow-security-modules-bnyayvbf\archives\github.com_clipperhouse_uax29_v2@v2.7.0.zip//github.com/clipperhouse/uax29/v2@v2.7.0/graphemes/README.md	ok
2026-09-27 14:59:31	C:\Users\lehie\AppData\Local\Temp\aiflow-security-modules-bnyayvbf\archives\github.com_clipperhouse_displaywidth@v0.11.0.zip//github.com/clipperhouse/displaywidth@v0.11.0/graphemes.go	ok
2026-09-27 14:59:31	C:\Users\lehie\AppData\Local\Temp\aiflow-security-modules-bnyayvbf\archives\github.com_clipperhouse_uax29_v2@v2.7.0.zip//github.com/clipperhouse/uax29/v2@v2.7.0/graphemes/ansi.go	ok
2026-09-27 14:59:31	C:\Users\lehie\AppData\Local\Temp\aiflow-security-modules-bnyayvbf\archives\github.com_clipperhouse_displaywidth@v0.11.0.zip//github.com/clipperhouse/displaywidth@v0.11.0/options.go	ok
2026-09-27 14:59:31	C:\Users\lehie\AppData\Local\Temp\aiflow-security-modules-bnyayvbf\archives\github.com_clipperhouse_uax29_v2@v2.7.0.zip//github.com/clipperhouse/uax29/v2@v2.7.0/graphemes/ansi8.go	ok
2026-09-27 14:59:31	C:\Users\lehie\AppData\Local\Temp\aiflow-security-modules-bnyayvbf\archives\github.com_clipperhouse_displaywidth@v0.11.0.zip//github.com/clipperhouse/displaywidth@v0.11.0/terminal-test/main.go	ok
2026-09-27 14:59:31	C:\Users\lehie\AppData\Local\Temp\aiflow-security-modules-bnyayvbf\archives\github.com_clipperhouse_displaywidth@v0.11.0.zip//github.com/clipperhouse/displaywidth@v0.11.0/testdata/UTF-8-test.txt	ok
2026-09-27 14:59:31	C:\Users\lehie\AppData\Local\Temp\aiflow-security-modules-bnyayvbf\archives\github.com_clipperhouse_uax29_v2@v2.7.0.zip//github.com/clipperhouse/uax29/v2@v2.7.0/graphemes/ansi_test.go	ok
2026-09-27 14:59:31	C:\Users\lehie\AppData\Local\Temp\aiflow-security-modules-bnyayvbf\archives\github.com_clipperhouse_uax29_v2@v2.7.0.zip//github.com/clipperhouse/uax29/v2@v2.7.0/graphemes/bytes_test.go	ok
2026-09-27 14:59:31	C:\Users\lehie\AppData\Local\Temp\aiflow-security-modules-bnyayvbf\archives\github.com_clipperhouse_displaywidth@v0.11.0.zip//github.com/clipperhouse/displaywidth@v0.11.0/testdata/sample.txt	ok
2026-09-27 14:59:31	C:\Users\lehie\AppData\Local\Temp\aiflow-security-modules-bnyayvbf\archives\github.com_clipperhouse_displaywidth@v0.11.0.zip//github.com/clipperhouse/displaywidth@v0.11.0/testdata/test_cases.txt	ok
2026-09-27 14:59:31	C:\Users\lehie\AppData\Local\Temp\aiflow-security-modules-bnyayvbf\archives\github.com_clipperhouse_uax29_v2@v2.7.0.zip//github.com/clipperhouse/uax29/v2@v2.7.0/graphemes/fuzz_test.go	ok
2026-09-27 14:59:31	C:\Users\lehie\AppData\Local\Temp\aiflow-security-modules-bnyayvbf\archives\github.com_clipperhouse_displaywidth@v0.11.0.zip//github.com/clipperhouse/displaywidth@v0.11.0/testdata/testdata.go	ok
2026-09-27 14:59:31	C:\Users\lehie\AppData\Local\Temp\aiflow-security-modules-bnyayvbf\archives\github.com_clipperhouse_uax29_v2@v2.7.0.zip//github.com/clipperhouse/uax29/v2@v2.7.0/graphemes/iterator.go	ok
2026-09-27 14:59:31	C:\Users\lehie\AppData\Local\Temp\aiflow-security-modules-bnyayvbf\archives\github.com_clipperhouse_uax29_v2@v2.7.0.zip//github.com/clipperhouse/uax29/v2@v2.7.0/graphemes/reader.go	ok
2026-09-27 14:59:31	C:\Users\lehie\AppData\Local\Temp\aiflow-security-modules-bnyayvbf\archives\github.com_clipperhouse_displaywidth@v0.11.0.zip//github.com/clipperhouse/displaywidth@v0.11.0/trie.go	ok
2026-09-27 14:59:31	C:\Users\lehie\AppData\Local\Temp\aiflow-security-modules-bnyayvbf\archives\github.com_clipperhouse_uax29_v2@v2.7.0.zip//github.com/clipperhouse/uax29/v2@v2.7.0/graphemes/reader_test.go	ok
2026-09-27 14:59:31	C:\Users\lehie\AppData\Local\Temp\aiflow-security-modules-bnyayvbf\archives\github.com_clipperhouse_displaywidth@v0.11.0.zip//github.com/clipperhouse/displaywidth@v0.11.0/truncate.go	ok
2026-09-27 14:59:31	C:\Users\lehie\AppData\Local\Temp\aiflow-security-modules-bnyayvbf\archives\github.com_clipperhouse_uax29_v2@v2.7.0.zip//github.com/clipperhouse/uax29/v2@v2.7.0/graphemes/splitfunc.go	ok
2026-09-27 14:59:31	C:\Users\lehie\AppData\Local\Temp\aiflow-security-modules-bnyayvbf\archives\github.com_clipperhouse_displaywidth@v0.11.0.zip//github.com/clipperhouse/displaywidth@v0.11.0/truncate_bench_test.go	ok
2026-09-27 14:59:31	C:\Users\lehie\AppData\Local\Temp\aiflow-security-modules-bnyayvbf\archives\github.com_clipperhouse_uax29_v2@v2.7.0.zip//github.com/clipperhouse/uax29/v2@v2.7.0/graphemes/string_test.go	ok
2026-09-27 14:59:31	C:\Users\lehie\AppData\Local\Temp\aiflow-security-modules-bnyayvbf\archives\github.com_clipperhouse_displaywidth@v0.11.0.zip//github.com/clipperhouse/displaywidth@v0.11.0/width.go	ok
2026-09-27 14:59:31	C:\Users\lehie\AppData\Local\Temp\aiflow-security-modules-bnyayvbf\archives\github.com_clipperhouse_uax29_v2@v2.7.0.zip//github.com/clipperhouse/uax29/v2@v2.7.0/graphemes/trie.go	ok
2026-09-27 14:59:31	C:\Users\lehie\AppData\Local\Temp\aiflow-security-modules-bnyayvbf\archives\github.com_clipperhouse_displaywidth@v0.11.0.zip//github.com/clipperhouse/displaywidth@v0.11.0/width_test.go	ok
2026-09-27 14:59:31	C:\Users\lehie\AppData\Local\Temp\aiflow-security-modules-bnyayvbf\archives\github.com_clipperhouse_displaywidth@v0.11.0.zip	ok
2026-09-27 14:59:31 	C:\Users\lehie\AppData\Local\Temp\aiflow-security-modules-bnyayvbf\archives\github.com_davecgh_go-spew@v1.1.1.zip	archive	ZIP
2026-09-27 14:59:31	C:\Users\lehie\AppData\Local\Temp\aiflow-security-modules-bnyayvbf\archives\github.com_davecgh_go-spew@v1.1.1.zip//github.com/davecgh/go-spew@v1.1.1/.gitignore	ok
2026-09-27 14:59:31	C:\Users\lehie\AppData\Local\Temp\aiflow-security-modules-bnyayvbf\archives\github.com_clipperhouse_uax29_v2@v2.7.0.zip//github.com/clipperhouse/uax29/v2@v2.7.0/graphemes/unicode_test.go	ok
2026-09-27 14:59:31	C:\Users\lehie\AppData\Local\Temp\aiflow-security-modules-bnyayvbf\archives\github.com_davecgh_go-spew@v1.1.1.zip//github.com/davecgh/go-spew@v1.1.1/.travis.yml	ok
2026-09-27 14:59:31	C:\Users\lehie\AppData\Local\Temp\aiflow-security-modules-bnyayvbf\archives\github.com_clipperhouse_uax29_v2@v2.7.0.zip//github.com/clipperhouse/uax29/v2@v2.7.0/internal/iterators/filter/filter.go	ok
2026-09-27 14:59:31	C:\Users\lehie\AppData\Local\Temp\aiflow-security-modules-bnyayvbf\archives\github.com_davecgh_go-spew@v1.1.1.zip//github.com/davecgh/go-spew@v1.1.1/LICENSE	ok
2026-09-27 14:59:31	C:\Users\lehie\AppData\Local\Temp\aiflow-security-modules-bnyayvbf\archives\github.com_clipperhouse_uax29_v2@v2.7.0.zip//github.com/clipperhouse/uax29/v2@v2.7.0/internal/iterators/iterator.go	ok
2026-09-27 14:59:31	C:\Users\lehie\AppData\Local\Temp\aiflow-security-modules-bnyayvbf\archives\github.com_davecgh_go-spew@v1.1.1.zip//github.com/davecgh/go-spew@v1.1.1/README.md	ok
2026-09-27 14:59:31	C:\Users\lehie\AppData\Local\Temp\aiflow-security-modules-bnyayvbf\archives\github.com_clipperhouse_uax29_v2@v2.7.0.zip//github.com/clipperhouse/uax29/v2@v2.7.0/internal/iterators/iterator_test.go	ok
2026-09-27 14:59:31	C:\Users\lehie\AppData\Local\Temp\aiflow-security-modules-bnyayvbf\archives\github.com_davecgh_go-spew@v1.1.1.zip//github.com/davecgh/go-spew@v1.1.1/cov_report.sh	ok
2026-09-27 14:59:31	C:\Users\lehie\AppData\Local\Temp\aiflow-security-modules-bnyayvbf\archives\github.com_clipperhouse_uax29_v2@v2.7.0.zip//github.com/clipperhouse/uax29/v2@v2.7.0/phrases/README.md	ok
2026-09-27 14:59:31	C:\Users\lehie\AppData\Local\Temp\aiflow-security-modules-bnyayvbf\archives\github.com_davecgh_go-spew@v1.1.1.zip//github.com/davecgh/go-spew@v1.1.1/spew/bypass.go	ok
2026-09-27 14:59:31	C:\Users\lehie\AppData\Local\Temp\aiflow-security-modules-bnyayvbf\archives\github.com_clipperhouse_uax29_v2@v2.7.0.zip//github.com/clipperhouse/uax29/v2@v2.7.0/phrases/bytes_test.go	ok
2026-09-27 14:59:31	C:\Users\lehie\AppData\Local\Temp\aiflow-security-modules-bnyayvbf\archives\github.com_davecgh_go-spew@v1.1.1.zip//github.com/davecgh/go-spew@v1.1.1/spew/bypasssafe.go	ok
2026-09-27 14:59:31	C:\Users\lehie\AppData\Local\Temp\aiflow-security-modules-bnyayvbf\archives\github.com_clipperhouse_uax29_v2@v2.7.0.zip//github.com/clipperhouse/uax29/v2@v2.7.0/phrases/fuzz_test.go	ok
2026-09-27 14:59:31	C:\Users\lehie\AppData\Local\Temp\aiflow-security-modules-bnyayvbf\archives\github.com_davecgh_go-spew@v1.1.1.zip//github.com/davecgh/go-spew@v1.1.1/spew/common.go	ok
2026-09-27 14:59:31	C:\Users\lehie\AppData\Local\Temp\aiflow-security-modules-bnyayvbf\archives\github.com_clipperhouse_uax29_v2@v2.7.0.zip//github.com/clipperhouse/uax29/v2@v2.7.0/phrases/iterator.go	ok
2026-09-27 14:59:31	C:\Users\lehie\AppData\Local\Temp\aiflow-security-modules-bnyayvbf\archives\github.com_davecgh_go-spew@v1.1.1.zip//github.com/davecgh/go-spew@v1.1.1/spew/common_test.go	ok
2026-09-27 14:59:31	C:\Users\lehie\AppData\Local\Temp\aiflow-security-modules-bnyayvbf\archives\github.com_clipperhouse_uax29_v2@v2.7.0.zip//github.com/clipperhouse/uax29/v2@v2.7.0/phrases/reader.go	ok
2026-09-27 14:59:31	C:\Users\lehie\AppData\Local\Temp\aiflow-security-modules-bnyayvbf\archives\github.com_clipperhouse_uax29_v2@v2.7.0.zip//github.com/clipperhouse/uax29/v2@v2.7.0/phrases/reader_test.go	ok
2026-09-27 14:59:31	C:\Users\lehie\AppData\Local\Temp\aiflow-security-modules-bnyayvbf\archives\github.com_davecgh_go-spew@v1.1.1.zip//github.com/davecgh/go-spew@v1.1.1/spew/config.go	ok
2026-09-27 14:59:31	C:\Users\lehie\AppData\Local\Temp\aiflow-security-modules-bnyayvbf\archives\github.com_clipperhouse_uax29_v2@v2.7.0.zip//github.com/clipperhouse/uax29/v2@v2.7.0/phrases/seek.go	ok
2026-09-27 14:59:31	C:\Users\lehie\AppData\Local\Temp\aiflow-security-modules-bnyayvbf\archives\github.com_davecgh_go-spew@v1.1.1.zip//github.com/davecgh/go-spew@v1.1.1/spew/doc.go	ok
2026-09-27 14:59:31	C:\Users\lehie\AppData\Local\Temp\aiflow-security-modules-bnyayvbf\archives\github.com_clipperhouse_uax29_v2@v2.7.0.zip//github.com/clipperhouse/uax29/v2@v2.7.0/phrases/seek_test.go	ok
2026-09-27 14:59:31	C:\Users\lehie\AppData\Local\Temp\aiflow-security-modules-bnyayvbf\archives\github.com_davecgh_go-spew@v1.1.1.zip//github.com/davecgh/go-spew@v1.1.1/spew/dump.go	ok
2026-09-27 14:59:31	C:\Users\lehie\AppData\Local\Temp\aiflow-security-modules-bnyayvbf\archives\github.com_clipperhouse_uax29_v2@v2.7.0.zip//github.com/clipperhouse/uax29/v2@v2.7.0/phrases/splitfunc.go	ok
2026-09-27 14:59:31	C:\Users\lehie\AppData\Local\Temp\aiflow-security-modules-bnyayvbf\archives\github.com_clipperhouse_uax29_v2@v2.7.0.zip//github.com/clipperhouse/uax29/v2@v2.7.0/phrases/string_test.go	ok
2026-09-27 14:59:31	C:\Users\lehie\AppData\Local\Temp\aiflow-security-modules-bnyayvbf\archives\github.com_davecgh_go-spew@v1.1.1.zip//github.com/davecgh/go-spew@v1.1.1/spew/dump_test.go	ok
2026-09-27 14:59:31	C:\Users\lehie\AppData\Local\Temp\aiflow-security-modules-bnyayvbf\archives\github.com_davecgh_go-spew@v1.1.1.zip//github.com/davecgh/go-spew@v1.1.1/spew/dumpcgo_test.go	ok
2026-09-27 14:59:31	C:\Users\lehie\AppData\Local\Temp\aiflow-security-modules-bnyayvbf\archives\github.com_davecgh_go-spew@v1.1.1.zip//github.com/davecgh/go-spew@v1.1.1/spew/dumpnocgo_test.go	ok
2026-09-27 14:59:31	C:\Users\lehie\AppData\Local\Temp\aiflow-security-modules-bnyayvbf\archives\github.com_davecgh_go-spew@v1.1.1.zip//github.com/davecgh/go-spew@v1.1.1/spew/example_test.go	ok
2026-09-27 14:59:31	C:\Users\lehie\AppData\Local\Temp\aiflow-security-modules-bnyayvbf\archives\github.com_clipperhouse_uax29_v2@v2.7.0.zip//github.com/clipperhouse/uax29/v2@v2.7.0/phrases/trie.go	ok
2026-09-27 14:59:31	C:\Users\lehie\AppData\Local\Temp\aiflow-security-modules-bnyayvbf\archives\github.com_davecgh_go-spew@v1.1.1.zip//github.com/davecgh/go-spew@v1.1.1/spew/format.go	ok
2026-09-27 14:59:31	C:\Users\lehie\AppData\Local\Temp\aiflow-security-modules-bnyayvbf\archives\github.com_clipperhouse_uax29_v2@v2.7.0.zip//github.com/clipperhouse/uax29/v2@v2.7.0/sentences/README.md	ok
2026-09-27 14:59:31	C:\Users\lehie\AppData\Local\Temp\aiflow-security-modules-bnyayvbf\archives\github.com_davecgh_go-spew@v1.1.1.zip//github.com/davecgh/go-spew@v1.1.1/spew/format_test.go	ok
2026-09-27 14:59:31	C:\Users\lehie\AppData\Local\Temp\aiflow-security-modules-bnyayvbf\archives\github.com_clipperhouse_uax29_v2@v2.7.0.zip//github.com/clipperhouse/uax29/v2@v2.7.0/sentences/bytes_test.go	ok
2026-09-27 14:59:31	C:\Users\lehie\AppData\Local\Temp\aiflow-security-modules-bnyayvbf\archives\github.com_davecgh_go-spew@v1.1.1.zip//github.com/davecgh/go-spew@v1.1.1/spew/internal_test.go	ok
2026-09-27 14:59:31	C:\Users\lehie\AppData\Local\Temp\aiflow-security-modules-bnyayvbf\archives\github.com_clipperhouse_uax29_v2@v2.7.0.zip//github.com/clipperhouse/uax29/v2@v2.7.0/sentences/fuzz_test.go	ok
2026-09-27 14:59:31	C:\Users\lehie\AppData\Local\Temp\aiflow-security-modules-bnyayvbf\archives\github.com_clipperhouse_uax29_v2@v2.7.0.zip//github.com/clipperhouse/uax29/v2@v2.7.0/sentences/iterator.go	ok
2026-09-27 14:59:31	C:\Users\lehie\AppData\Local\Temp\aiflow-security-modules-bnyayvbf\archives\github.com_davecgh_go-spew@v1.1.1.zip//github.com/davecgh/go-spew@v1.1.1/spew/internalunsafe_test.go	ok
2026-09-27 14:59:31	C:\Users\lehie\AppData\Local\Temp\aiflow-security-modules-bnyayvbf\archives\github.com_clipperhouse_uax29_v2@v2.7.0.zip//github.com/clipperhouse/uax29/v2@v2.7.0/sentences/reader.go	ok
2026-09-27 14:59:31	C:\Users\lehie\AppData\Local\Temp\aiflow-security-modules-bnyayvbf\archives\github.com_davecgh_go-spew@v1.1.1.zip//github.com/davecgh/go-spew@v1.1.1/spew/spew.go	ok
2026-09-27 14:59:31	C:\Users\lehie\AppData\Local\Temp\aiflow-security-modules-bnyayvbf\archives\github.com_clipperhouse_uax29_v2@v2.7.0.zip//github.com/clipperhouse/uax29/v2@v2.7.0/sentences/reader_test.go	ok
2026-09-27 14:59:31	C:\Users\lehie\AppData\Local\Temp\aiflow-security-modules-bnyayvbf\archives\github.com_davecgh_go-spew@v1.1.1.zip//github.com/davecgh/go-spew@v1.1.1/spew/spew_test.go	ok
2026-09-27 14:59:31	C:\Users\lehie\AppData\Local\Temp\aiflow-security-modules-bnyayvbf\archives\github.com_clipperhouse_uax29_v2@v2.7.0.zip//github.com/clipperhouse/uax29/v2@v2.7.0/sentences/seek.go	ok
2026-09-27 14:59:31	C:\Users\lehie\AppData\Local\Temp\aiflow-security-modules-bnyayvbf\archives\github.com_davecgh_go-spew@v1.1.1.zip//github.com/davecgh/go-spew@v1.1.1/spew/testdata/dumpcgo.go	ok
2026-09-27 14:59:31	C:\Users\lehie\AppData\Local\Temp\aiflow-security-modules-bnyayvbf\archives\github.com_clipperhouse_uax29_v2@v2.7.0.zip//github.com/clipperhouse/uax29/v2@v2.7.0/sentences/seek_test.go	ok
2026-09-27 14:59:31	C:\Users\lehie\AppData\Local\Temp\aiflow-security-modules-bnyayvbf\archives\github.com_davecgh_go-spew@v1.1.1.zip//github.com/davecgh/go-spew@v1.1.1/test_coverage.txt	ok
2026-09-27 14:59:31	C:\Users\lehie\AppData\Local\Temp\aiflow-security-modules-bnyayvbf\archives\github.com_davecgh_go-spew@v1.1.1.zip	ok
2026-09-27 14:59:31	C:\Users\lehie\AppData\Local\Temp\aiflow-security-modules-bnyayvbf\archives\github.com_clipperhouse_uax29_v2@v2.7.0.zip//github.com/clipperhouse/uax29/v2@v2.7.0/sentences/splitfunc.go	ok
2026-09-27 14:59:31 	C:\Users\lehie\AppData\Local\Temp\aiflow-security-modules-bnyayvbf\archives\github.com_erikgeiser_coninput@v0.0.0-20211004153227-1c3628e74d0f.zip	archive	ZIP
2026-09-27 14:59:31	C:\Users\lehie\AppData\Local\Temp\aiflow-security-modules-bnyayvbf\archives\github.com_erikgeiser_coninput@v0.0.0-20211004153227-1c3628e74d0f.zip//github.com/erikgeiser/coninput@v0.0.0-20211004153227-1c3628e74d0f/.gitignore	ok
2026-09-27 14:59:31	C:\Users\lehie\AppData\Local\Temp\aiflow-security-modules-bnyayvbf\archives\github.com_clipperhouse_uax29_v2@v2.7.0.zip//github.com/clipperhouse/uax29/v2@v2.7.0/sentences/string_test.go	ok
2026-09-27 14:59:31	C:\Users\lehie\AppData\Local\Temp\aiflow-security-modules-bnyayvbf\archives\github.com_erikgeiser_coninput@v0.0.0-20211004153227-1c3628e74d0f.zip//github.com/erikgeiser/coninput@v0.0.0-20211004153227-1c3628e74d0f/.golangci.yml	ok
2026-09-27 14:59:31	C:\Users\lehie\AppData\Local\Temp\aiflow-security-modules-bnyayvbf\archives\github.com_erikgeiser_coninput@v0.0.0-20211004153227-1c3628e74d0f.zip//github.com/erikgeiser/coninput@v0.0.0-20211004153227-1c3628e74d0f/LICENSE	ok
2026-09-27 14:59:31	C:\Users\lehie\AppData\Local\Temp\aiflow-security-modules-bnyayvbf\archives\github.com_erikgeiser_coninput@v0.0.0-20211004153227-1c3628e74d0f.zip//github.com/erikgeiser/coninput@v0.0.0-20211004153227-1c3628e74d0f/README.md	ok
2026-09-27 14:59:31	C:\Users\lehie\AppData\Local\Temp\aiflow-security-modules-bnyayvbf\archives\github.com_erikgeiser_coninput@v0.0.0-20211004153227-1c3628e74d0f.zip//github.com/erikgeiser/coninput@v0.0.0-20211004153227-1c3628e74d0f/example/main.go	ok
2026-09-27 14:59:31	C:\Users\lehie\AppData\Local\Temp\aiflow-security-modules-bnyayvbf\archives\github.com_erikgeiser_coninput@v0.0.0-20211004153227-1c3628e74d0f.zip//github.com/erikgeiser/coninput@v0.0.0-20211004153227-1c3628e74d0f/go.mod	ok
2026-09-27 14:59:31	C:\Users\lehie\AppData\Local\Temp\aiflow-security-modules-bnyayvbf\archives\github.com_clipperhouse_uax29_v2@v2.7.0.zip//github.com/clipperhouse/uax29/v2@v2.7.0/sentences/trie.go	ok
2026-09-27 14:59:31	C:\Users\lehie\AppData\Local\Temp\aiflow-security-modules-bnyayvbf\archives\github.com_erikgeiser_coninput@v0.0.0-20211004153227-1c3628e74d0f.zip//github.com/erikgeiser/coninput@v0.0.0-20211004153227-1c3628e74d0f/go.sum	ok
2026-09-27 14:59:31	C:\Users\lehie\AppData\Local\Temp\aiflow-security-modules-bnyayvbf\archives\github.com_erikgeiser_coninput@v0.0.0-20211004153227-1c3628e74d0f.zip//github.com/erikgeiser/coninput@v0.0.0-20211004153227-1c3628e74d0f/keycodes.go	ok
2026-09-27 14:59:31	C:\Users\lehie\AppData\Local\Temp\aiflow-security-modules-bnyayvbf\archives\github.com_clipperhouse_uax29_v2@v2.7.0.zip//github.com/clipperhouse/uax29/v2@v2.7.0/sentences/unicode_test.go	ok
2026-09-27 14:59:31	C:\Users\lehie\AppData\Local\Temp\aiflow-security-modules-bnyayvbf\archives\github.com_erikgeiser_coninput@v0.0.0-20211004153227-1c3628e74d0f.zip//github.com/erikgeiser/coninput@v0.0.0-20211004153227-1c3628e74d0f/mode.go	ok
2026-09-27 14:59:31	C:\Users\lehie\AppData\Local\Temp\aiflow-security-modules-bnyayvbf\archives\github.com_clipperhouse_uax29_v2@v2.7.0.zip//github.com/clipperhouse/uax29/v2@v2.7.0/testdata/UTF-8-test.txt	ok
2026-09-27 14:59:31	C:\Users\lehie\AppData\Local\Temp\aiflow-security-modules-bnyayvbf\archives\github.com_erikgeiser_coninput@v0.0.0-20211004153227-1c3628e74d0f.zip//github.com/erikgeiser/coninput@v0.0.0-20211004153227-1c3628e74d0f/read.go	ok
2026-09-27 14:59:31	C:\Users\lehie\AppData\Local\Temp\aiflow-security-modules-bnyayvbf\archives\github.com_clipperhouse_uax29_v2@v2.7.0.zip//github.com/clipperhouse/uax29/v2@v2.7.0/testdata/sample.txt	ok
2026-09-27 14:59:31	C:\Users\lehie\AppData\Local\Temp\aiflow-security-modules-bnyayvbf\archives\github.com_erikgeiser_coninput@v0.0.0-20211004153227-1c3628e74d0f.zip//github.com/erikgeiser/coninput@v0.0.0-20211004153227-1c3628e74d0f/records.go	ok
2026-09-27 14:59:31	C:\Users\lehie\AppData\Local\Temp\aiflow-security-modules-bnyayvbf\archives\github.com_erikgeiser_coninput@v0.0.0-20211004153227-1c3628e74d0f.zip	ok
2026-09-27 14:59:31	C:\Users\lehie\AppData\Local\Temp\aiflow-security-modules-bnyayvbf\archives\github.com_clipperhouse_uax29_v2@v2.7.0.zip//github.com/clipperhouse/uax29/v2@v2.7.0/testdata/testdata.go	ok
2026-09-27 14:59:31 	C:\Users\lehie\AppData\Local\Temp\aiflow-security-modules-bnyayvbf\archives\github.com_gofrs_flock@v0.13.0.zip	archive	ZIP
2026-09-27 14:59:31	C:\Users\lehie\AppData\Local\Temp\aiflow-security-modules-bnyayvbf\archives\github.com_clipperhouse_uax29_v2@v2.7.0.zip//github.com/clipperhouse/uax29/v2@v2.7.0/words/README.md	ok
2026-09-27 14:59:31	C:\Users\lehie\AppData\Local\Temp\aiflow-security-modules-bnyayvbf\archives\github.com_gofrs_flock@v0.13.0.zip//github.com/gofrs/flock@v0.13.0/.github/dependabot.yml	ok
2026-09-27 14:59:31	C:\Users\lehie\AppData\Local\Temp\aiflow-security-modules-bnyayvbf\archives\github.com_clipperhouse_uax29_v2@v2.7.0.zip//github.com/clipperhouse/uax29/v2@v2.7.0/words/bleve_compat.go	ok
2026-09-27 14:59:31	C:\Users\lehie\AppData\Local\Temp\aiflow-security-modules-bnyayvbf\archives\github.com_gofrs_flock@v0.13.0.zip//github.com/gofrs/flock@v0.13.0/.github/workflows/linting.yml	ok
2026-09-27 14:59:31	C:\Users\lehie\AppData\Local\Temp\aiflow-security-modules-bnyayvbf\archives\github.com_clipperhouse_uax29_v2@v2.7.0.zip//github.com/clipperhouse/uax29/v2@v2.7.0/words/bleve_compat_test.go	ok
2026-09-27 14:59:31	C:\Users\lehie\AppData\Local\Temp\aiflow-security-modules-bnyayvbf\archives\github.com_gofrs_flock@v0.13.0.zip//github.com/gofrs/flock@v0.13.0/.github/workflows/scorecards.yml	ok
2026-09-27 14:59:31	C:\Users\lehie\AppData\Local\Temp\aiflow-security-modules-bnyayvbf\archives\github.com_gofrs_flock@v0.13.0.zip//github.com/gofrs/flock@v0.13.0/.github/workflows/test.yml	ok
2026-09-27 14:59:31	C:\Users\lehie\AppData\Local\Temp\aiflow-security-modules-bnyayvbf\archives\github.com_clipperhouse_uax29_v2@v2.7.0.zip//github.com/clipperhouse/uax29/v2@v2.7.0/words/bytes_test.go	ok
2026-09-27 14:59:31	C:\Users\lehie\AppData\Local\Temp\aiflow-security-modules-bnyayvbf\archives\github.com_gofrs_flock@v0.13.0.zip//github.com/gofrs/flock@v0.13.0/.gitignore	ok
2026-09-27 14:59:31	C:\Users\lehie\AppData\Local\Temp\aiflow-security-modules-bnyayvbf\archives\github.com_clipperhouse_uax29_v2@v2.7.0.zip//github.com/clipperhouse/uax29/v2@v2.7.0/words/fuzz_test.go	ok
2026-09-27 14:59:31	C:\Users\lehie\AppData\Local\Temp\aiflow-security-modules-bnyayvbf\archives\github.com_gofrs_flock@v0.13.0.zip//github.com/gofrs/flock@v0.13.0/.golangci.yml	ok
2026-09-27 14:59:31	C:\Users\lehie\AppData\Local\Temp\aiflow-security-modules-bnyayvbf\archives\github.com_clipperhouse_uax29_v2@v2.7.0.zip//github.com/clipperhouse/uax29/v2@v2.7.0/words/iterator.go	ok
2026-09-27 14:59:31	C:\Users\lehie\AppData\Local\Temp\aiflow-security-modules-bnyayvbf\archives\github.com_gofrs_flock@v0.13.0.zip//github.com/gofrs/flock@v0.13.0/LICENSE	ok
2026-09-27 14:59:31	C:\Users\lehie\AppData\Local\Temp\aiflow-security-modules-bnyayvbf\archives\github.com_clipperhouse_uax29_v2@v2.7.0.zip//github.com/clipperhouse/uax29/v2@v2.7.0/words/joiners.go	ok
2026-09-27 14:59:31	C:\Users\lehie\AppData\Local\Temp\aiflow-security-modules-bnyayvbf\archives\github.com_gofrs_flock@v0.13.0.zip//github.com/gofrs/flock@v0.13.0/Makefile	ok
2026-09-27 14:59:31	C:\Users\lehie\AppData\Local\Temp\aiflow-security-modules-bnyayvbf\archives\github.com_clipperhouse_uax29_v2@v2.7.0.zip//github.com/clipperhouse/uax29/v2@v2.7.0/words/joiners_test.go	ok
2026-09-27 14:59:31	C:\Users\lehie\AppData\Local\Temp\aiflow-security-modules-bnyayvbf\archives\github.com_gofrs_flock@v0.13.0.zip//github.com/gofrs/flock@v0.13.0/README.md	ok
2026-09-27 14:59:31	C:\Users\lehie\AppData\Local\Temp\aiflow-security-modules-bnyayvbf\archives\github.com_clipperhouse_uax29_v2@v2.7.0.zip//github.com/clipperhouse/uax29/v2@v2.7.0/words/reader.go	ok
2026-09-27 14:59:31	C:\Users\lehie\AppData\Local\Temp\aiflow-security-modules-bnyayvbf\archives\github.com_gofrs_flock@v0.13.0.zip//github.com/gofrs/flock@v0.13.0/SECURITY.md	ok
2026-09-27 14:59:31	C:\Users\lehie\AppData\Local\Temp\aiflow-security-modules-bnyayvbf\archives\github.com_clipperhouse_uax29_v2@v2.7.0.zip//github.com/clipperhouse/uax29/v2@v2.7.0/words/reader_test.go	ok
2026-09-27 14:59:31	C:\Users\lehie\AppData\Local\Temp\aiflow-security-modules-bnyayvbf\archives\github.com_gofrs_flock@v0.13.0.zip//github.com/gofrs/flock@v0.13.0/build.sh	ok
2026-09-27 14:59:31	C:\Users\lehie\AppData\Local\Temp\aiflow-security-modules-bnyayvbf\archives\github.com_clipperhouse_uax29_v2@v2.7.0.zip//github.com/clipperhouse/uax29/v2@v2.7.0/words/seek.go	ok
2026-09-27 14:59:31	C:\Users\lehie\AppData\Local\Temp\aiflow-security-modules-bnyayvbf\archives\github.com_gofrs_flock@v0.13.0.zip//github.com/gofrs/flock@v0.13.0/flock.go	ok
2026-09-27 14:59:31	C:\Users\lehie\AppData\Local\Temp\aiflow-security-modules-bnyayvbf\archives\github.com_clipperhouse_uax29_v2@v2.7.0.zip//github.com/clipperhouse/uax29/v2@v2.7.0/words/seek_test.go	ok
2026-09-27 14:59:31	C:\Users\lehie\AppData\Local\Temp\aiflow-security-modules-bnyayvbf\archives\github.com_gofrs_flock@v0.13.0.zip//github.com/gofrs/flock@v0.13.0/flock_example_test.go	ok
2026-09-27 14:59:31	C:\Users\lehie\AppData\Local\Temp\aiflow-security-modules-bnyayvbf\archives\github.com_gofrs_flock@v0.13.0.zip//github.com/gofrs/flock@v0.13.0/flock_internal_test.go	ok
2026-09-27 14:59:31	C:\Users\lehie\AppData\Local\Temp\aiflow-security-modules-bnyayvbf\archives\github.com_clipperhouse_uax29_v2@v2.7.0.zip//github.com/clipperhouse/uax29/v2@v2.7.0/words/splitfunc.go	ok
2026-09-27 14:59:31	C:\Users\lehie\AppData\Local\Temp\aiflow-security-modules-bnyayvbf\archives\github.com_gofrs_flock@v0.13.0.zip//github.com/gofrs/flock@v0.13.0/flock_others.go	ok
2026-09-27 14:59:31	C:\Users\lehie\AppData\Local\Temp\aiflow-security-modules-bnyayvbf\archives\github.com_clipperhouse_uax29_v2@v2.7.0.zip//github.com/clipperhouse/uax29/v2@v2.7.0/words/string_test.go	ok
2026-09-27 14:59:31	C:\Users\lehie\AppData\Local\Temp\aiflow-security-modules-bnyayvbf\archives\github.com_gofrs_flock@v0.13.0.zip//github.com/gofrs/flock@v0.13.0/flock_test.go	ok
2026-09-27 14:59:31	C:\Users\lehie\AppData\Local\Temp\aiflow-security-modules-bnyayvbf\archives\github.com_gofrs_flock@v0.13.0.zip//github.com/gofrs/flock@v0.13.0/flock_unix.go	ok
2026-09-27 14:59:31	C:\Users\lehie\AppData\Local\Temp\aiflow-security-modules-bnyayvbf\archives\github.com_gofrs_flock@v0.13.0.zip//github.com/gofrs/flock@v0.13.0/flock_unix_fcntl.go	ok
2026-09-27 14:59:31	C:\Users\lehie\AppData\Local\Temp\aiflow-security-modules-bnyayvbf\archives\github.com_clipperhouse_uax29_v2@v2.7.0.zip//github.com/clipperhouse/uax29/v2@v2.7.0/words/trie.go	ok
2026-09-27 14:59:31	C:\Users\lehie\AppData\Local\Temp\aiflow-security-modules-bnyayvbf\archives\github.com_gofrs_flock@v0.13.0.zip//github.com/gofrs/flock@v0.13.0/flock_windows.go	ok
2026-09-27 14:59:31	C:\Users\lehie\AppData\Local\Temp\aiflow-security-modules-bnyayvbf\archives\github.com_gofrs_flock@v0.13.0.zip//github.com/gofrs/flock@v0.13.0/go.mod	ok
2026-09-27 14:59:31	C:\Users\lehie\AppData\Local\Temp\aiflow-security-modules-bnyayvbf\archives\github.com_gofrs_flock@v0.13.0.zip//github.com/gofrs/flock@v0.13.0/go.sum	ok
2026-09-27 14:59:31	C:\Users\lehie\AppData\Local\Temp\aiflow-security-modules-bnyayvbf\archives\github.com_gofrs_flock@v0.13.0.zip	ok
2026-09-27 14:59:31 	C:\Users\lehie\AppData\Local\Temp\aiflow-security-modules-bnyayvbf\archives\github.com_lucasb-eyer_go-colorful@v1.4.0.zip	archive	ZIP
2026-09-27 14:59:31	C:\Users\lehie\AppData\Local\Temp\aiflow-security-modules-bnyayvbf\archives\github.com_lucasb-eyer_go-colorful@v1.4.0.zip//github.com/lucasb-eyer/go-colorful@v1.4.0/.github/FUNDING.yml	ok
2026-09-27 14:59:31	C:\Users\lehie\AppData\Local\Temp\aiflow-security-modules-bnyayvbf\archives\github.com_lucasb-eyer_go-colorful@v1.4.0.zip//github.com/lucasb-eyer/go-colorful@v1.4.0/.github/workflows/test.yml	ok
2026-09-27 14:59:31	C:\Users\lehie\AppData\Local\Temp\aiflow-security-modules-bnyayvbf\archives\github.com_clipperhouse_uax29_v2@v2.7.0.zip//github.com/clipperhouse/uax29/v2@v2.7.0/words/unicode_test.go	ok
2026-09-27 14:59:31	C:\Users\lehie\AppData\Local\Temp\aiflow-security-modules-bnyayvbf\archives\github.com_clipperhouse_uax29_v2@v2.7.0.zip	ok
2026-09-27 14:59:31	C:\Users\lehie\AppData\Local\Temp\aiflow-security-modules-bnyayvbf\archives\github.com_lucasb-eyer_go-colorful@v1.4.0.zip//github.com/lucasb-eyer/go-colorful@v1.4.0/.gitignore	ok
2026-09-27 14:59:31 	C:\Users\lehie\AppData\Local\Temp\aiflow-security-modules-bnyayvbf\archives\github.com_MakeNowJust_heredoc@v1.0.0.zip	archive	ZIP
2026-09-27 14:59:31	C:\Users\lehie\AppData\Local\Temp\aiflow-security-modules-bnyayvbf\archives\github.com_lucasb-eyer_go-colorful@v1.4.0.zip//github.com/lucasb-eyer/go-colorful@v1.4.0/CHANGELOG.md	ok
2026-09-27 14:59:31	C:\Users\lehie\AppData\Local\Temp\aiflow-security-modules-bnyayvbf\archives\github.com_MakeNowJust_heredoc@v1.0.0.zip//github.com/MakeNowJust/heredoc@v1.0.0/.circleci/config.yml	ok
2026-09-27 14:59:31	C:\Users\lehie\AppData\Local\Temp\aiflow-security-modules-bnyayvbf\archives\github.com_lucasb-eyer_go-colorful@v1.4.0.zip//github.com/lucasb-eyer/go-colorful@v1.4.0/LICENSE	ok
2026-09-27 14:59:31	C:\Users\lehie\AppData\Local\Temp\aiflow-security-modules-bnyayvbf\archives\github.com_MakeNowJust_heredoc@v1.0.0.zip//github.com/MakeNowJust/heredoc@v1.0.0/LICENSE	ok
2026-09-27 14:59:31	C:\Users\lehie\AppData\Local\Temp\aiflow-security-modules-bnyayvbf\archives\github.com_MakeNowJust_heredoc@v1.0.0.zip//github.com/MakeNowJust/heredoc@v1.0.0/README.md	ok
2026-09-27 14:59:31	C:\Users\lehie\AppData\Local\Temp\aiflow-security-modules-bnyayvbf\archives\github.com_lucasb-eyer_go-colorful@v1.4.0.zip//github.com/lucasb-eyer/go-colorful@v1.4.0/README.md	ok
2026-09-27 14:59:31	C:\Users\lehie\AppData\Local\Temp\aiflow-security-modules-bnyayvbf\archives\github.com_MakeNowJust_heredoc@v1.0.0.zip//github.com/MakeNowJust/heredoc@v1.0.0/dot/dot.go	ok
2026-09-27 14:59:31	C:\Users\lehie\AppData\Local\Temp\aiflow-security-modules-bnyayvbf\archives\github.com_lucasb-eyer_go-colorful@v1.4.0.zip//github.com/lucasb-eyer/go-colorful@v1.4.0/colorgens.go	ok
2026-09-27 14:59:31	C:\Users\lehie\AppData\Local\Temp\aiflow-security-modules-bnyayvbf\archives\github.com_MakeNowJust_heredoc@v1.0.0.zip//github.com/MakeNowJust/heredoc@v1.0.0/example_test.go	ok
2026-09-27 14:59:31	C:\Users\lehie\AppData\Local\Temp\aiflow-security-modules-bnyayvbf\archives\github.com_lucasb-eyer_go-colorful@v1.4.0.zip//github.com/lucasb-eyer/go-colorful@v1.4.0/colorgens_test.go	ok
2026-09-27 14:59:31	C:\Users\lehie\AppData\Local\Temp\aiflow-security-modules-bnyayvbf\archives\github.com_MakeNowJust_heredoc@v1.0.0.zip//github.com/MakeNowJust/heredoc@v1.0.0/go.mod	ok
2026-09-27 14:59:31	C:\Users\lehie\AppData\Local\Temp\aiflow-security-modules-bnyayvbf\archives\github.com_MakeNowJust_heredoc@v1.0.0.zip//github.com/MakeNowJust/heredoc@v1.0.0/heredoc.go	ok
2026-09-27 14:59:31	C:\Users\lehie\AppData\Local\Temp\aiflow-security-modules-bnyayvbf\archives\github.com_lucasb-eyer_go-colorful@v1.4.0.zip//github.com/lucasb-eyer/go-colorful@v1.4.0/colors.go	ok
2026-09-27 14:59:31	C:\Users\lehie\AppData\Local\Temp\aiflow-security-modules-bnyayvbf\archives\github.com_MakeNowJust_heredoc@v1.0.0.zip//github.com/MakeNowJust/heredoc@v1.0.0/heredoc_test.go	ok
2026-09-27 14:59:31	C:\Users\lehie\AppData\Local\Temp\aiflow-security-modules-bnyayvbf\archives\github.com_MakeNowJust_heredoc@v1.0.0.zip	ok
2026-09-27 14:59:31	C:\Users\lehie\AppData\Local\Temp\aiflow-security-modules-bnyayvbf\archives\github.com_lucasb-eyer_go-colorful@v1.4.0.zip//github.com/lucasb-eyer/go-colorful@v1.4.0/colors_test.go	ok
2026-09-27 14:59:31 	C:\Users\lehie\AppData\Local\Temp\aiflow-security-modules-bnyayvbf\archives\github.com_mattn_go-isatty@v0.0.20.zip	archive	ZIP
2026-09-27 14:59:31	C:\Users\lehie\AppData\Local\Temp\aiflow-security-modules-bnyayvbf\archives\github.com_mattn_go-isatty@v0.0.20.zip//github.com/mattn/go-isatty@v0.0.20/.github/FUNDING.yml	ok
2026-09-27 14:59:31	C:\Users\lehie\AppData\Local\Temp\aiflow-security-modules-bnyayvbf\archives\github.com_mattn_go-isatty@v0.0.20.zip//github.com/mattn/go-isatty@v0.0.20/.github/workflows/test.yml	ok
2026-09-27 14:59:31	C:\Users\lehie\AppData\Local\Temp\aiflow-security-modules-bnyayvbf\archives\github.com_mattn_go-isatty@v0.0.20.zip//github.com/mattn/go-isatty@v0.0.20/LICENSE	ok
2026-09-27 14:59:31	C:\Users\lehie\AppData\Local\Temp\aiflow-security-modules-bnyayvbf\archives\github.com_mattn_go-isatty@v0.0.20.zip//github.com/mattn/go-isatty@v0.0.20/README.md	ok
2026-09-27 14:59:31	C:\Users\lehie\AppData\Local\Temp\aiflow-security-modules-bnyayvbf\archives\github.com_lucasb-eyer_go-colorful@v1.4.0.zip//github.com/lucasb-eyer/go-colorful@v1.4.0/doc/LinearRGB Approximations.ipynb	ok
2026-09-27 14:59:31	C:\Users\lehie\AppData\Local\Temp\aiflow-security-modules-bnyayvbf\archives\github.com_mattn_go-isatty@v0.0.20.zip//github.com/mattn/go-isatty@v0.0.20/doc.go	ok
2026-09-27 14:59:31	C:\Users\lehie\AppData\Local\Temp\aiflow-security-modules-bnyayvbf\archives\github.com_lucasb-eyer_go-colorful@v1.4.0.zip//github.com/lucasb-eyer/go-colorful@v1.4.0/doc/approx-quality.png	ok
2026-09-27 14:59:31	C:\Users\lehie\AppData\Local\Temp\aiflow-security-modules-bnyayvbf\archives\github.com_lucasb-eyer_go-colorful@v1.4.0.zip//github.com/lucasb-eyer/go-colorful@v1.4.0/doc/colorblend/clamped.png	ok
2026-09-27 14:59:31	C:\Users\lehie\AppData\Local\Temp\aiflow-security-modules-bnyayvbf\archives\github.com_mattn_go-isatty@v0.0.20.zip//github.com/mattn/go-isatty@v0.0.20/example_test.go	ok
2026-09-27 14:59:31	C:\Users\lehie\AppData\Local\Temp\aiflow-security-modules-bnyayvbf\archives\github.com_lucasb-eyer_go-colorful@v1.4.0.zip//github.com/lucasb-eyer/go-colorful@v1.4.0/doc/colorblend/clamped.xcf	ok
2026-09-27 14:59:31	C:\Users\lehie\AppData\Local\Temp\aiflow-security-modules-bnyayvbf\archives\github.com_mattn_go-isatty@v0.0.20.zip//github.com/mattn/go-isatty@v0.0.20/go.mod	ok
2026-09-27 14:59:31	C:\Users\lehie\AppData\Local\Temp\aiflow-security-modules-bnyayvbf\archives\github.com_mattn_go-isatty@v0.0.20.zip//github.com/mattn/go-isatty@v0.0.20/go.sum	ok
2026-09-27 14:59:31	C:\Users\lehie\AppData\Local\Temp\aiflow-security-modules-bnyayvbf\archives\github.com_lucasb-eyer_go-colorful@v1.4.0.zip//github.com/lucasb-eyer/go-colorful@v1.4.0/doc/colorblend/colorblend.go	ok
2026-09-27 14:59:31	C:\Users\lehie\AppData\Local\Temp\aiflow-security-modules-bnyayvbf\archives\github.com_lucasb-eyer_go-colorful@v1.4.0.zip//github.com/lucasb-eyer/go-colorful@v1.4.0/doc/colorblend/colorblend.png	ok
2026-09-27 14:59:31	C:\Users\lehie\AppData\Local\Temp\aiflow-security-modules-bnyayvbf\archives\github.com_mattn_go-isatty@v0.0.20.zip//github.com/mattn/go-isatty@v0.0.20/go.test.sh	ok
2026-09-27 14:59:31	C:\Users\lehie\AppData\Local\Temp\aiflow-security-modules-bnyayvbf\archives\github.com_lucasb-eyer_go-colorful@v1.4.0.zip//github.com/lucasb-eyer/go-colorful@v1.4.0/doc/colorblend/colorblend.xcf	ok
2026-09-27 14:59:31	C:\Users\lehie\AppData\Local\Temp\aiflow-security-modules-bnyayvbf\archives\github.com_mattn_go-isatty@v0.0.20.zip//github.com/mattn/go-isatty@v0.0.20/isatty_bsd.go	ok
2026-09-27 14:59:31	C:\Users\lehie\AppData\Local\Temp\aiflow-security-modules-bnyayvbf\archives\github.com_lucasb-eyer_go-colorful@v1.4.0.zip//github.com/lucasb-eyer/go-colorful@v1.4.0/doc/colorblend/invalid.png	ok
2026-09-27 14:59:31	C:\Users\lehie\AppData\Local\Temp\aiflow-security-modules-bnyayvbf\archives\github.com_mattn_go-isatty@v0.0.20.zip//github.com/mattn/go-isatty@v0.0.20/isatty_others.go	ok
2026-09-27 14:59:31	C:\Users\lehie\AppData\Local\Temp\aiflow-security-modules-bnyayvbf\archives\github.com_lucasb-eyer_go-colorful@v1.4.0.zip//github.com/lucasb-eyer/go-colorful@v1.4.0/doc/colorblend/invalid.xcf	ok
2026-09-27 14:59:31	C:\Users\lehie\AppData\Local\Temp\aiflow-security-modules-bnyayvbf\archives\github.com_mattn_go-isatty@v0.0.20.zip//github.com/mattn/go-isatty@v0.0.20/isatty_others_test.go	ok
2026-09-27 14:59:31	C:\Users\lehie\AppData\Local\Temp\aiflow-security-modules-bnyayvbf\archives\github.com_lucasb-eyer_go-colorful@v1.4.0.zip//github.com/lucasb-eyer/go-colorful@v1.4.0/doc/colordist/colordist.go	ok
2026-09-27 14:59:31	C:\Users\lehie\AppData\Local\Temp\aiflow-security-modules-bnyayvbf\archives\github.com_mattn_go-isatty@v0.0.20.zip//github.com/mattn/go-isatty@v0.0.20/isatty_plan9.go	ok
2026-09-27 14:59:31	C:\Users\lehie\AppData\Local\Temp\aiflow-security-modules-bnyayvbf\archives\github.com_lucasb-eyer_go-colorful@v1.4.0.zip//github.com/lucasb-eyer/go-colorful@v1.4.0/doc/colordist/colordist.png	ok
2026-09-27 14:59:31	C:\Users\lehie\AppData\Local\Temp\aiflow-security-modules-bnyayvbf\archives\github.com_mattn_go-isatty@v0.0.20.zip//github.com/mattn/go-isatty@v0.0.20/isatty_solaris.go	ok
2026-09-27 14:59:31	C:\Users\lehie\AppData\Local\Temp\aiflow-security-modules-bnyayvbf\archives\github.com_lucasb-eyer_go-colorful@v1.4.0.zip//github.com/lucasb-eyer/go-colorful@v1.4.0/doc/colordist/colordist.xcf	ok
2026-09-27 14:59:31	C:\Users\lehie\AppData\Local\Temp\aiflow-security-modules-bnyayvbf\archives\github.com_mattn_go-isatty@v0.0.20.zip//github.com/mattn/go-isatty@v0.0.20/isatty_tcgets.go	ok
2026-09-27 14:59:31	C:\Users\lehie\AppData\Local\Temp\aiflow-security-modules-bnyayvbf\archives\github.com_lucasb-eyer_go-colorful@v1.4.0.zip//github.com/lucasb-eyer/go-colorful@v1.4.0/doc/colorgens/colorgens.go	ok
2026-09-27 14:59:31	C:\Users\lehie\AppData\Local\Temp\aiflow-security-modules-bnyayvbf\archives\github.com_lucasb-eyer_go-colorful@v1.4.0.zip//github.com/lucasb-eyer/go-colorful@v1.4.0/doc/colorgens/colorgens.png	ok
2026-09-27 14:59:31	C:\Users\lehie\AppData\Local\Temp\aiflow-security-modules-bnyayvbf\archives\github.com_mattn_go-isatty@v0.0.20.zip//github.com/mattn/go-isatty@v0.0.20/isatty_windows.go	ok
2026-09-27 14:59:31	C:\Users\lehie\AppData\Local\Temp\aiflow-security-modules-bnyayvbf\archives\github.com_mattn_go-isatty@v0.0.20.zip//github.com/mattn/go-isatty@v0.0.20/isatty_windows_test.go	ok
2026-09-27 14:59:31	C:\Users\lehie\AppData\Local\Temp\aiflow-security-modules-bnyayvbf\archives\github.com_lucasb-eyer_go-colorful@v1.4.0.zip//github.com/lucasb-eyer/go-colorful@v1.4.0/doc/colorsort/colorsort.go	ok
2026-09-27 14:59:31	C:\Users\lehie\AppData\Local\Temp\aiflow-security-modules-bnyayvbf\archives\github.com_mattn_go-isatty@v0.0.20.zip	ok
2026-09-27 14:59:31	C:\Users\lehie\AppData\Local\Temp\aiflow-security-modules-bnyayvbf\archives\github.com_lucasb-eyer_go-colorful@v1.4.0.zip//github.com/lucasb-eyer/go-colorful@v1.4.0/doc/colorsort/colorsort.png	ok
2026-09-27 14:59:31 	C:\Users\lehie\AppData\Local\Temp\aiflow-security-modules-bnyayvbf\archives\github.com_mattn_go-localereader@v0.0.1.zip	archive	ZIP
2026-09-27 14:59:31	C:\Users\lehie\AppData\Local\Temp\aiflow-security-modules-bnyayvbf\archives\github.com_mattn_go-localereader@v0.0.1.zip//github.com/mattn/go-localereader@v0.0.1/README.md	ok
2026-09-27 14:59:31	C:\Users\lehie\AppData\Local\Temp\aiflow-security-modules-bnyayvbf\archives\github.com_lucasb-eyer_go-colorful@v1.4.0.zip//github.com/lucasb-eyer/go-colorful@v1.4.0/doc/gradientgen/gradientgen.go	ok
2026-09-27 14:59:31	C:\Users\lehie\AppData\Local\Temp\aiflow-security-modules-bnyayvbf\archives\github.com_lucasb-eyer_go-colorful@v1.4.0.zip//github.com/lucasb-eyer/go-colorful@v1.4.0/doc/gradientgen/gradientgen.png	ok
2026-09-27 14:59:31	C:\Users\lehie\AppData\Local\Temp\aiflow-security-modules-bnyayvbf\archives\github.com_mattn_go-localereader@v0.0.1.zip//github.com/mattn/go-localereader@v0.0.1/cmd/acptee/main.go	ok
2026-09-27 14:59:31	C:\Users\lehie\AppData\Local\Temp\aiflow-security-modules-bnyayvbf\archives\github.com_mattn_go-localereader@v0.0.1.zip//github.com/mattn/go-localereader@v0.0.1/localereader.go	ok
2026-09-27 14:59:31	C:\Users\lehie\AppData\Local\Temp\aiflow-security-modules-bnyayvbf\archives\github.com_lucasb-eyer_go-colorful@v1.4.0.zip//github.com/lucasb-eyer/go-colorful@v1.4.0/doc/palettegens/palettegens.go	ok
2026-09-27 14:59:31	C:\Users\lehie\AppData\Local\Temp\aiflow-security-modules-bnyayvbf\archives\github.com_lucasb-eyer_go-colorful@v1.4.0.zip//github.com/lucasb-eyer/go-colorful@v1.4.0/doc/palettegens/palettegens.png	ok
2026-09-27 14:59:31	C:\Users\lehie\AppData\Local\Temp\aiflow-security-modules-bnyayvbf\archives\github.com_mattn_go-localereader@v0.0.1.zip//github.com/mattn/go-localereader@v0.0.1/localereader_test.go	ok
2026-09-27 14:59:31	C:\Users\lehie\AppData\Local\Temp\aiflow-security-modules-bnyayvbf\archives\github.com_mattn_go-localereader@v0.0.1.zip//github.com/mattn/go-localereader@v0.0.1/localereader_unix.go	ok
2026-09-27 14:59:31	C:\Users\lehie\AppData\Local\Temp\aiflow-security-modules-bnyayvbf\archives\github.com_lucasb-eyer_go-colorful@v1.4.0.zip//github.com/lucasb-eyer/go-colorful@v1.4.0/go.mod	ok
2026-09-27 14:59:31	C:\Users\lehie\AppData\Local\Temp\aiflow-security-modules-bnyayvbf\archives\github.com_lucasb-eyer_go-colorful@v1.4.0.zip//github.com/lucasb-eyer/go-colorful@v1.4.0/happy_palettegen.go	ok
2026-09-27 14:59:31	C:\Users\lehie\AppData\Local\Temp\aiflow-security-modules-bnyayvbf\archives\github.com_mattn_go-localereader@v0.0.1.zip//github.com/mattn/go-localereader@v0.0.1/localereader_windows.go	ok
2026-09-27 14:59:31	C:\Users\lehie\AppData\Local\Temp\aiflow-security-modules-bnyayvbf\archives\github.com_mattn_go-localereader@v0.0.1.zip	ok
2026-09-27 14:59:31	C:\Users\lehie\AppData\Local\Temp\aiflow-security-modules-bnyayvbf\archives\github.com_lucasb-eyer_go-colorful@v1.4.0.zip//github.com/lucasb-eyer/go-colorful@v1.4.0/hexcolor.go	ok
2026-09-27 14:59:31 	C:\Users\lehie\AppData\Local\Temp\aiflow-security-modules-bnyayvbf\archives\github.com_mattn_go-runewidth@v0.0.24.zip	archive	ZIP
2026-09-27 14:59:31	C:\Users\lehie\AppData\Local\Temp\aiflow-security-modules-bnyayvbf\archives\github.com_mattn_go-runewidth@v0.0.24.zip//github.com/mattn/go-runewidth@v0.0.24/.github/FUNDING.yml	ok
2026-09-27 14:59:31	C:\Users\lehie\AppData\Local\Temp\aiflow-security-modules-bnyayvbf\archives\github.com_lucasb-eyer_go-colorful@v1.4.0.zip//github.com/lucasb-eyer/go-colorful@v1.4.0/hexcolor_test.go	ok
2026-09-27 14:59:31	C:\Users\lehie\AppData\Local\Temp\aiflow-security-modules-bnyayvbf\archives\github.com_mattn_go-runewidth@v0.0.24.zip//github.com/mattn/go-runewidth@v0.0.24/.github/workflows/test.yaml	ok
2026-09-27 14:59:31	C:\Users\lehie\AppData\Local\Temp\aiflow-security-modules-bnyayvbf\archives\github.com_mattn_go-runewidth@v0.0.24.zip//github.com/mattn/go-runewidth@v0.0.24/LICENSE	ok
2026-09-27 14:59:31	C:\Users\lehie\AppData\Local\Temp\aiflow-security-modules-bnyayvbf\archives\github.com_mattn_go-runewidth@v0.0.24.zip//github.com/mattn/go-runewidth@v0.0.24/README.md	ok
2026-09-27 14:59:31	C:\Users\lehie\AppData\Local\Temp\aiflow-security-modules-bnyayvbf\archives\github.com_mattn_go-runewidth@v0.0.24.zip//github.com/mattn/go-runewidth@v0.0.24/SECURITY.md	ok
2026-09-27 14:59:31	C:\Users\lehie\AppData\Local\Temp\aiflow-security-modules-bnyayvbf\archives\github.com_mattn_go-runewidth@v0.0.24.zip//github.com/mattn/go-runewidth@v0.0.24/benchmark_test.go	ok
2026-09-27 14:59:31	C:\Users\lehie\AppData\Local\Temp\aiflow-security-modules-bnyayvbf\archives\github.com_mattn_go-runewidth@v0.0.24.zip//github.com/mattn/go-runewidth@v0.0.24/benchstat.txt	ok
2026-09-27 14:59:31	C:\Users\lehie\AppData\Local\Temp\aiflow-security-modules-bnyayvbf\archives\github.com_mattn_go-runewidth@v0.0.24.zip//github.com/mattn/go-runewidth@v0.0.24/go.mod	ok
2026-09-27 14:59:31	C:\Users\lehie\AppData\Local\Temp\aiflow-security-modules-bnyayvbf\archives\github.com_mattn_go-runewidth@v0.0.24.zip//github.com/mattn/go-runewidth@v0.0.24/go.sum	ok
2026-09-27 14:59:31	C:\Users\lehie\AppData\Local\Temp\aiflow-security-modules-bnyayvbf\archives\github.com_lucasb-eyer_go-colorful@v1.4.0.zip//github.com/lucasb-eyer/go-colorful@v1.4.0/hsluv-snapshot-rev4.json	ok
2026-09-27 14:59:31	C:\Users\lehie\AppData\Local\Temp\aiflow-security-modules-bnyayvbf\archives\github.com_mattn_go-runewidth@v0.0.24.zip//github.com/mattn/go-runewidth@v0.0.24/new.txt	ok
2026-09-27 14:59:31	C:\Users\lehie\AppData\Local\Temp\aiflow-security-modules-bnyayvbf\archives\github.com_lucasb-eyer_go-colorful@v1.4.0.zip//github.com/lucasb-eyer/go-colorful@v1.4.0/hsluv.go	ok
2026-09-27 14:59:31	C:\Users\lehie\AppData\Local\Temp\aiflow-security-modules-bnyayvbf\archives\github.com_mattn_go-runewidth@v0.0.24.zip//github.com/mattn/go-runewidth@v0.0.24/old.txt	ok
2026-09-27 14:59:31	C:\Users\lehie\AppData\Local\Temp\aiflow-security-modules-bnyayvbf\archives\github.com_lucasb-eyer_go-colorful@v1.4.0.zip//github.com/lucasb-eyer/go-colorful@v1.4.0/hsluv_test.go	ok
2026-09-27 14:59:31	C:\Users\lehie\AppData\Local\Temp\aiflow-security-modules-bnyayvbf\archives\github.com_lucasb-eyer_go-colorful@v1.4.0.zip//github.com/lucasb-eyer/go-colorful@v1.4.0/rand.go	ok
2026-09-27 14:59:31	C:\Users\lehie\AppData\Local\Temp\aiflow-security-modules-bnyayvbf\archives\github.com_mattn_go-runewidth@v0.0.24.zip//github.com/mattn/go-runewidth@v0.0.24/runewidth.go	ok
2026-09-27 14:59:31	C:\Users\lehie\AppData\Local\Temp\aiflow-security-modules-bnyayvbf\archives\github.com_mattn_go-runewidth@v0.0.24.zip//github.com/mattn/go-runewidth@v0.0.24/runewidth_appengine.go	ok
2026-09-27 14:59:31	C:\Users\lehie\AppData\Local\Temp\aiflow-security-modules-bnyayvbf\archives\github.com_lucasb-eyer_go-colorful@v1.4.0.zip//github.com/lucasb-eyer/go-colorful@v1.4.0/soft_palettegen.go	ok
2026-09-27 14:59:31	C:\Users\lehie\AppData\Local\Temp\aiflow-security-modules-bnyayvbf\archives\github.com_mattn_go-runewidth@v0.0.24.zip//github.com/mattn/go-runewidth@v0.0.24/runewidth_js.go	ok
2026-09-27 14:59:31	C:\Users\lehie\AppData\Local\Temp\aiflow-security-modules-bnyayvbf\archives\github.com_lucasb-eyer_go-colorful@v1.4.0.zip//github.com/lucasb-eyer/go-colorful@v1.4.0/soft_palettegen_test.go	ok
2026-09-27 14:59:31	C:\Users\lehie\AppData\Local\Temp\aiflow-security-modules-bnyayvbf\archives\github.com_mattn_go-runewidth@v0.0.24.zip//github.com/mattn/go-runewidth@v0.0.24/runewidth_posix.go	ok
2026-09-27 14:59:31	C:\Users\lehie\AppData\Local\Temp\aiflow-security-modules-bnyayvbf\archives\github.com_lucasb-eyer_go-colorful@v1.4.0.zip//github.com/lucasb-eyer/go-colorful@v1.4.0/sort.go	ok
2026-09-27 14:59:31	C:\Users\lehie\AppData\Local\Temp\aiflow-security-modules-bnyayvbf\archives\github.com_mattn_go-runewidth@v0.0.24.zip//github.com/mattn/go-runewidth@v0.0.24/runewidth_posix_test.go	ok
2026-09-27 14:59:31	C:\Users\lehie\AppData\Local\Temp\aiflow-security-modules-bnyayvbf\archives\github.com_lucasb-eyer_go-colorful@v1.4.0.zip//github.com/lucasb-eyer/go-colorful@v1.4.0/sort_test.go	ok
2026-09-27 14:59:31	C:\Users\lehie\AppData\Local\Temp\aiflow-security-modules-bnyayvbf\archives\github.com_lucasb-eyer_go-colorful@v1.4.0.zip//github.com/lucasb-eyer/go-colorful@v1.4.0/warm_palettegen.go	ok
2026-09-27 14:59:31	C:\Users\lehie\AppData\Local\Temp\aiflow-security-modules-bnyayvbf\archives\github.com_mattn_go-runewidth@v0.0.24.zip//github.com/mattn/go-runewidth@v0.0.24/runewidth_table.go	ok
2026-09-27 14:59:31	C:\Users\lehie\AppData\Local\Temp\aiflow-security-modules-bnyayvbf\archives\github.com_lucasb-eyer_go-colorful@v1.4.0.zip//github.com/lucasb-eyer/go-colorful@v1.4.0/widegamut.go	ok
2026-09-27 14:59:31	C:\Users\lehie\AppData\Local\Temp\aiflow-security-modules-bnyayvbf\archives\github.com_mattn_go-runewidth@v0.0.24.zip//github.com/mattn/go-runewidth@v0.0.24/runewidth_test.go	ok
2026-09-27 14:59:31	C:\Users\lehie\AppData\Local\Temp\aiflow-security-modules-bnyayvbf\archives\github.com_lucasb-eyer_go-colorful@v1.4.0.zip//github.com/lucasb-eyer/go-colorful@v1.4.0/widegamut_test.go	ok
2026-09-27 14:59:31	C:\Users\lehie\AppData\Local\Temp\aiflow-security-modules-bnyayvbf\archives\github.com_mattn_go-runewidth@v0.0.24.zip//github.com/mattn/go-runewidth@v0.0.24/runewidth_windows.go	ok
2026-09-27 14:59:31	C:\Users\lehie\AppData\Local\Temp\aiflow-security-modules-bnyayvbf\archives\github.com_lucasb-eyer_go-colorful@v1.4.0.zip	ok
2026-09-27 14:59:31 	C:\Users\lehie\AppData\Local\Temp\aiflow-security-modules-bnyayvbf\archives\github.com_muesli_ansi@v0.0.0-20230316100256-276c6243b2f6.zip	archive	ZIP
2026-09-27 14:59:31	C:\Users\lehie\AppData\Local\Temp\aiflow-security-modules-bnyayvbf\archives\github.com_mattn_go-runewidth@v0.0.24.zip//github.com/mattn/go-runewidth@v0.0.24/script/generate.go	ok
2026-09-27 14:59:31	C:\Users\lehie\AppData\Local\Temp\aiflow-security-modules-bnyayvbf\archives\github.com_mattn_go-runewidth@v0.0.24.zip	ok
2026-09-27 14:59:31	C:\Users\lehie\AppData\Local\Temp\aiflow-security-modules-bnyayvbf\archives\github.com_muesli_ansi@v0.0.0-20230316100256-276c6243b2f6.zip//github.com/muesli/ansi@v0.0.0-20230316100256-276c6243b2f6/.github/FUNDING.yml	ok
2026-09-27 14:59:31 	C:\Users\lehie\AppData\Local\Temp\aiflow-security-modules-bnyayvbf\archives\github.com_muesli_cancelreader@v0.2.2.zip	archive	ZIP
2026-09-27 14:59:31	C:\Users\lehie\AppData\Local\Temp\aiflow-security-modules-bnyayvbf\archives\github.com_muesli_ansi@v0.0.0-20230316100256-276c6243b2f6.zip//github.com/muesli/ansi@v0.0.0-20230316100256-276c6243b2f6/.github/dependabot.yml	ok
2026-09-27 14:59:31	C:\Users\lehie\AppData\Local\Temp\aiflow-security-modules-bnyayvbf\archives\github.com_muesli_cancelreader@v0.2.2.zip//github.com/muesli/cancelreader@v0.2.2/.github/FUNDING.yml	ok
2026-09-27 14:59:31	C:\Users\lehie\AppData\Local\Temp\aiflow-security-modules-bnyayvbf\archives\github.com_muesli_ansi@v0.0.0-20230316100256-276c6243b2f6.zip//github.com/muesli/ansi@v0.0.0-20230316100256-276c6243b2f6/.github/workflows/build.yml	ok
2026-09-27 14:59:31	C:\Users\lehie\AppData\Local\Temp\aiflow-security-modules-bnyayvbf\archives\github.com_muesli_cancelreader@v0.2.2.zip//github.com/muesli/cancelreader@v0.2.2/.github/dependabot.yml	ok
2026-09-27 14:59:31	C:\Users\lehie\AppData\Local\Temp\aiflow-security-modules-bnyayvbf\archives\github.com_muesli_ansi@v0.0.0-20230316100256-276c6243b2f6.zip//github.com/muesli/ansi@v0.0.0-20230316100256-276c6243b2f6/.github/workflows/lint.yml	ok
2026-09-27 14:59:31	C:\Users\lehie\AppData\Local\Temp\aiflow-security-modules-bnyayvbf\archives\github.com_muesli_cancelreader@v0.2.2.zip//github.com/muesli/cancelreader@v0.2.2/.github/workflows/build.yml	ok
2026-09-27 14:59:31	C:\Users\lehie\AppData\Local\Temp\aiflow-security-modules-bnyayvbf\archives\github.com_muesli_ansi@v0.0.0-20230316100256-276c6243b2f6.zip//github.com/muesli/ansi@v0.0.0-20230316100256-276c6243b2f6/.gitignore	ok
2026-09-27 14:59:31	C:\Users\lehie\AppData\Local\Temp\aiflow-security-modules-bnyayvbf\archives\github.com_muesli_cancelreader@v0.2.2.zip//github.com/muesli/cancelreader@v0.2.2/.github/workflows/coverage.yml	ok
2026-09-27 14:59:31	C:\Users\lehie\AppData\Local\Temp\aiflow-security-modules-bnyayvbf\archives\github.com_muesli_ansi@v0.0.0-20230316100256-276c6243b2f6.zip//github.com/muesli/ansi@v0.0.0-20230316100256-276c6243b2f6/.golangci.yml	ok
2026-09-27 14:59:31	C:\Users\lehie\AppData\Local\Temp\aiflow-security-modules-bnyayvbf\archives\github.com_muesli_cancelreader@v0.2.2.zip//github.com/muesli/cancelreader@v0.2.2/.github/workflows/lint-soft.yml	ok
2026-09-27 14:59:31	C:\Users\lehie\AppData\Local\Temp\aiflow-security-modules-bnyayvbf\archives\github.com_muesli_ansi@v0.0.0-20230316100256-276c6243b2f6.zip//github.com/muesli/ansi@v0.0.0-20230316100256-276c6243b2f6/LICENSE	ok
2026-09-27 14:59:31	C:\Users\lehie\AppData\Local\Temp\aiflow-security-modules-bnyayvbf\archives\github.com_muesli_cancelreader@v0.2.2.zip//github.com/muesli/cancelreader@v0.2.2/.github/workflows/lint.yml	ok
2026-09-27 14:59:31	C:\Users\lehie\AppData\Local\Temp\aiflow-security-modules-bnyayvbf\archives\github.com_muesli_ansi@v0.0.0-20230316100256-276c6243b2f6.zip//github.com/muesli/ansi@v0.0.0-20230316100256-276c6243b2f6/README.md	ok
2026-09-27 14:59:31	C:\Users\lehie\AppData\Local\Temp\aiflow-security-modules-bnyayvbf\archives\github.com_muesli_cancelreader@v0.2.2.zip//github.com/muesli/cancelreader@v0.2.2/.gitignore	ok
2026-09-27 14:59:31	C:\Users\lehie\AppData\Local\Temp\aiflow-security-modules-bnyayvbf\archives\github.com_muesli_ansi@v0.0.0-20230316100256-276c6243b2f6.zip//github.com/muesli/ansi@v0.0.0-20230316100256-276c6243b2f6/ansi.go	ok
2026-09-27 14:59:31	C:\Users\lehie\AppData\Local\Temp\aiflow-security-modules-bnyayvbf\archives\github.com_muesli_cancelreader@v0.2.2.zip//github.com/muesli/cancelreader@v0.2.2/.golangci-soft.yml	ok
2026-09-27 14:59:31	C:\Users\lehie\AppData\Local\Temp\aiflow-security-modules-bnyayvbf\archives\github.com_muesli_ansi@v0.0.0-20230316100256-276c6243b2f6.zip//github.com/muesli/ansi@v0.0.0-20230316100256-276c6243b2f6/buffer.go	ok
2026-09-27 14:59:31	C:\Users\lehie\AppData\Local\Temp\aiflow-security-modules-bnyayvbf\archives\github.com_muesli_cancelreader@v0.2.2.zip//github.com/muesli/cancelreader@v0.2.2/.golangci.yml	ok
2026-09-27 14:59:31	C:\Users\lehie\AppData\Local\Temp\aiflow-security-modules-bnyayvbf\archives\github.com_muesli_ansi@v0.0.0-20230316100256-276c6243b2f6.zip//github.com/muesli/ansi@v0.0.0-20230316100256-276c6243b2f6/buffer_test.go	ok
2026-09-27 14:59:31	C:\Users\lehie\AppData\Local\Temp\aiflow-security-modules-bnyayvbf\archives\github.com_muesli_cancelreader@v0.2.2.zip//github.com/muesli/cancelreader@v0.2.2/LICENSE	ok
2026-09-27 14:59:31	C:\Users\lehie\AppData\Local\Temp\aiflow-security-modules-bnyayvbf\archives\github.com_muesli_ansi@v0.0.0-20230316100256-276c6243b2f6.zip//github.com/muesli/ansi@v0.0.0-20230316100256-276c6243b2f6/compressor/writer.go	ok
2026-09-27 14:59:31	C:\Users\lehie\AppData\Local\Temp\aiflow-security-modules-bnyayvbf\archives\github.com_muesli_cancelreader@v0.2.2.zip//github.com/muesli/cancelreader@v0.2.2/README.md	ok
2026-09-27 14:59:31	C:\Users\lehie\AppData\Local\Temp\aiflow-security-modules-bnyayvbf\archives\github.com_muesli_ansi@v0.0.0-20230316100256-276c6243b2f6.zip//github.com/muesli/ansi@v0.0.0-20230316100256-276c6243b2f6/compressor/writer_test.go	ok
2026-09-27 14:59:31	C:\Users\lehie\AppData\Local\Temp\aiflow-security-modules-bnyayvbf\archives\github.com_muesli_cancelreader@v0.2.2.zip//github.com/muesli/cancelreader@v0.2.2/cancelreader.go	ok
2026-09-27 14:59:31	C:\Users\lehie\AppData\Local\Temp\aiflow-security-modules-bnyayvbf\archives\github.com_muesli_ansi@v0.0.0-20230316100256-276c6243b2f6.zip//github.com/muesli/ansi@v0.0.0-20230316100256-276c6243b2f6/go.mod	ok
2026-09-27 14:59:31	C:\Users\lehie\AppData\Local\Temp\aiflow-security-modules-bnyayvbf\archives\github.com_muesli_cancelreader@v0.2.2.zip//github.com/muesli/cancelreader@v0.2.2/cancelreader_bsd.go	ok
2026-09-27 14:59:31	C:\Users\lehie\AppData\Local\Temp\aiflow-security-modules-bnyayvbf\archives\github.com_muesli_ansi@v0.0.0-20230316100256-276c6243b2f6.zip//github.com/muesli/ansi@v0.0.0-20230316100256-276c6243b2f6/go.sum	ok
2026-09-27 14:59:31	C:\Users\lehie\AppData\Local\Temp\aiflow-security-modules-bnyayvbf\archives\github.com_muesli_cancelreader@v0.2.2.zip//github.com/muesli/cancelreader@v0.2.2/cancelreader_default.go	ok
2026-09-27 14:59:31	C:\Users\lehie\AppData\Local\Temp\aiflow-security-modules-bnyayvbf\archives\github.com_muesli_cancelreader@v0.2.2.zip//github.com/muesli/cancelreader@v0.2.2/cancelreader_default_test.go	ok
2026-09-27 14:59:31	C:\Users\lehie\AppData\Local\Temp\aiflow-security-modules-bnyayvbf\archives\github.com_muesli_ansi@v0.0.0-20230316100256-276c6243b2f6.zip//github.com/muesli/ansi@v0.0.0-20230316100256-276c6243b2f6/writer.go	ok
2026-09-27 14:59:31	C:\Users\lehie\AppData\Local\Temp\aiflow-security-modules-bnyayvbf\archives\github.com_muesli_cancelreader@v0.2.2.zip//github.com/muesli/cancelreader@v0.2.2/cancelreader_fallback_test.go	ok
2026-09-27 14:59:31	C:\Users\lehie\AppData\Local\Temp\aiflow-security-modules-bnyayvbf\archives\github.com_muesli_ansi@v0.0.0-20230316100256-276c6243b2f6.zip//github.com/muesli/ansi@v0.0.0-20230316100256-276c6243b2f6/writer_test.go	ok
2026-09-27 14:59:31	C:\Users\lehie\AppData\Local\Temp\aiflow-security-modules-bnyayvbf\archives\github.com_muesli_ansi@v0.0.0-20230316100256-276c6243b2f6.zip	ok
2026-09-27 14:59:31	C:\Users\lehie\AppData\Local\Temp\aiflow-security-modules-bnyayvbf\archives\github.com_muesli_cancelreader@v0.2.2.zip//github.com/muesli/cancelreader@v0.2.2/cancelreader_linux.go	ok
2026-09-27 14:59:31 	C:\Users\lehie\AppData\Local\Temp\aiflow-security-modules-bnyayvbf\archives\github.com_muesli_termenv@v0.16.0.zip	archive	ZIP
2026-09-27 14:59:31	C:\Users\lehie\AppData\Local\Temp\aiflow-security-modules-bnyayvbf\archives\github.com_muesli_cancelreader@v0.2.2.zip//github.com/muesli/cancelreader@v0.2.2/cancelreader_select.go	ok
2026-09-27 14:59:31	C:\Users\lehie\AppData\Local\Temp\aiflow-security-modules-bnyayvbf\archives\github.com_muesli_termenv@v0.16.0.zip//github.com/muesli/termenv@v0.16.0/.github/FUNDING.yml	ok
2026-09-27 14:59:31	C:\Users\lehie\AppData\Local\Temp\aiflow-security-modules-bnyayvbf\archives\github.com_muesli_cancelreader@v0.2.2.zip//github.com/muesli/cancelreader@v0.2.2/cancelreader_test.go	ok
2026-09-27 14:59:31	C:\Users\lehie\AppData\Local\Temp\aiflow-security-modules-bnyayvbf\archives\github.com_muesli_termenv@v0.16.0.zip//github.com/muesli/termenv@v0.16.0/.github/dependabot.yml	ok
2026-09-27 14:59:31	C:\Users\lehie\AppData\Local\Temp\aiflow-security-modules-bnyayvbf\archives\github.com_muesli_cancelreader@v0.2.2.zip//github.com/muesli/cancelreader@v0.2.2/cancelreader_unix.go	ok
2026-09-27 14:59:31	C:\Users\lehie\AppData\Local\Temp\aiflow-security-modules-bnyayvbf\archives\github.com_muesli_termenv@v0.16.0.zip//github.com/muesli/termenv@v0.16.0/.github/workflows/build.yml	ok
2026-09-27 14:59:31	C:\Users\lehie\AppData\Local\Temp\aiflow-security-modules-bnyayvbf\archives\github.com_muesli_cancelreader@v0.2.2.zip//github.com/muesli/cancelreader@v0.2.2/cancelreader_windows.go	ok
2026-09-27 14:59:31	C:\Users\lehie\AppData\Local\Temp\aiflow-security-modules-bnyayvbf\archives\github.com_muesli_termenv@v0.16.0.zip//github.com/muesli/termenv@v0.16.0/.github/workflows/coverage.yml	ok
2026-09-27 14:59:31	C:\Users\lehie\AppData\Local\Temp\aiflow-security-modules-bnyayvbf\archives\github.com_muesli_cancelreader@v0.2.2.zip//github.com/muesli/cancelreader@v0.2.2/example/main.go	ok
2026-09-27 14:59:31	C:\Users\lehie\AppData\Local\Temp\aiflow-security-modules-bnyayvbf\archives\github.com_muesli_termenv@v0.16.0.zip//github.com/muesli/termenv@v0.16.0/.github/workflows/lint-soft.yml	ok
2026-09-27 14:59:31	C:\Users\lehie\AppData\Local\Temp\aiflow-security-modules-bnyayvbf\archives\github.com_muesli_cancelreader@v0.2.2.zip//github.com/muesli/cancelreader@v0.2.2/go.mod	ok
2026-09-27 14:59:31	C:\Users\lehie\AppData\Local\Temp\aiflow-security-modules-bnyayvbf\archives\github.com_muesli_termenv@v0.16.0.zip//github.com/muesli/termenv@v0.16.0/.github/workflows/lint.yml	ok
2026-09-27 14:59:31	C:\Users\lehie\AppData\Local\Temp\aiflow-security-modules-bnyayvbf\archives\github.com_muesli_cancelreader@v0.2.2.zip//github.com/muesli/cancelreader@v0.2.2/go.sum	ok
2026-09-27 14:59:31	C:\Users\lehie\AppData\Local\Temp\aiflow-security-modules-bnyayvbf\archives\github.com_muesli_termenv@v0.16.0.zip//github.com/muesli/termenv@v0.16.0/.gitignore	ok
2026-09-27 14:59:31	C:\Users\lehie\AppData\Local\Temp\aiflow-security-modules-bnyayvbf\archives\github.com_muesli_cancelreader@v0.2.2.zip	ok
2026-09-27 14:59:31 	C:\Users\lehie\AppData\Local\Temp\aiflow-security-modules-bnyayvbf\archives\github.com_pmezard_go-difflib@v1.0.0.zip	archive	ZIP
2026-09-27 14:59:31	C:\Users\lehie\AppData\Local\Temp\aiflow-security-modules-bnyayvbf\archives\github.com_muesli_termenv@v0.16.0.zip//github.com/muesli/termenv@v0.16.0/.golangci-soft.yml	ok
2026-09-27 14:59:31	C:\Users\lehie\AppData\Local\Temp\aiflow-security-modules-bnyayvbf\archives\github.com_pmezard_go-difflib@v1.0.0.zip//github.com/pmezard/go-difflib@v1.0.0/.travis.yml	ok
2026-09-27 14:59:31	C:\Users\lehie\AppData\Local\Temp\aiflow-security-modules-bnyayvbf\archives\github.com_muesli_termenv@v0.16.0.zip//github.com/muesli/termenv@v0.16.0/.golangci.yml	ok
2026-09-27 14:59:31	C:\Users\lehie\AppData\Local\Temp\aiflow-security-modules-bnyayvbf\archives\github.com_pmezard_go-difflib@v1.0.0.zip//github.com/pmezard/go-difflib@v1.0.0/LICENSE	ok
2026-09-27 14:59:31	C:\Users\lehie\AppData\Local\Temp\aiflow-security-modules-bnyayvbf\archives\github.com_muesli_termenv@v0.16.0.zip//github.com/muesli/termenv@v0.16.0/LICENSE	ok
2026-09-27 14:59:31	C:\Users\lehie\AppData\Local\Temp\aiflow-security-modules-bnyayvbf\archives\github.com_pmezard_go-difflib@v1.0.0.zip//github.com/pmezard/go-difflib@v1.0.0/README.md	ok
2026-09-27 14:59:31	C:\Users\lehie\AppData\Local\Temp\aiflow-security-modules-bnyayvbf\archives\github.com_muesli_termenv@v0.16.0.zip//github.com/muesli/termenv@v0.16.0/README.md	ok
2026-09-27 14:59:31	C:\Users\lehie\AppData\Local\Temp\aiflow-security-modules-bnyayvbf\archives\github.com_pmezard_go-difflib@v1.0.0.zip//github.com/pmezard/go-difflib@v1.0.0/difflib/difflib.go	ok
2026-09-27 14:59:31	C:\Users\lehie\AppData\Local\Temp\aiflow-security-modules-bnyayvbf\archives\github.com_muesli_termenv@v0.16.0.zip//github.com/muesli/termenv@v0.16.0/ansi_compat.md	ok
2026-09-27 14:59:31	C:\Users\lehie\AppData\Local\Temp\aiflow-security-modules-bnyayvbf\archives\github.com_muesli_termenv@v0.16.0.zip//github.com/muesli/termenv@v0.16.0/ansicolors.go	ok
2026-09-27 14:59:31	C:\Users\lehie\AppData\Local\Temp\aiflow-security-modules-bnyayvbf\archives\github.com_pmezard_go-difflib@v1.0.0.zip//github.com/pmezard/go-difflib@v1.0.0/difflib/difflib_test.go	ok
2026-09-27 14:59:31	C:\Users\lehie\AppData\Local\Temp\aiflow-security-modules-bnyayvbf\archives\github.com_pmezard_go-difflib@v1.0.0.zip	ok
2026-09-27 14:59:31	C:\Users\lehie\AppData\Local\Temp\aiflow-security-modules-bnyayvbf\archives\github.com_muesli_termenv@v0.16.0.zip//github.com/muesli/termenv@v0.16.0/color.go	ok
2026-09-27 14:59:31 	C:\Users\lehie\AppData\Local\Temp\aiflow-security-modules-bnyayvbf\archives\github.com_rivo_uniseg@v0.4.7.zip	archive	ZIP
2026-09-27 14:59:31	C:\Users\lehie\AppData\Local\Temp\aiflow-security-modules-bnyayvbf\archives\github.com_muesli_termenv@v0.16.0.zip//github.com/muesli/termenv@v0.16.0/color_test.go	ok
2026-09-27 14:59:31	C:\Users\lehie\AppData\Local\Temp\aiflow-security-modules-bnyayvbf\archives\github.com_rivo_uniseg@v0.4.7.zip//github.com/rivo/uniseg@v0.4.7/.github/FUNDING.yml	ok
2026-09-27 14:59:31	C:\Users\lehie\AppData\Local\Temp\aiflow-security-modules-bnyayvbf\archives\github.com_muesli_termenv@v0.16.0.zip//github.com/muesli/termenv@v0.16.0/constants_linux.go	ok
2026-09-27 14:59:31	C:\Users\lehie\AppData\Local\Temp\aiflow-security-modules-bnyayvbf\archives\github.com_rivo_uniseg@v0.4.7.zip//github.com/rivo/uniseg@v0.4.7/LICENSE.txt	ok
2026-09-27 14:59:31	C:\Users\lehie\AppData\Local\Temp\aiflow-security-modules-bnyayvbf\archives\github.com_muesli_termenv@v0.16.0.zip//github.com/muesli/termenv@v0.16.0/constants_solaris.go	ok
2026-09-27 14:59:31	C:\Users\lehie\AppData\Local\Temp\aiflow-security-modules-bnyayvbf\archives\github.com_rivo_uniseg@v0.4.7.zip//github.com/rivo/uniseg@v0.4.7/README.md	ok
2026-09-27 14:59:31	C:\Users\lehie\AppData\Local\Temp\aiflow-security-modules-bnyayvbf\archives\github.com_muesli_termenv@v0.16.0.zip//github.com/muesli/termenv@v0.16.0/constants_unix.go	ok
2026-09-27 14:59:31	C:\Users\lehie\AppData\Local\Temp\aiflow-security-modules-bnyayvbf\archives\github.com_muesli_termenv@v0.16.0.zip//github.com/muesli/termenv@v0.16.0/constants_zos.go	ok
2026-09-27 14:59:31	C:\Users\lehie\AppData\Local\Temp\aiflow-security-modules-bnyayvbf\archives\github.com_rivo_uniseg@v0.4.7.zip//github.com/rivo/uniseg@v0.4.7/doc.go	ok
2026-09-27 14:59:31	C:\Users\lehie\AppData\Local\Temp\aiflow-security-modules-bnyayvbf\archives\github.com_muesli_termenv@v0.16.0.zip//github.com/muesli/termenv@v0.16.0/copy.go	ok
2026-09-27 14:59:31	C:\Users\lehie\AppData\Local\Temp\aiflow-security-modules-bnyayvbf\archives\github.com_muesli_termenv@v0.16.0.zip//github.com/muesli/termenv@v0.16.0/examples/color-chart/color-chart.png	ok
2026-09-27 14:59:31	C:\Users\lehie\AppData\Local\Temp\aiflow-security-modules-bnyayvbf\archives\github.com_muesli_termenv@v0.16.0.zip//github.com/muesli/termenv@v0.16.0/examples/color-chart/main.go	ok
2026-09-27 14:59:31	C:\Users\lehie\AppData\Local\Temp\aiflow-security-modules-bnyayvbf\archives\github.com_rivo_uniseg@v0.4.7.zip//github.com/rivo/uniseg@v0.4.7/eastasianwidth.go	ok
2026-09-27 14:59:31	C:\Users\lehie\AppData\Local\Temp\aiflow-security-modules-bnyayvbf\archives\github.com_muesli_termenv@v0.16.0.zip//github.com/muesli/termenv@v0.16.0/examples/hello-world/hello-world.png	ok
2026-09-27 14:59:31	C:\Users\lehie\AppData\Local\Temp\aiflow-security-modules-bnyayvbf\archives\github.com_rivo_uniseg@v0.4.7.zip//github.com/rivo/uniseg@v0.4.7/emojipresentation.go	ok
2026-09-27 14:59:31	C:\Users\lehie\AppData\Local\Temp\aiflow-security-modules-bnyayvbf\archives\github.com_muesli_termenv@v0.16.0.zip//github.com/muesli/termenv@v0.16.0/examples/hello-world/main.go	ok
2026-09-27 14:59:31	C:\Users\lehie\AppData\Local\Temp\aiflow-security-modules-bnyayvbf\archives\github.com_rivo_uniseg@v0.4.7.zip//github.com/rivo/uniseg@v0.4.7/examples_test.go	ok
2026-09-27 14:59:31	C:\Users\lehie\AppData\Local\Temp\aiflow-security-modules-bnyayvbf\archives\github.com_muesli_termenv@v0.16.0.zip//github.com/muesli/termenv@v0.16.0/go.mod	ok
2026-09-27 14:59:31	C:\Users\lehie\AppData\Local\Temp\aiflow-security-modules-bnyayvbf\archives\github.com_muesli_termenv@v0.16.0.zip//github.com/muesli/termenv@v0.16.0/go.sum	ok
2026-09-27 14:59:31	C:\Users\lehie\AppData\Local\Temp\aiflow-security-modules-bnyayvbf\archives\github.com_rivo_uniseg@v0.4.7.zip//github.com/rivo/uniseg@v0.4.7/gen_breaktest.go	ok
2026-09-27 14:59:31	C:\Users\lehie\AppData\Local\Temp\aiflow-security-modules-bnyayvbf\archives\github.com_muesli_termenv@v0.16.0.zip//github.com/muesli/termenv@v0.16.0/hyperlink.go	ok
2026-09-27 14:59:31	C:\Users\lehie\AppData\Local\Temp\aiflow-security-modules-bnyayvbf\archives\github.com_rivo_uniseg@v0.4.7.zip//github.com/rivo/uniseg@v0.4.7/gen_properties.go	ok
2026-09-27 14:59:31	C:\Users\lehie\AppData\Local\Temp\aiflow-security-modules-bnyayvbf\archives\github.com_muesli_termenv@v0.16.0.zip//github.com/muesli/termenv@v0.16.0/notification.go	ok
2026-09-27 14:59:31	C:\Users\lehie\AppData\Local\Temp\aiflow-security-modules-bnyayvbf\archives\github.com_rivo_uniseg@v0.4.7.zip//github.com/rivo/uniseg@v0.4.7/go.mod	ok
2026-09-27 14:59:31	C:\Users\lehie\AppData\Local\Temp\aiflow-security-modules-bnyayvbf\archives\github.com_rivo_uniseg@v0.4.7.zip//github.com/rivo/uniseg@v0.4.7/go.sum	ok
2026-09-27 14:59:31	C:\Users\lehie\AppData\Local\Temp\aiflow-security-modules-bnyayvbf\archives\github.com_muesli_termenv@v0.16.0.zip//github.com/muesli/termenv@v0.16.0/output.go	ok
2026-09-27 14:59:31	C:\Users\lehie\AppData\Local\Temp\aiflow-security-modules-bnyayvbf\archives\github.com_muesli_termenv@v0.16.0.zip//github.com/muesli/termenv@v0.16.0/profile.go	ok
2026-09-27 14:59:31	C:\Users\lehie\AppData\Local\Temp\aiflow-security-modules-bnyayvbf\archives\github.com_rivo_uniseg@v0.4.7.zip//github.com/rivo/uniseg@v0.4.7/grapheme.go	ok
2026-09-27 14:59:31	C:\Users\lehie\AppData\Local\Temp\aiflow-security-modules-bnyayvbf\archives\github.com_muesli_termenv@v0.16.0.zip//github.com/muesli/termenv@v0.16.0/screen.go	ok
2026-09-27 14:59:31	C:\Users\lehie\AppData\Local\Temp\aiflow-security-modules-bnyayvbf\archives\github.com_rivo_uniseg@v0.4.7.zip//github.com/rivo/uniseg@v0.4.7/grapheme_test.go	ok
2026-09-27 14:59:31	C:\Users\lehie\AppData\Local\Temp\aiflow-security-modules-bnyayvbf\archives\github.com_muesli_termenv@v0.16.0.zip//github.com/muesli/termenv@v0.16.0/screen_test.go	ok
2026-09-27 14:59:31	C:\Users\lehie\AppData\Local\Temp\aiflow-security-modules-bnyayvbf\archives\github.com_rivo_uniseg@v0.4.7.zip//github.com/rivo/uniseg@v0.4.7/graphemebreak_test.go	ok
2026-09-27 14:59:31	C:\Users\lehie\AppData\Local\Temp\aiflow-security-modules-bnyayvbf\archives\github.com_muesli_termenv@v0.16.0.zip//github.com/muesli/termenv@v0.16.0/style.go	ok
2026-09-27 14:59:31	C:\Users\lehie\AppData\Local\Temp\aiflow-security-modules-bnyayvbf\archives\github.com_muesli_termenv@v0.16.0.zip//github.com/muesli/termenv@v0.16.0/style_test.go	ok
2026-09-27 14:59:31	C:\Users\lehie\AppData\Local\Temp\aiflow-security-modules-bnyayvbf\archives\github.com_muesli_termenv@v0.16.0.zip//github.com/muesli/termenv@v0.16.0/templatehelper.go	ok
2026-09-27 14:59:31	C:\Users\lehie\AppData\Local\Temp\aiflow-security-modules-bnyayvbf\archives\github.com_rivo_uniseg@v0.4.7.zip//github.com/rivo/uniseg@v0.4.7/graphemeproperties.go	ok
2026-09-27 14:59:31	C:\Users\lehie\AppData\Local\Temp\aiflow-security-modules-bnyayvbf\archives\github.com_muesli_termenv@v0.16.0.zip//github.com/muesli/termenv@v0.16.0/templatehelper_test.go	ok
2026-09-27 14:59:31	C:\Users\lehie\AppData\Local\Temp\aiflow-security-modules-bnyayvbf\archives\github.com_rivo_uniseg@v0.4.7.zip//github.com/rivo/uniseg@v0.4.7/graphemerules.go	ok
2026-09-27 14:59:31	C:\Users\lehie\AppData\Local\Temp\aiflow-security-modules-bnyayvbf\archives\github.com_rivo_uniseg@v0.4.7.zip//github.com/rivo/uniseg@v0.4.7/line.go	ok
2026-09-27 14:59:31	C:\Users\lehie\AppData\Local\Temp\aiflow-security-modules-bnyayvbf\archives\github.com_muesli_termenv@v0.16.0.zip//github.com/muesli/termenv@v0.16.0/termenv.go	ok
2026-09-27 14:59:31	C:\Users\lehie\AppData\Local\Temp\aiflow-security-modules-bnyayvbf\archives\github.com_muesli_termenv@v0.16.0.zip//github.com/muesli/termenv@v0.16.0/termenv_other.go	ok
2026-09-27 14:59:31	C:\Users\lehie\AppData\Local\Temp\aiflow-security-modules-bnyayvbf\archives\github.com_rivo_uniseg@v0.4.7.zip//github.com/rivo/uniseg@v0.4.7/line_test.go	ok
2026-09-27 14:59:31	C:\Users\lehie\AppData\Local\Temp\aiflow-security-modules-bnyayvbf\archives\github.com_muesli_termenv@v0.16.0.zip//github.com/muesli/termenv@v0.16.0/termenv_posix.go	ok
2026-09-27 14:59:31	C:\Users\lehie\AppData\Local\Temp\aiflow-security-modules-bnyayvbf\archives\github.com_muesli_termenv@v0.16.0.zip//github.com/muesli/termenv@v0.16.0/termenv_solaris.go	ok
2026-09-27 14:59:31	C:\Users\lehie\AppData\Local\Temp\aiflow-security-modules-bnyayvbf\archives\github.com_muesli_termenv@v0.16.0.zip//github.com/muesli/termenv@v0.16.0/termenv_test.go	ok
2026-09-27 14:59:31	C:\Users\lehie\AppData\Local\Temp\aiflow-security-modules-bnyayvbf\archives\github.com_muesli_termenv@v0.16.0.zip//github.com/muesli/termenv@v0.16.0/termenv_unix.go	ok
2026-09-27 14:59:31	C:\Users\lehie\AppData\Local\Temp\aiflow-security-modules-bnyayvbf\archives\github.com_muesli_termenv@v0.16.0.zip//github.com/muesli/termenv@v0.16.0/termenv_windows.go	ok
2026-09-27 14:59:31	C:\Users\lehie\AppData\Local\Temp\aiflow-security-modules-bnyayvbf\archives\github.com_rivo_uniseg@v0.4.7.zip//github.com/rivo/uniseg@v0.4.7/linebreak_test.go	ok
2026-09-27 14:59:31	C:\Users\lehie\AppData\Local\Temp\aiflow-security-modules-bnyayvbf\archives\github.com_muesli_termenv@v0.16.0.zip//github.com/muesli/termenv@v0.16.0/testdata/templatehelper.tpl	ok
2026-09-27 14:59:31	C:\Users\lehie\AppData\Local\Temp\aiflow-security-modules-bnyayvbf\archives\github.com_muesli_termenv@v0.16.0.zip//github.com/muesli/termenv@v0.16.0/testdata/templatehelper_ansi.txt	ok
2026-09-27 14:59:31	C:\Users\lehie\AppData\Local\Temp\aiflow-security-modules-bnyayvbf\archives\github.com_muesli_termenv@v0.16.0.zip//github.com/muesli/termenv@v0.16.0/testdata/templatehelper_ansi256.txt	ok
2026-09-27 14:59:31	C:\Users\lehie\AppData\Local\Temp\aiflow-security-modules-bnyayvbf\archives\github.com_muesli_termenv@v0.16.0.zip//github.com/muesli/termenv@v0.16.0/testdata/templatehelper_ascii.txt	ok
2026-09-27 14:59:31	C:\Users\lehie\AppData\Local\Temp\aiflow-security-modules-bnyayvbf\archives\github.com_muesli_termenv@v0.16.0.zip//github.com/muesli/termenv@v0.16.0/testdata/templatehelper_truecolor.txt	ok
2026-09-27 14:59:31	C:\Users\lehie\AppData\Local\Temp\aiflow-security-modules-bnyayvbf\archives\github.com_muesli_termenv@v0.16.0.zip	ok
2026-09-27 14:59:31 	C:\Users\lehie\AppData\Local\Temp\aiflow-security-modules-bnyayvbf\archives\github.com_stretchr_testify@v1.11.1.zip	archive	ZIP
2026-09-27 14:59:31	C:\Users\lehie\AppData\Local\Temp\aiflow-security-modules-bnyayvbf\archives\github.com_rivo_uniseg@v0.4.7.zip//github.com/rivo/uniseg@v0.4.7/lineproperties.go	ok
2026-09-27 14:59:31	C:\Users\lehie\AppData\Local\Temp\aiflow-security-modules-bnyayvbf\archives\github.com_stretchr_testify@v1.11.1.zip//github.com/stretchr/testify@v1.11.1/.ci.gofmt.sh	ok
2026-09-27 14:59:31	C:\Users\lehie\AppData\Local\Temp\aiflow-security-modules-bnyayvbf\archives\github.com_rivo_uniseg@v0.4.7.zip//github.com/rivo/uniseg@v0.4.7/linerules.go	ok
2026-09-27 14:59:31	C:\Users\lehie\AppData\Local\Temp\aiflow-security-modules-bnyayvbf\archives\github.com_stretchr_testify@v1.11.1.zip//github.com/stretchr/testify@v1.11.1/.ci.gogenerate.sh	ok
2026-09-27 14:59:31	C:\Users\lehie\AppData\Local\Temp\aiflow-security-modules-bnyayvbf\archives\github.com_rivo_uniseg@v0.4.7.zip//github.com/rivo/uniseg@v0.4.7/properties.go	ok
2026-09-27 14:59:31	C:\Users\lehie\AppData\Local\Temp\aiflow-security-modules-bnyayvbf\archives\github.com_stretchr_testify@v1.11.1.zip//github.com/stretchr/testify@v1.11.1/.ci.govet.sh	ok
2026-09-27 14:59:31	C:\Users\lehie\AppData\Local\Temp\aiflow-security-modules-bnyayvbf\archives\github.com_stretchr_testify@v1.11.1.zip//github.com/stretchr/testify@v1.11.1/.ci.readme.fmt.sh	ok
2026-09-27 14:59:31	C:\Users\lehie\AppData\Local\Temp\aiflow-security-modules-bnyayvbf\archives\github.com_rivo_uniseg@v0.4.7.zip//github.com/rivo/uniseg@v0.4.7/sentence.go	ok
2026-09-27 14:59:31	C:\Users\lehie\AppData\Local\Temp\aiflow-security-modules-bnyayvbf\archives\github.com_stretchr_testify@v1.11.1.zip//github.com/stretchr/testify@v1.11.1/.github/ISSUE_TEMPLATE/bug_report.md	ok
2026-09-27 14:59:31	C:\Users\lehie\AppData\Local\Temp\aiflow-security-modules-bnyayvbf\archives\github.com_rivo_uniseg@v0.4.7.zip//github.com/rivo/uniseg@v0.4.7/sentence_test.go	ok
2026-09-27 14:59:31	C:\Users\lehie\AppData\Local\Temp\aiflow-security-modules-bnyayvbf\archives\github.com_stretchr_testify@v1.11.1.zip//github.com/stretchr/testify@v1.11.1/.github/ISSUE_TEMPLATE/feature_request.md	ok
2026-09-27 14:59:31	C:\Users\lehie\AppData\Local\Temp\aiflow-security-modules-bnyayvbf\archives\github.com_stretchr_testify@v1.11.1.zip//github.com/stretchr/testify@v1.11.1/.github/dependabot.yml	ok
2026-09-27 14:59:31	C:\Users\lehie\AppData\Local\Temp\aiflow-security-modules-bnyayvbf\archives\github.com_rivo_uniseg@v0.4.7.zip//github.com/rivo/uniseg@v0.4.7/sentencebreak_test.go	ok
2026-09-27 14:59:31	C:\Users\lehie\AppData\Local\Temp\aiflow-security-modules-bnyayvbf\archives\github.com_stretchr_testify@v1.11.1.zip//github.com/stretchr/testify@v1.11.1/.github/pull_request_template.md	ok
2026-09-27 14:59:31	C:\Users\lehie\AppData\Local\Temp\aiflow-security-modules-bnyayvbf\archives\github.com_stretchr_testify@v1.11.1.zip//github.com/stretchr/testify@v1.11.1/.github/workflows/main.yml	ok
2026-09-27 14:59:31	C:\Users\lehie\AppData\Local\Temp\aiflow-security-modules-bnyayvbf\archives\github.com_stretchr_testify@v1.11.1.zip//github.com/stretchr/testify@v1.11.1/.github/workflows/release.yml	ok
2026-09-27 14:59:31	C:\Users\lehie\AppData\Local\Temp\aiflow-security-modules-bnyayvbf\archives\github.com_stretchr_testify@v1.11.1.zip//github.com/stretchr/testify@v1.11.1/.gitignore	ok
2026-09-27 14:59:31	C:\Users\lehie\AppData\Local\Temp\aiflow-security-modules-bnyayvbf\archives\github.com_rivo_uniseg@v0.4.7.zip//github.com/rivo/uniseg@v0.4.7/sentenceproperties.go	ok
2026-09-27 14:59:31	C:\Users\lehie\AppData\Local\Temp\aiflow-security-modules-bnyayvbf\archives\github.com_stretchr_testify@v1.11.1.zip//github.com/stretchr/testify@v1.11.1/.mdsf.json	ok
2026-09-27 14:59:31	C:\Users\lehie\AppData\Local\Temp\aiflow-security-modules-bnyayvbf\archives\github.com_rivo_uniseg@v0.4.7.zip//github.com/rivo/uniseg@v0.4.7/sentencerules.go	ok
2026-09-27 14:59:31	C:\Users\lehie\AppData\Local\Temp\aiflow-security-modules-bnyayvbf\archives\github.com_stretchr_testify@v1.11.1.zip//github.com/stretchr/testify@v1.11.1/CONTRIBUTING.md	ok
2026-09-27 14:59:31	C:\Users\lehie\AppData\Local\Temp\aiflow-security-modules-bnyayvbf\archives\github.com_rivo_uniseg@v0.4.7.zip//github.com/rivo/uniseg@v0.4.7/step.go	ok
2026-09-27 14:59:31	C:\Users\lehie\AppData\Local\Temp\aiflow-security-modules-bnyayvbf\archives\github.com_stretchr_testify@v1.11.1.zip//github.com/stretchr/testify@v1.11.1/EMERITUS.md	ok
2026-09-27 14:59:31	C:\Users\lehie\AppData\Local\Temp\aiflow-security-modules-bnyayvbf\archives\github.com_rivo_uniseg@v0.4.7.zip//github.com/rivo/uniseg@v0.4.7/step_test.go	ok
2026-09-27 14:59:31	C:\Users\lehie\AppData\Local\Temp\aiflow-security-modules-bnyayvbf\archives\github.com_stretchr_testify@v1.11.1.zip//github.com/stretchr/testify@v1.11.1/LICENSE	ok
2026-09-27 14:59:31	C:\Users\lehie\AppData\Local\Temp\aiflow-security-modules-bnyayvbf\archives\github.com_rivo_uniseg@v0.4.7.zip//github.com/rivo/uniseg@v0.4.7/width.go	ok
2026-09-27 14:59:31	C:\Users\lehie\AppData\Local\Temp\aiflow-security-modules-bnyayvbf\archives\github.com_stretchr_testify@v1.11.1.zip//github.com/stretchr/testify@v1.11.1/MAINTAINERS.md	ok
2026-09-27 14:59:31	C:\Users\lehie\AppData\Local\Temp\aiflow-security-modules-bnyayvbf\archives\github.com_rivo_uniseg@v0.4.7.zip//github.com/rivo/uniseg@v0.4.7/width_test.go	ok
2026-09-27 14:59:31	C:\Users\lehie\AppData\Local\Temp\aiflow-security-modules-bnyayvbf\archives\github.com_stretchr_testify@v1.11.1.zip//github.com/stretchr/testify@v1.11.1/README.md	ok
2026-09-27 14:59:31	C:\Users\lehie\AppData\Local\Temp\aiflow-security-modules-bnyayvbf\archives\github.com_rivo_uniseg@v0.4.7.zip//github.com/rivo/uniseg@v0.4.7/word.go	ok
2026-09-27 14:59:31	C:\Users\lehie\AppData\Local\Temp\aiflow-security-modules-bnyayvbf\archives\github.com_rivo_uniseg@v0.4.7.zip//github.com/rivo/uniseg@v0.4.7/word_test.go	ok
2026-09-27 14:59:31	C:\Users\lehie\AppData\Local\Temp\aiflow-security-modules-bnyayvbf\archives\github.com_stretchr_testify@v1.11.1.zip//github.com/stretchr/testify@v1.11.1/assert/assertion_compare.go	ok
2026-09-27 14:59:31	C:\Users\lehie\AppData\Local\Temp\aiflow-security-modules-bnyayvbf\archives\github.com_stretchr_testify@v1.11.1.zip//github.com/stretchr/testify@v1.11.1/assert/assertion_compare_test.go	ok
2026-09-27 14:59:31	C:\Users\lehie\AppData\Local\Temp\aiflow-security-modules-bnyayvbf\archives\github.com_stretchr_testify@v1.11.1.zip//github.com/stretchr/testify@v1.11.1/assert/assertion_format.go	ok
2026-09-27 14:59:31	C:\Users\lehie\AppData\Local\Temp\aiflow-security-modules-bnyayvbf\archives\github.com_stretchr_testify@v1.11.1.zip//github.com/stretchr/testify@v1.11.1/assert/assertion_format.go.tmpl	ok
2026-09-27 14:59:31	C:\Users\lehie\AppData\Local\Temp\aiflow-security-modules-bnyayvbf\archives\github.com_rivo_uniseg@v0.4.7.zip//github.com/rivo/uniseg@v0.4.7/wordbreak_test.go	ok
2026-09-27 14:59:31	C:\Users\lehie\AppData\Local\Temp\aiflow-security-modules-bnyayvbf\archives\github.com_stretchr_testify@v1.11.1.zip//github.com/stretchr/testify@v1.11.1/assert/assertion_forward.go	ok
2026-09-27 14:59:31	C:\Users\lehie\AppData\Local\Temp\aiflow-security-modules-bnyayvbf\archives\github.com_stretchr_testify@v1.11.1.zip//github.com/stretchr/testify@v1.11.1/assert/assertion_forward.go.tmpl	ok
2026-09-27 14:59:31	C:\Users\lehie\AppData\Local\Temp\aiflow-security-modules-bnyayvbf\archives\github.com_rivo_uniseg@v0.4.7.zip//github.com/rivo/uniseg@v0.4.7/wordproperties.go	ok
2026-09-27 14:59:31	C:\Users\lehie\AppData\Local\Temp\aiflow-security-modules-bnyayvbf\archives\github.com_stretchr_testify@v1.11.1.zip//github.com/stretchr/testify@v1.11.1/assert/assertion_order.go	ok
2026-09-27 14:59:31	C:\Users\lehie\AppData\Local\Temp\aiflow-security-modules-bnyayvbf\archives\github.com_rivo_uniseg@v0.4.7.zip//github.com/rivo/uniseg@v0.4.7/wordrules.go	ok
2026-09-27 14:59:31	C:\Users\lehie\AppData\Local\Temp\aiflow-security-modules-bnyayvbf\archives\github.com_stretchr_testify@v1.11.1.zip//github.com/stretchr/testify@v1.11.1/assert/assertion_order_test.go	ok
2026-09-27 14:59:31	C:\Users\lehie\AppData\Local\Temp\aiflow-security-modules-bnyayvbf\archives\github.com_rivo_uniseg@v0.4.7.zip	ok
2026-09-27 14:59:31 	C:\Users\lehie\AppData\Local\Temp\aiflow-security-modules-bnyayvbf\archives\github.com_voocel_agentcore@v1.8.2.zip	archive	ZIP
2026-09-27 14:59:31	C:\Users\lehie\AppData\Local\Temp\aiflow-security-modules-bnyayvbf\archives\github.com_voocel_agentcore@v1.8.2.zip//github.com/voocel/agentcore@v1.8.2/.gitattributes	ok
2026-09-27 14:59:31	C:\Users\lehie\AppData\Local\Temp\aiflow-security-modules-bnyayvbf\archives\github.com_stretchr_testify@v1.11.1.zip//github.com/stretchr/testify@v1.11.1/assert/assertions.go	ok
2026-09-27 14:59:31	C:\Users\lehie\AppData\Local\Temp\aiflow-security-modules-bnyayvbf\archives\github.com_voocel_agentcore@v1.8.2.zip//github.com/voocel/agentcore@v1.8.2/.github/scripts/gen-changelog.sh	ok
2026-09-27 14:59:31	C:\Users\lehie\AppData\Local\Temp\aiflow-security-modules-bnyayvbf\archives\github.com_voocel_agentcore@v1.8.2.zip//github.com/voocel/agentcore@v1.8.2/.github/workflows/release.yml	ok
2026-09-27 14:59:31	C:\Users\lehie\AppData\Local\Temp\aiflow-security-modules-bnyayvbf\archives\github.com_voocel_agentcore@v1.8.2.zip//github.com/voocel/agentcore@v1.8.2/.gitignore	ok
2026-09-27 14:59:31	C:\Users\lehie\AppData\Local\Temp\aiflow-security-modules-bnyayvbf\archives\github.com_stretchr_testify@v1.11.1.zip//github.com/stretchr/testify@v1.11.1/assert/assertions_test.go	ok
2026-09-27 14:59:31	C:\Users\lehie\AppData\Local\Temp\aiflow-security-modules-bnyayvbf\archives\github.com_voocel_agentcore@v1.8.2.zip//github.com/voocel/agentcore@v1.8.2/.goreleaser.yml	ok
2026-09-27 14:59:31	C:\Users\lehie\AppData\Local\Temp\aiflow-security-modules-bnyayvbf\archives\github.com_stretchr_testify@v1.11.1.zip//github.com/stretchr/testify@v1.11.1/assert/doc.go	ok
2026-09-27 14:59:31	C:\Users\lehie\AppData\Local\Temp\aiflow-security-modules-bnyayvbf\archives\github.com_voocel_agentcore@v1.8.2.zip//github.com/voocel/agentcore@v1.8.2/LICENSE	ok
2026-09-27 14:59:31	C:\Users\lehie\AppData\Local\Temp\aiflow-security-modules-bnyayvbf\archives\github.com_stretchr_testify@v1.11.1.zip//github.com/stretchr/testify@v1.11.1/assert/errors.go	ok
2026-09-27 14:59:31	C:\Users\lehie\AppData\Local\Temp\aiflow-security-modules-bnyayvbf\archives\github.com_stretchr_testify@v1.11.1.zip//github.com/stretchr/testify@v1.11.1/assert/forward_assertions.go	ok
2026-09-27 14:59:31	C:\Users\lehie\AppData\Local\Temp\aiflow-security-modules-bnyayvbf\archives\github.com_voocel_agentcore@v1.8.2.zip//github.com/voocel/agentcore@v1.8.2/README.md	ok
2026-09-27 14:59:31	C:\Users\lehie\AppData\Local\Temp\aiflow-security-modules-bnyayvbf\archives\github.com_stretchr_testify@v1.11.1.zip//github.com/stretchr/testify@v1.11.1/assert/forward_assertions_test.go	ok
2026-09-27 14:59:31	C:\Users\lehie\AppData\Local\Temp\aiflow-security-modules-bnyayvbf\archives\github.com_voocel_agentcore@v1.8.2.zip//github.com/voocel/agentcore@v1.8.2/README_CN.md	ok
2026-09-27 14:59:31	C:\Users\lehie\AppData\Local\Temp\aiflow-security-modules-bnyayvbf\archives\github.com_stretchr_testify@v1.11.1.zip//github.com/stretchr/testify@v1.11.1/assert/http_assertions.go	ok
2026-09-27 14:59:31	C:\Users\lehie\AppData\Local\Temp\aiflow-security-modules-bnyayvbf\archives\github.com_voocel_agentcore@v1.8.2.zip//github.com/voocel/agentcore@v1.8.2/agent.go	ok
2026-09-27 14:59:31	C:\Users\lehie\AppData\Local\Temp\aiflow-security-modules-bnyayvbf\archives\github.com_stretchr_testify@v1.11.1.zip//github.com/stretchr/testify@v1.11.1/assert/http_assertions_test.go	ok
2026-09-27 14:59:31	C:\Users\lehie\AppData\Local\Temp\aiflow-security-modules-bnyayvbf\archives\github.com_stretchr_testify@v1.11.1.zip//github.com/stretchr/testify@v1.11.1/assert/internal/unsafetests/doc.go	ok
2026-09-27 14:59:31	C:\Users\lehie\AppData\Local\Temp\aiflow-security-modules-bnyayvbf\archives\github.com_voocel_agentcore@v1.8.2.zip//github.com/voocel/agentcore@v1.8.2/agent_test.go	ok
2026-09-27 14:59:31	C:\Users\lehie\AppData\Local\Temp\aiflow-security-modules-bnyayvbf\archives\github.com_stretchr_testify@v1.11.1.zip//github.com/stretchr/testify@v1.11.1/assert/internal/unsafetests/unsafetests_test.go	ok
2026-09-27 14:59:31	C:\Users\lehie\AppData\Local\Temp\aiflow-security-modules-bnyayvbf\archives\github.com_voocel_agentcore@v1.8.2.zip//github.com/voocel/agentcore@v1.8.2/context.go	ok
2026-09-27 14:59:31	C:\Users\lehie\AppData\Local\Temp\aiflow-security-modules-bnyayvbf\archives\github.com_stretchr_testify@v1.11.1.zip//github.com/stretchr/testify@v1.11.1/assert/yaml/yaml_custom.go	ok
2026-09-27 14:59:31	C:\Users\lehie\AppData\Local\Temp\aiflow-security-modules-bnyayvbf\archives\github.com_stretchr_testify@v1.11.1.zip//github.com/stretchr/testify@v1.11.1/assert/yaml/yaml_default.go	ok
2026-09-27 14:59:32	C:\Users\lehie\AppData\Local\Temp\aiflow-security-modules-bnyayvbf\archives\github.com_voocel_agentcore@v1.8.2.zip//github.com/voocel/agentcore@v1.8.2/context/engine.go	ok
2026-09-27 14:59:32	C:\Users\lehie\AppData\Local\Temp\aiflow-security-modules-bnyayvbf\archives\github.com_stretchr_testify@v1.11.1.zip//github.com/stretchr/testify@v1.11.1/assert/yaml/yaml_fail.go	ok
2026-09-27 14:59:32	C:\Users\lehie\AppData\Local\Temp\aiflow-security-modules-bnyayvbf\archives\github.com_stretchr_testify@v1.11.1.zip//github.com/stretchr/testify@v1.11.1/doc.go	ok
2026-09-27 14:59:32	C:\Users\lehie\AppData\Local\Temp\aiflow-security-modules-bnyayvbf\archives\github.com_voocel_agentcore@v1.8.2.zip//github.com/voocel/agentcore@v1.8.2/context/engine_test.go	ok
2026-09-27 14:59:32	C:\Users\lehie\AppData\Local\Temp\aiflow-security-modules-bnyayvbf\archives\github.com_stretchr_testify@v1.11.1.zip//github.com/stretchr/testify@v1.11.1/go.mod	ok
2026-09-27 14:59:32	C:\Users\lehie\AppData\Local\Temp\aiflow-security-modules-bnyayvbf\archives\github.com_voocel_agentcore@v1.8.2.zip//github.com/voocel/agentcore@v1.8.2/context/message.go	ok
2026-09-27 14:59:32	C:\Users\lehie\AppData\Local\Temp\aiflow-security-modules-bnyayvbf\archives\github.com_stretchr_testify@v1.11.1.zip//github.com/stretchr/testify@v1.11.1/go.sum	ok
2026-09-27 14:59:32	C:\Users\lehie\AppData\Local\Temp\aiflow-security-modules-bnyayvbf\archives\github.com_voocel_agentcore@v1.8.2.zip//github.com/voocel/agentcore@v1.8.2/context/strategy.go	ok
2026-09-27 14:59:32	C:\Users\lehie\AppData\Local\Temp\aiflow-security-modules-bnyayvbf\archives\github.com_stretchr_testify@v1.11.1.zip//github.com/stretchr/testify@v1.11.1/http/doc.go	ok
2026-09-27 14:59:32	C:\Users\lehie\AppData\Local\Temp\aiflow-security-modules-bnyayvbf\archives\github.com_voocel_agentcore@v1.8.2.zip//github.com/voocel/agentcore@v1.8.2/context/strategy_session_memory.go	ok
2026-09-27 14:59:32	C:\Users\lehie\AppData\Local\Temp\aiflow-security-modules-bnyayvbf\archives\github.com_stretchr_testify@v1.11.1.zip//github.com/stretchr/testify@v1.11.1/http/test_response_writer.go	ok
2026-09-27 14:59:32	C:\Users\lehie\AppData\Local\Temp\aiflow-security-modules-bnyayvbf\archives\github.com_voocel_agentcore@v1.8.2.zip//github.com/voocel/agentcore@v1.8.2/context/strategy_session_memory_test.go	ok
2026-09-27 14:59:32	C:\Users\lehie\AppData\Local\Temp\aiflow-security-modules-bnyayvbf\archives\github.com_stretchr_testify@v1.11.1.zip//github.com/stretchr/testify@v1.11.1/http/test_round_tripper.go	ok
2026-09-27 14:59:32	C:\Users\lehie\AppData\Local\Temp\aiflow-security-modules-bnyayvbf\archives\github.com_voocel_agentcore@v1.8.2.zip//github.com/voocel/agentcore@v1.8.2/context/strategy_summary.go	ok
2026-09-27 14:59:32	C:\Users\lehie\AppData\Local\Temp\aiflow-security-modules-bnyayvbf\archives\github.com_stretchr_testify@v1.11.1.zip//github.com/stretchr/testify@v1.11.1/mock/doc.go	ok
2026-09-27 14:59:32	C:\Users\lehie\AppData\Local\Temp\aiflow-security-modules-bnyayvbf\archives\github.com_voocel_agentcore@v1.8.2.zip//github.com/voocel/agentcore@v1.8.2/context/strategy_tool.go	ok
2026-09-27 14:59:32	C:\Users\lehie\AppData\Local\Temp\aiflow-security-modules-bnyayvbf\archives\github.com_voocel_agentcore@v1.8.2.zip//github.com/voocel/agentcore@v1.8.2/context/strategy_trim.go	ok
2026-09-27 14:59:32	C:\Users\lehie\AppData\Local\Temp\aiflow-security-modules-bnyayvbf\archives\github.com_stretchr_testify@v1.11.1.zip//github.com/stretchr/testify@v1.11.1/mock/mock.go	ok
2026-09-27 14:59:32	C:\Users\lehie\AppData\Local\Temp\aiflow-security-modules-bnyayvbf\archives\github.com_voocel_agentcore@v1.8.2.zip//github.com/voocel/agentcore@v1.8.2/context/summary.go	ok
2026-09-27 14:59:32	C:\Users\lehie\AppData\Local\Temp\aiflow-security-modules-bnyayvbf\archives\github.com_stretchr_testify@v1.11.1.zip//github.com/stretchr/testify@v1.11.1/mock/mock_test.go	ok
2026-09-27 14:59:32	C:\Users\lehie\AppData\Local\Temp\aiflow-security-modules-bnyayvbf\archives\github.com_voocel_agentcore@v1.8.2.zip//github.com/voocel/agentcore@v1.8.2/context/summary_run.go	ok
2026-09-27 14:59:32	C:\Users\lehie\AppData\Local\Temp\aiflow-security-modules-bnyayvbf\archives\github.com_stretchr_testify@v1.11.1.zip//github.com/stretchr/testify@v1.11.1/package_test.go	ok
2026-09-27 14:59:32	C:\Users\lehie\AppData\Local\Temp\aiflow-security-modules-bnyayvbf\archives\github.com_voocel_agentcore@v1.8.2.zip//github.com/voocel/agentcore@v1.8.2/context/summary_run_test.go	ok
2026-09-27 14:59:32	C:\Users\lehie\AppData\Local\Temp\aiflow-security-modules-bnyayvbf\archives\github.com_stretchr_testify@v1.11.1.zip//github.com/stretchr/testify@v1.11.1/require/doc.go	ok
2026-09-27 14:59:32	C:\Users\lehie\AppData\Local\Temp\aiflow-security-modules-bnyayvbf\archives\github.com_stretchr_testify@v1.11.1.zip//github.com/stretchr/testify@v1.11.1/require/forward_requirements.go	ok
2026-09-27 14:59:32	C:\Users\lehie\AppData\Local\Temp\aiflow-security-modules-bnyayvbf\archives\github.com_voocel_agentcore@v1.8.2.zip//github.com/voocel/agentcore@v1.8.2/context/usage.go	ok
2026-09-27 14:59:32	C:\Users\lehie\AppData\Local\Temp\aiflow-security-modules-bnyayvbf\archives\github.com_stretchr_testify@v1.11.1.zip//github.com/stretchr/testify@v1.11.1/require/forward_requirements_test.go	ok
2026-09-27 14:59:32	C:\Users\lehie\AppData\Local\Temp\aiflow-security-modules-bnyayvbf\archives\github.com_voocel_agentcore@v1.8.2.zip//github.com/voocel/agentcore@v1.8.2/doc.go	ok
2026-09-27 14:59:32	C:\Users\lehie\AppData\Local\Temp\aiflow-security-modules-bnyayvbf\archives\github.com_voocel_agentcore@v1.8.2.zip//github.com/voocel/agentcore@v1.8.2/errors.go	ok
2026-09-27 14:59:32	C:\Users\lehie\AppData\Local\Temp\aiflow-security-modules-bnyayvbf\archives\github.com_stretchr_testify@v1.11.1.zip//github.com/stretchr/testify@v1.11.1/require/require.go	ok
2026-09-27 14:59:32	C:\Users\lehie\AppData\Local\Temp\aiflow-security-modules-bnyayvbf\archives\github.com_voocel_agentcore@v1.8.2.zip//github.com/voocel/agentcore@v1.8.2/event.go	ok
2026-09-27 14:59:32	C:\Users\lehie\AppData\Local\Temp\aiflow-security-modules-bnyayvbf\archives\github.com_stretchr_testify@v1.11.1.zip//github.com/stretchr/testify@v1.11.1/require/require.go.tmpl	ok
2026-09-27 14:59:32	C:\Users\lehie\AppData\Local\Temp\aiflow-security-modules-bnyayvbf\archives\github.com_voocel_agentcore@v1.8.2.zip//github.com/voocel/agentcore@v1.8.2/examples/multi/main.go	ok
2026-09-27 14:59:32	C:\Users\lehie\AppData\Local\Temp\aiflow-security-modules-bnyayvbf\archives\github.com_stretchr_testify@v1.11.1.zip//github.com/stretchr/testify@v1.11.1/require/require_forward.go	ok
2026-09-27 14:59:32	C:\Users\lehie\AppData\Local\Temp\aiflow-security-modules-bnyayvbf\archives\github.com_voocel_agentcore@v1.8.2.zip//github.com/voocel/agentcore@v1.8.2/examples/single/main.go	ok
2026-09-27 14:59:32	C:\Users\lehie\AppData\Local\Temp\aiflow-security-modules-bnyayvbf\archives\github.com_stretchr_testify@v1.11.1.zip//github.com/stretchr/testify@v1.11.1/require/require_forward.go.tmpl	ok
2026-09-27 14:59:32	C:\Users\lehie\AppData\Local\Temp\aiflow-security-modules-bnyayvbf\archives\github.com_voocel_agentcore@v1.8.2.zip//github.com/voocel/agentcore@v1.8.2/go.mod	ok
2026-09-27 14:59:32	C:\Users\lehie\AppData\Local\Temp\aiflow-security-modules-bnyayvbf\archives\github.com_voocel_agentcore@v1.8.2.zip//github.com/voocel/agentcore@v1.8.2/go.sum	ok
2026-09-27 14:59:32	C:\Users\lehie\AppData\Local\Temp\aiflow-security-modules-bnyayvbf\archives\github.com_stretchr_testify@v1.11.1.zip//github.com/stretchr/testify@v1.11.1/require/requirements.go	ok
2026-09-27 14:59:32	C:\Users\lehie\AppData\Local\Temp\aiflow-security-modules-bnyayvbf\archives\github.com_voocel_agentcore@v1.8.2.zip//github.com/voocel/agentcore@v1.8.2/inject.go	ok
2026-09-27 14:59:32	C:\Users\lehie\AppData\Local\Temp\aiflow-security-modules-bnyayvbf\archives\github.com_stretchr_testify@v1.11.1.zip//github.com/stretchr/testify@v1.11.1/require/requirements_test.go	ok
2026-09-27 14:59:32	C:\Users\lehie\AppData\Local\Temp\aiflow-security-modules-bnyayvbf\archives\github.com_voocel_agentcore@v1.8.2.zip//github.com/voocel/agentcore@v1.8.2/llm/capabilities.go	ok
2026-09-27 14:59:32	C:\Users\lehie\AppData\Local\Temp\aiflow-security-modules-bnyayvbf\archives\github.com_stretchr_testify@v1.11.1.zip//github.com/stretchr/testify@v1.11.1/suite/doc.go	ok
2026-09-27 14:59:32	C:\Users\lehie\AppData\Local\Temp\aiflow-security-modules-bnyayvbf\archives\github.com_voocel_agentcore@v1.8.2.zip//github.com/voocel/agentcore@v1.8.2/llm/errors.go	ok
2026-09-27 14:59:32	C:\Users\lehie\AppData\Local\Temp\aiflow-security-modules-bnyayvbf\archives\github.com_stretchr_testify@v1.11.1.zip//github.com/stretchr/testify@v1.11.1/suite/interfaces.go	ok
2026-09-27 14:59:32	C:\Users\lehie\AppData\Local\Temp\aiflow-security-modules-bnyayvbf\archives\github.com_stretchr_testify@v1.11.1.zip//github.com/stretchr/testify@v1.11.1/suite/stats.go	ok
2026-09-27 14:59:32	C:\Users\lehie\AppData\Local\Temp\aiflow-security-modules-bnyayvbf\archives\github.com_voocel_agentcore@v1.8.2.zip//github.com/voocel/agentcore@v1.8.2/llm/litellm.go	ok
2026-09-27 14:59:32	C:\Users\lehie\AppData\Local\Temp\aiflow-security-modules-bnyayvbf\archives\github.com_stretchr_testify@v1.11.1.zip//github.com/stretchr/testify@v1.11.1/suite/stats_test.go	ok
2026-09-27 14:59:32	C:\Users\lehie\AppData\Local\Temp\aiflow-security-modules-bnyayvbf\archives\github.com_stretchr_testify@v1.11.1.zip//github.com/stretchr/testify@v1.11.1/suite/suite.go	ok
2026-09-27 14:59:32	C:\Users\lehie\AppData\Local\Temp\aiflow-security-modules-bnyayvbf\archives\github.com_voocel_agentcore@v1.8.2.zip//github.com/voocel/agentcore@v1.8.2/llm/litellm_test.go	ok
2026-09-27 14:59:32	C:\Users\lehie\AppData\Local\Temp\aiflow-security-modules-bnyayvbf\archives\github.com_voocel_agentcore@v1.8.2.zip//github.com/voocel/agentcore@v1.8.2/llm/model.go	ok
2026-09-27 14:59:32	C:\Users\lehie\AppData\Local\Temp\aiflow-security-modules-bnyayvbf\archives\github.com_stretchr_testify@v1.11.1.zip//github.com/stretchr/testify@v1.11.1/suite/suite_test.go	ok
2026-09-27 14:59:32	C:\Users\lehie\AppData\Local\Temp\aiflow-security-modules-bnyayvbf\archives\github.com_stretchr_testify@v1.11.1.zip	ok
2026-09-27 14:59:32	C:\Users\lehie\AppData\Local\Temp\aiflow-security-modules-bnyayvbf\archives\github.com_voocel_agentcore@v1.8.2.zip//github.com/voocel/agentcore@v1.8.2/llm/thinking.go	ok
2026-09-27 14:59:32 	C:\Users\lehie\AppData\Local\Temp\aiflow-security-modules-bnyayvbf\archives\github.com_voocel_agentcore@v1.8.3.zip	archive	ZIP
2026-09-27 14:59:32	C:\Users\lehie\AppData\Local\Temp\aiflow-security-modules-bnyayvbf\archives\github.com_voocel_agentcore@v1.8.2.zip//github.com/voocel/agentcore@v1.8.2/llm/transform.go	ok
2026-09-27 14:59:32	C:\Users\lehie\AppData\Local\Temp\aiflow-security-modules-bnyayvbf\archives\github.com_voocel_agentcore@v1.8.3.zip//github.com/voocel/agentcore@v1.8.3/.gitattributes	ok
2026-09-27 14:59:32	C:\Users\lehie\AppData\Local\Temp\aiflow-security-modules-bnyayvbf\archives\github.com_voocel_agentcore@v1.8.2.zip//github.com/voocel/agentcore@v1.8.2/llm/transform_test.go	ok
2026-09-27 14:59:32	C:\Users\lehie\AppData\Local\Temp\aiflow-security-modules-bnyayvbf\archives\github.com_voocel_agentcore@v1.8.3.zip//github.com/voocel/agentcore@v1.8.3/.github/scripts/gen-changelog.sh	ok
2026-09-27 14:59:32	C:\Users\lehie\AppData\Local\Temp\aiflow-security-modules-bnyayvbf\archives\github.com_voocel_agentcore@v1.8.3.zip//github.com/voocel/agentcore@v1.8.3/.github/workflows/release.yml	ok
2026-09-27 14:59:32	C:\Users\lehie\AppData\Local\Temp\aiflow-security-modules-bnyayvbf\archives\github.com_voocel_agentcore@v1.8.3.zip//github.com/voocel/agentcore@v1.8.3/.gitignore	ok
2026-09-27 14:59:32	C:\Users\lehie\AppData\Local\Temp\aiflow-security-modules-bnyayvbf\archives\github.com_voocel_agentcore@v1.8.2.zip//github.com/voocel/agentcore@v1.8.2/loop.go	ok
2026-09-27 14:59:32	C:\Users\lehie\AppData\Local\Temp\aiflow-security-modules-bnyayvbf\archives\github.com_voocel_agentcore@v1.8.3.zip//github.com/voocel/agentcore@v1.8.3/.goreleaser.yml	ok
2026-09-27 14:59:32	C:\Users\lehie\AppData\Local\Temp\aiflow-security-modules-bnyayvbf\archives\github.com_voocel_agentcore@v1.8.3.zip//github.com/voocel/agentcore@v1.8.3/LICENSE	ok
2026-09-27 14:59:32	C:\Users\lehie\AppData\Local\Temp\aiflow-security-modules-bnyayvbf\archives\github.com_voocel_agentcore@v1.8.2.zip//github.com/voocel/agentcore@v1.8.2/loop_test.go	ok
2026-09-27 14:59:32	C:\Users\lehie\AppData\Local\Temp\aiflow-security-modules-bnyayvbf\archives\github.com_voocel_agentcore@v1.8.3.zip//github.com/voocel/agentcore@v1.8.3/README.md	ok
2026-09-27 14:59:32	C:\Users\lehie\AppData\Local\Temp\aiflow-security-modules-bnyayvbf\archives\github.com_voocel_agentcore@v1.8.3.zip//github.com/voocel/agentcore@v1.8.3/README_CN.md	ok
2026-09-27 14:59:32	C:\Users\lehie\AppData\Local\Temp\aiflow-security-modules-bnyayvbf\archives\github.com_voocel_agentcore@v1.8.2.zip//github.com/voocel/agentcore@v1.8.2/message.go	ok
2026-09-27 14:59:32	C:\Users\lehie\AppData\Local\Temp\aiflow-security-modules-bnyayvbf\archives\github.com_voocel_agentcore@v1.8.2.zip//github.com/voocel/agentcore@v1.8.2/model.go	ok
2026-09-27 14:59:32	C:\Users\lehie\AppData\Local\Temp\aiflow-security-modules-bnyayvbf\archives\github.com_voocel_agentcore@v1.8.2.zip//github.com/voocel/agentcore@v1.8.2/options.go	ok
2026-09-27 14:59:32	C:\Users\lehie\AppData\Local\Temp\aiflow-security-modules-bnyayvbf\archives\github.com_voocel_agentcore@v1.8.2.zip//github.com/voocel/agentcore@v1.8.2/permission/engine.go	ok
2026-09-27 14:59:32	C:\Users\lehie\AppData\Local\Temp\aiflow-security-modules-bnyayvbf\archives\github.com_voocel_agentcore@v1.8.2.zip//github.com/voocel/agentcore@v1.8.2/permission/engine_test.go	ok
2026-09-27 14:59:32	C:\Users\lehie\AppData\Local\Temp\aiflow-security-modules-bnyayvbf\archives\github.com_voocel_agentcore@v1.8.2.zip//github.com/voocel/agentcore@v1.8.2/permission/permission.go	ok
2026-09-27 14:59:32	C:\Users\lehie\AppData\Local\Temp\aiflow-security-modules-bnyayvbf\archives\github.com_voocel_agentcore@v1.8.2.zip//github.com/voocel/agentcore@v1.8.2/permission/profile.go	ok
2026-09-27 14:59:32	C:\Users\lehie\AppData\Local\Temp\aiflow-security-modules-bnyayvbf\archives\github.com_voocel_agentcore@v1.8.2.zip//github.com/voocel/agentcore@v1.8.2/permission/rules.go	ok
2026-09-27 14:59:32	C:\Users\lehie\AppData\Local\Temp\aiflow-security-modules-bnyayvbf\archives\github.com_voocel_agentcore@v1.8.2.zip//github.com/voocel/agentcore@v1.8.2/permission/rules_test.go	ok
2026-09-27 14:59:32	C:\Users\lehie\AppData\Local\Temp\aiflow-security-modules-bnyayvbf\archives\github.com_voocel_agentcore@v1.8.2.zip//github.com/voocel/agentcore@v1.8.2/permission/store.go	ok
2026-09-27 14:59:32	C:\Users\lehie\AppData\Local\Temp\aiflow-security-modules-bnyayvbf\archives\github.com_voocel_agentcore@v1.8.2.zip//github.com/voocel/agentcore@v1.8.2/permission/store_test.go	ok
2026-09-27 14:59:32	C:\Users\lehie\AppData\Local\Temp\aiflow-security-modules-bnyayvbf\archives\github.com_voocel_agentcore@v1.8.2.zip//github.com/voocel/agentcore@v1.8.2/proxy/proxy.go	ok
2026-09-27 14:59:32	C:\Users\lehie\AppData\Local\Temp\aiflow-security-modules-bnyayvbf\archives\github.com_voocel_agentcore@v1.8.2.zip//github.com/voocel/agentcore@v1.8.2/schema/schema.go	ok
2026-09-27 14:59:32	C:\Users\lehie\AppData\Local\Temp\aiflow-security-modules-bnyayvbf\archives\github.com_voocel_agentcore@v1.8.2.zip//github.com/voocel/agentcore@v1.8.2/stop_guard.go	ok
2026-09-27 14:59:32	C:\Users\lehie\AppData\Local\Temp\aiflow-security-modules-bnyayvbf\archives\github.com_voocel_agentcore@v1.8.2.zip//github.com/voocel/agentcore@v1.8.2/stream.go	ok
2026-09-27 14:59:32	C:\Users\lehie\AppData\Local\Temp\aiflow-security-modules-bnyayvbf\archives\github.com_voocel_agentcore@v1.8.2.zip//github.com/voocel/agentcore@v1.8.2/subagent/subagent.go	ok
2026-09-27 14:59:32	C:\Users\lehie\AppData\Local\Temp\aiflow-security-modules-bnyayvbf\archives\github.com_voocel_agentcore@v1.8.2.zip//github.com/voocel/agentcore@v1.8.2/subagent/subagent_team_test.go	ok
2026-09-27 14:59:32	C:\Users\lehie\AppData\Local\Temp\aiflow-security-modules-bnyayvbf\archives\github.com_voocel_agentcore@v1.8.2.zip//github.com/voocel/agentcore@v1.8.2/subagent/subagent_test.go	ok
2026-09-27 14:59:32	C:\Users\lehie\AppData\Local\Temp\aiflow-security-modules-bnyayvbf\archives\github.com_voocel_agentcore@v1.8.2.zip//github.com/voocel/agentcore@v1.8.2/task/task.go	ok
2026-09-27 14:59:32	C:\Users\lehie\AppData\Local\Temp\aiflow-security-modules-bnyayvbf\archives\github.com_voocel_agentcore@v1.8.2.zip//github.com/voocel/agentcore@v1.8.2/team/identity.go	ok
2026-09-27 14:59:32	C:\Users\lehie\AppData\Local\Temp\aiflow-security-modules-bnyayvbf\archives\github.com_voocel_agentcore@v1.8.2.zip//github.com/voocel/agentcore@v1.8.2/team/mailbox.go	ok
2026-09-27 14:59:32	C:\Users\lehie\AppData\Local\Temp\aiflow-security-modules-bnyayvbf\archives\github.com_voocel_agentcore@v1.8.3.zip//github.com/voocel/agentcore@v1.8.3/agent.go	ok
2026-09-27 14:59:32	C:\Users\lehie\AppData\Local\Temp\aiflow-security-modules-bnyayvbf\archives\github.com_voocel_agentcore@v1.8.2.zip//github.com/voocel/agentcore@v1.8.2/team/mailbox_test.go	ok
2026-09-27 14:59:32	C:\Users\lehie\AppData\Local\Temp\aiflow-security-modules-bnyayvbf\archives\github.com_voocel_agentcore@v1.8.3.zip//github.com/voocel/agentcore@v1.8.3/agent_test.go	ok
2026-09-27 14:59:32	C:\Users\lehie\AppData\Local\Temp\aiflow-security-modules-bnyayvbf\archives\github.com_voocel_agentcore@v1.8.2.zip//github.com/voocel/agentcore@v1.8.2/team/registry.go	ok
2026-09-27 14:59:32	C:\Users\lehie\AppData\Local\Temp\aiflow-security-modules-bnyayvbf\archives\github.com_voocel_agentcore@v1.8.3.zip//github.com/voocel/agentcore@v1.8.3/context.go	ok
2026-09-27 14:59:32	C:\Users\lehie\AppData\Local\Temp\aiflow-security-modules-bnyayvbf\archives\github.com_voocel_agentcore@v1.8.2.zip//github.com/voocel/agentcore@v1.8.2/team/registry_test.go	ok
2026-09-27 14:59:32	C:\Users\lehie\AppData\Local\Temp\aiflow-security-modules-bnyayvbf\archives\github.com_voocel_agentcore@v1.8.3.zip//github.com/voocel/agentcore@v1.8.3/context/engine.go	ok
2026-09-27 14:59:32	C:\Users\lehie\AppData\Local\Temp\aiflow-security-modules-bnyayvbf\archives\github.com_voocel_agentcore@v1.8.2.zip//github.com/voocel/agentcore@v1.8.2/team/runner.go	ok
2026-09-27 14:59:32	C:\Users\lehie\AppData\Local\Temp\aiflow-security-modules-bnyayvbf\archives\github.com_voocel_agentcore@v1.8.3.zip//github.com/voocel/agentcore@v1.8.3/context/engine_test.go	ok
2026-09-27 14:59:32	C:\Users\lehie\AppData\Local\Temp\aiflow-security-modules-bnyayvbf\archives\github.com_voocel_agentcore@v1.8.3.zip//github.com/voocel/agentcore@v1.8.3/context/message.go	ok
2026-09-27 14:59:32	C:\Users\lehie\AppData\Local\Temp\aiflow-security-modules-bnyayvbf\archives\github.com_voocel_agentcore@v1.8.3.zip//github.com/voocel/agentcore@v1.8.3/context/strategy.go	ok
2026-09-27 14:59:32	C:\Users\lehie\AppData\Local\Temp\aiflow-security-modules-bnyayvbf\archives\github.com_voocel_agentcore@v1.8.2.zip//github.com/voocel/agentcore@v1.8.2/team/runner_test.go	ok
2026-09-27 14:59:32	C:\Users\lehie\AppData\Local\Temp\aiflow-security-modules-bnyayvbf\archives\github.com_voocel_agentcore@v1.8.3.zip//github.com/voocel/agentcore@v1.8.3/context/strategy_session_memory.go	ok
2026-09-27 14:59:32	C:\Users\lehie\AppData\Local\Temp\aiflow-security-modules-bnyayvbf\archives\github.com_voocel_agentcore@v1.8.2.zip//github.com/voocel/agentcore@v1.8.2/team/spawn.go	ok
2026-09-27 14:59:32	C:\Users\lehie\AppData\Local\Temp\aiflow-security-modules-bnyayvbf\archives\github.com_voocel_agentcore@v1.8.3.zip//github.com/voocel/agentcore@v1.8.3/context/strategy_session_memory_test.go	ok
2026-09-27 14:59:32	C:\Users\lehie\AppData\Local\Temp\aiflow-security-modules-bnyayvbf\archives\github.com_voocel_agentcore@v1.8.2.zip//github.com/voocel/agentcore@v1.8.2/team/team.go	ok
2026-09-27 14:59:32	C:\Users\lehie\AppData\Local\Temp\aiflow-security-modules-bnyayvbf\archives\github.com_voocel_agentcore@v1.8.3.zip//github.com/voocel/agentcore@v1.8.3/context/strategy_summary.go	ok
2026-09-27 14:59:32	C:\Users\lehie\AppData\Local\Temp\aiflow-security-modules-bnyayvbf\archives\github.com_voocel_agentcore@v1.8.2.zip//github.com/voocel/agentcore@v1.8.2/tool.go	ok
2026-09-27 14:59:32	C:\Users\lehie\AppData\Local\Temp\aiflow-security-modules-bnyayvbf\archives\github.com_voocel_agentcore@v1.8.3.zip//github.com/voocel/agentcore@v1.8.3/context/strategy_tool.go	ok
2026-09-27 14:59:32	C:\Users\lehie\AppData\Local\Temp\aiflow-security-modules-bnyayvbf\archives\github.com_voocel_agentcore@v1.8.3.zip//github.com/voocel/agentcore@v1.8.3/context/strategy_trim.go	ok
2026-09-27 14:59:32	C:\Users\lehie\AppData\Local\Temp\aiflow-security-modules-bnyayvbf\archives\github.com_voocel_agentcore@v1.8.2.zip//github.com/voocel/agentcore@v1.8.2/tools/bash.go	ok
2026-09-27 14:59:32	C:\Users\lehie\AppData\Local\Temp\aiflow-security-modules-bnyayvbf\archives\github.com_voocel_agentcore@v1.8.3.zip//github.com/voocel/agentcore@v1.8.3/context/summary.go	ok
2026-09-27 14:59:32	C:\Users\lehie\AppData\Local\Temp\aiflow-security-modules-bnyayvbf\archives\github.com_voocel_agentcore@v1.8.2.zip//github.com/voocel/agentcore@v1.8.2/tools/bash_test.go	ok
2026-09-27 14:59:32	C:\Users\lehie\AppData\Local\Temp\aiflow-security-modules-bnyayvbf\archives\github.com_voocel_agentcore@v1.8.3.zip//github.com/voocel/agentcore@v1.8.3/context/summary_run.go	ok
2026-09-27 14:59:32	C:\Users\lehie\AppData\Local\Temp\aiflow-security-modules-bnyayvbf\archives\github.com_voocel_agentcore@v1.8.2.zip//github.com/voocel/agentcore@v1.8.2/tools/bash_unix.go	ok
2026-09-27 14:59:32	C:\Users\lehie\AppData\Local\Temp\aiflow-security-modules-bnyayvbf\archives\github.com_voocel_agentcore@v1.8.2.zip//github.com/voocel/agentcore@v1.8.2/tools/bash_windows.go	ok
2026-09-27 14:59:32	C:\Users\lehie\AppData\Local\Temp\aiflow-security-modules-bnyayvbf\archives\github.com_voocel_agentcore@v1.8.3.zip//github.com/voocel/agentcore@v1.8.3/context/summary_run_test.go	ok
2026-09-27 14:59:32	C:\Users\lehie\AppData\Local\Temp\aiflow-security-modules-bnyayvbf\archives\github.com_voocel_agentcore@v1.8.2.zip//github.com/voocel/agentcore@v1.8.2/tools/cwd.go	ok
2026-09-27 14:59:32	C:\Users\lehie\AppData\Local\Temp\aiflow-security-modules-bnyayvbf\archives\github.com_voocel_agentcore@v1.8.3.zip//github.com/voocel/agentcore@v1.8.3/context/usage.go	ok
2026-09-27 14:59:32	C:\Users\lehie\AppData\Local\Temp\aiflow-security-modules-bnyayvbf\archives\github.com_voocel_agentcore@v1.8.2.zip//github.com/voocel/agentcore@v1.8.2/tools/cwd_test.go	ok
2026-09-27 14:59:32	C:\Users\lehie\AppData\Local\Temp\aiflow-security-modules-bnyayvbf\archives\github.com_voocel_agentcore@v1.8.3.zip//github.com/voocel/agentcore@v1.8.3/doc.go	ok
2026-09-27 14:59:32	C:\Users\lehie\AppData\Local\Temp\aiflow-security-modules-bnyayvbf\archives\github.com_voocel_agentcore@v1.8.2.zip//github.com/voocel/agentcore@v1.8.2/tools/doc.go	ok
2026-09-27 14:59:32	C:\Users\lehie\AppData\Local\Temp\aiflow-security-modules-bnyayvbf\archives\github.com_voocel_agentcore@v1.8.3.zip//github.com/voocel/agentcore@v1.8.3/errors.go	ok
2026-09-27 14:59:32	C:\Users\lehie\AppData\Local\Temp\aiflow-security-modules-bnyayvbf\archives\github.com_voocel_agentcore@v1.8.3.zip//github.com/voocel/agentcore@v1.8.3/event.go	ok
2026-09-27 14:59:32	C:\Users\lehie\AppData\Local\Temp\aiflow-security-modules-bnyayvbf\archives\github.com_voocel_agentcore@v1.8.2.zip//github.com/voocel/agentcore@v1.8.2/tools/edit.go	ok
2026-09-27 14:59:32	C:\Users\lehie\AppData\Local\Temp\aiflow-security-modules-bnyayvbf\archives\github.com_voocel_agentcore@v1.8.3.zip//github.com/voocel/agentcore@v1.8.3/examples/multi/main.go	ok
2026-09-27 14:59:32	C:\Users\lehie\AppData\Local\Temp\aiflow-security-modules-bnyayvbf\archives\github.com_voocel_agentcore@v1.8.2.zip//github.com/voocel/agentcore@v1.8.2/tools/edit_test.go	ok
2026-09-27 14:59:32	C:\Users\lehie\AppData\Local\Temp\aiflow-security-modules-bnyayvbf\archives\github.com_voocel_agentcore@v1.8.3.zip//github.com/voocel/agentcore@v1.8.3/examples/single/main.go	ok
2026-09-27 14:59:32	C:\Users\lehie\AppData\Local\Temp\aiflow-security-modules-bnyayvbf\archives\github.com_voocel_agentcore@v1.8.2.zip//github.com/voocel/agentcore@v1.8.2/tools/file_state.go	ok
2026-09-27 14:59:32	C:\Users\lehie\AppData\Local\Temp\aiflow-security-modules-bnyayvbf\archives\github.com_voocel_agentcore@v1.8.3.zip//github.com/voocel/agentcore@v1.8.3/go.mod	ok
2026-09-27 14:59:32	C:\Users\lehie\AppData\Local\Temp\aiflow-security-modules-bnyayvbf\archives\github.com_voocel_agentcore@v1.8.3.zip//github.com/voocel/agentcore@v1.8.3/go.sum	ok
2026-09-27 14:59:32	C:\Users\lehie\AppData\Local\Temp\aiflow-security-modules-bnyayvbf\archives\github.com_voocel_agentcore@v1.8.2.zip//github.com/voocel/agentcore@v1.8.2/tools/glob.go	ok
2026-09-27 14:59:32	C:\Users\lehie\AppData\Local\Temp\aiflow-security-modules-bnyayvbf\archives\github.com_voocel_agentcore@v1.8.3.zip//github.com/voocel/agentcore@v1.8.3/inject.go	ok
2026-09-27 14:59:32	C:\Users\lehie\AppData\Local\Temp\aiflow-security-modules-bnyayvbf\archives\github.com_voocel_agentcore@v1.8.3.zip//github.com/voocel/agentcore@v1.8.3/llm/capabilities.go	ok
2026-09-27 14:59:32	C:\Users\lehie\AppData\Local\Temp\aiflow-security-modules-bnyayvbf\archives\github.com_voocel_agentcore@v1.8.2.zip//github.com/voocel/agentcore@v1.8.2/tools/grep.go	ok
2026-09-27 14:59:32	C:\Users\lehie\AppData\Local\Temp\aiflow-security-modules-bnyayvbf\archives\github.com_voocel_agentcore@v1.8.3.zip//github.com/voocel/agentcore@v1.8.3/llm/errors.go	ok
2026-09-27 14:59:32	C:\Users\lehie\AppData\Local\Temp\aiflow-security-modules-bnyayvbf\archives\github.com_voocel_agentcore@v1.8.2.zip//github.com/voocel/agentcore@v1.8.2/tools/ls.go	ok
2026-09-27 14:59:32	C:\Users\lehie\AppData\Local\Temp\aiflow-security-modules-bnyayvbf\archives\github.com_voocel_agentcore@v1.8.3.zip//github.com/voocel/agentcore@v1.8.3/llm/litellm.go	ok
2026-09-27 14:59:32	C:\Users\lehie\AppData\Local\Temp\aiflow-security-modules-bnyayvbf\archives\github.com_voocel_agentcore@v1.8.2.zip//github.com/voocel/agentcore@v1.8.2/tools/read.go	ok
2026-09-27 14:59:32	C:\Users\lehie\AppData\Local\Temp\aiflow-security-modules-bnyayvbf\archives\github.com_voocel_agentcore@v1.8.3.zip//github.com/voocel/agentcore@v1.8.3/llm/litellm_test.go	ok
2026-09-27 14:59:32	C:\Users\lehie\AppData\Local\Temp\aiflow-security-modules-bnyayvbf\archives\github.com_voocel_agentcore@v1.8.2.zip//github.com/voocel/agentcore@v1.8.2/tools/support.go	ok
2026-09-27 14:59:32	C:\Users\lehie\AppData\Local\Temp\aiflow-security-modules-bnyayvbf\archives\github.com_voocel_agentcore@v1.8.3.zip//github.com/voocel/agentcore@v1.8.3/llm/model.go	ok
2026-09-27 14:59:32	C:\Users\lehie\AppData\Local\Temp\aiflow-security-modules-bnyayvbf\archives\github.com_voocel_agentcore@v1.8.3.zip//github.com/voocel/agentcore@v1.8.3/llm/thinking.go	ok
2026-09-27 14:59:32	C:\Users\lehie\AppData\Local\Temp\aiflow-security-modules-bnyayvbf\archives\github.com_voocel_agentcore@v1.8.2.zip//github.com/voocel/agentcore@v1.8.2/tools/tool_search.go	ok
2026-09-27 14:59:32	C:\Users\lehie\AppData\Local\Temp\aiflow-security-modules-bnyayvbf\archives\github.com_voocel_agentcore@v1.8.3.zip//github.com/voocel/agentcore@v1.8.3/llm/transform.go	ok
2026-09-27 14:59:32	C:\Users\lehie\AppData\Local\Temp\aiflow-security-modules-bnyayvbf\archives\github.com_voocel_agentcore@v1.8.2.zip//github.com/voocel/agentcore@v1.8.2/tools/workspace_fs.go	ok
2026-09-27 14:59:32	C:\Users\lehie\AppData\Local\Temp\aiflow-security-modules-bnyayvbf\archives\github.com_voocel_agentcore@v1.8.2.zip//github.com/voocel/agentcore@v1.8.2/tools/workspace_fs_test.go	ok
2026-09-27 14:59:32	C:\Users\lehie\AppData\Local\Temp\aiflow-security-modules-bnyayvbf\archives\github.com_voocel_agentcore@v1.8.3.zip//github.com/voocel/agentcore@v1.8.3/llm/transform_test.go	ok
2026-09-27 14:59:32	C:\Users\lehie\AppData\Local\Temp\aiflow-security-modules-bnyayvbf\archives\github.com_voocel_agentcore@v1.8.2.zip//github.com/voocel/agentcore@v1.8.2/tools/write.go	ok
2026-09-27 14:59:32	C:\Users\lehie\AppData\Local\Temp\aiflow-security-modules-bnyayvbf\archives\github.com_voocel_agentcore@v1.8.3.zip//github.com/voocel/agentcore@v1.8.3/loop.go	ok
2026-09-27 14:59:32	C:\Users\lehie\AppData\Local\Temp\aiflow-security-modules-bnyayvbf\archives\github.com_voocel_agentcore@v1.8.2.zip//github.com/voocel/agentcore@v1.8.2/turn_tool_executor.go	ok
2026-09-27 14:59:32	C:\Users\lehie\AppData\Local\Temp\aiflow-security-modules-bnyayvbf\archives\github.com_voocel_agentcore@v1.8.2.zip	ok
2026-09-27 14:59:32 	C:\Users\lehie\AppData\Local\Temp\aiflow-security-modules-bnyayvbf\archives\github.com_voocel_litellm@v1.8.10.zip	archive	ZIP
2026-09-27 14:59:32	C:\Users\lehie\AppData\Local\Temp\aiflow-security-modules-bnyayvbf\archives\github.com_voocel_litellm@v1.8.10.zip//github.com/voocel/litellm@v1.8.10/.gitattributes	ok
2026-09-27 14:59:32	C:\Users\lehie\AppData\Local\Temp\aiflow-security-modules-bnyayvbf\archives\github.com_voocel_agentcore@v1.8.3.zip//github.com/voocel/agentcore@v1.8.3/loop_test.go	ok
2026-09-27 14:59:32	C:\Users\lehie\AppData\Local\Temp\aiflow-security-modules-bnyayvbf\archives\github.com_voocel_litellm@v1.8.10.zip//github.com/voocel/litellm@v1.8.10/.github/scripts/gen-changelog.sh	ok
2026-09-27 14:59:32	C:\Users\lehie\AppData\Local\Temp\aiflow-security-modules-bnyayvbf\archives\github.com_voocel_litellm@v1.8.10.zip//github.com/voocel/litellm@v1.8.10/.github/workflows/release.yml	ok
2026-09-27 14:59:32	C:\Users\lehie\AppData\Local\Temp\aiflow-security-modules-bnyayvbf\archives\github.com_voocel_agentcore@v1.8.3.zip//github.com/voocel/agentcore@v1.8.3/message.go	ok
2026-09-27 14:59:32	C:\Users\lehie\AppData\Local\Temp\aiflow-security-modules-bnyayvbf\archives\github.com_voocel_litellm@v1.8.10.zip//github.com/voocel/litellm@v1.8.10/.github/workflows/test.yml	ok
2026-09-27 14:59:32	C:\Users\lehie\AppData\Local\Temp\aiflow-security-modules-bnyayvbf\archives\github.com_voocel_agentcore@v1.8.3.zip//github.com/voocel/agentcore@v1.8.3/model.go	ok
2026-09-27 14:59:32	C:\Users\lehie\AppData\Local\Temp\aiflow-security-modules-bnyayvbf\archives\github.com_voocel_litellm@v1.8.10.zip//github.com/voocel/litellm@v1.8.10/.gitignore	ok
2026-09-27 14:59:32	C:\Users\lehie\AppData\Local\Temp\aiflow-security-modules-bnyayvbf\archives\github.com_voocel_litellm@v1.8.10.zip//github.com/voocel/litellm@v1.8.10/.goreleaser.yml	ok
2026-09-27 14:59:32	C:\Users\lehie\AppData\Local\Temp\aiflow-security-modules-bnyayvbf\archives\github.com_voocel_agentcore@v1.8.3.zip//github.com/voocel/agentcore@v1.8.3/options.go	ok
2026-09-27 14:59:32	C:\Users\lehie\AppData\Local\Temp\aiflow-security-modules-bnyayvbf\archives\github.com_voocel_litellm@v1.8.10.zip//github.com/voocel/litellm@v1.8.10/LICENSE	ok
2026-09-27 14:59:32	C:\Users\lehie\AppData\Local\Temp\aiflow-security-modules-bnyayvbf\archives\github.com_voocel_agentcore@v1.8.3.zip//github.com/voocel/agentcore@v1.8.3/permission/engine.go	ok
2026-09-27 14:59:32	C:\Users\lehie\AppData\Local\Temp\aiflow-security-modules-bnyayvbf\archives\github.com_voocel_litellm@v1.8.10.zip//github.com/voocel/litellm@v1.8.10/README.md	ok
2026-09-27 14:59:32	C:\Users\lehie\AppData\Local\Temp\aiflow-security-modules-bnyayvbf\archives\github.com_voocel_agentcore@v1.8.3.zip//github.com/voocel/agentcore@v1.8.3/permission/engine_test.go	ok
2026-09-27 14:59:32	C:\Users\lehie\AppData\Local\Temp\aiflow-security-modules-bnyayvbf\archives\github.com_voocel_litellm@v1.8.10.zip//github.com/voocel/litellm@v1.8.10/README_CN.md	ok
2026-09-27 14:59:32	C:\Users\lehie\AppData\Local\Temp\aiflow-security-modules-bnyayvbf\archives\github.com_voocel_litellm@v1.8.10.zip//github.com/voocel/litellm@v1.8.10/capabilities.go	ok
2026-09-27 14:59:32	C:\Users\lehie\AppData\Local\Temp\aiflow-security-modules-bnyayvbf\archives\github.com_voocel_agentcore@v1.8.3.zip//github.com/voocel/agentcore@v1.8.3/permission/permission.go	ok
2026-09-27 14:59:32	C:\Users\lehie\AppData\Local\Temp\aiflow-security-modules-bnyayvbf\archives\github.com_voocel_agentcore@v1.8.3.zip//github.com/voocel/agentcore@v1.8.3/permission/profile.go	ok
2026-09-27 14:59:32	C:\Users\lehie\AppData\Local\Temp\aiflow-security-modules-bnyayvbf\archives\github.com_voocel_litellm@v1.8.10.zip//github.com/voocel/litellm@v1.8.10/capabilities_test.go	ok
2026-09-27 14:59:32	C:\Users\lehie\AppData\Local\Temp\aiflow-security-modules-bnyayvbf\archives\github.com_voocel_agentcore@v1.8.3.zip//github.com/voocel/agentcore@v1.8.3/permission/rules.go	ok
2026-09-27 14:59:32	C:\Users\lehie\AppData\Local\Temp\aiflow-security-modules-bnyayvbf\archives\github.com_voocel_litellm@v1.8.10.zip//github.com/voocel/litellm@v1.8.10/client.go	ok
2026-09-27 14:59:32	C:\Users\lehie\AppData\Local\Temp\aiflow-security-modules-bnyayvbf\archives\github.com_voocel_agentcore@v1.8.3.zip//github.com/voocel/agentcore@v1.8.3/permission/rules_test.go	ok
2026-09-27 14:59:32	C:\Users\lehie\AppData\Local\Temp\aiflow-security-modules-bnyayvbf\archives\github.com_voocel_litellm@v1.8.10.zip//github.com/voocel/litellm@v1.8.10/client_internal.go	ok
2026-09-27 14:59:32	C:\Users\lehie\AppData\Local\Temp\aiflow-security-modules-bnyayvbf\archives\github.com_voocel_agentcore@v1.8.3.zip//github.com/voocel/agentcore@v1.8.3/permission/store.go	ok
2026-09-27 14:59:32	C:\Users\lehie\AppData\Local\Temp\aiflow-security-modules-bnyayvbf\archives\github.com_voocel_litellm@v1.8.10.zip//github.com/voocel/litellm@v1.8.10/client_internal_test.go	ok
2026-09-27 14:59:32	C:\Users\lehie\AppData\Local\Temp\aiflow-security-modules-bnyayvbf\archives\github.com_voocel_agentcore@v1.8.3.zip//github.com/voocel/agentcore@v1.8.3/permission/store_test.go	ok
2026-09-27 14:59:32	C:\Users\lehie\AppData\Local\Temp\aiflow-security-modules-bnyayvbf\archives\github.com_voocel_litellm@v1.8.10.zip//github.com/voocel/litellm@v1.8.10/doc.go	ok
2026-09-27 14:59:32	C:\Users\lehie\AppData\Local\Temp\aiflow-security-modules-bnyayvbf\archives\github.com_voocel_agentcore@v1.8.3.zip//github.com/voocel/agentcore@v1.8.3/proxy/proxy.go	ok
2026-09-27 14:59:32	C:\Users\lehie\AppData\Local\Temp\aiflow-security-modules-bnyayvbf\archives\github.com_voocel_agentcore@v1.8.3.zip//github.com/voocel/agentcore@v1.8.3/schema/schema.go	ok
2026-09-27 14:59:32	C:\Users\lehie\AppData\Local\Temp\aiflow-security-modules-bnyayvbf\archives\github.com_voocel_litellm@v1.8.10.zip//github.com/voocel/litellm@v1.8.10/errors.go	ok
2026-09-27 14:59:32	C:\Users\lehie\AppData\Local\Temp\aiflow-security-modules-bnyayvbf\archives\github.com_voocel_litellm@v1.8.10.zip//github.com/voocel/litellm@v1.8.10/examples/anthropic/main.go	ok
2026-09-27 14:59:32	C:\Users\lehie\AppData\Local\Temp\aiflow-security-modules-bnyayvbf\archives\github.com_voocel_agentcore@v1.8.3.zip//github.com/voocel/agentcore@v1.8.3/stop_guard.go	ok
2026-09-27 14:59:32	C:\Users\lehie\AppData\Local\Temp\aiflow-security-modules-bnyayvbf\archives\github.com_voocel_litellm@v1.8.10.zip//github.com/voocel/litellm@v1.8.10/examples/bedrock/main.go	ok
2026-09-27 14:59:32	C:\Users\lehie\AppData\Local\Temp\aiflow-security-modules-bnyayvbf\archives\github.com_voocel_agentcore@v1.8.3.zip//github.com/voocel/agentcore@v1.8.3/stream.go	ok
2026-09-27 14:59:32	C:\Users\lehie\AppData\Local\Temp\aiflow-security-modules-bnyayvbf\archives\github.com_voocel_litellm@v1.8.10.zip//github.com/voocel/litellm@v1.8.10/examples/deepseek/main.go	ok
2026-09-27 14:59:32	C:\Users\lehie\AppData\Local\Temp\aiflow-security-modules-bnyayvbf\archives\github.com_voocel_litellm@v1.8.10.zip//github.com/voocel/litellm@v1.8.10/examples/gemini/main.go	ok
2026-09-27 14:59:32	C:\Users\lehie\AppData\Local\Temp\aiflow-security-modules-bnyayvbf\archives\github.com_voocel_agentcore@v1.8.3.zip//github.com/voocel/agentcore@v1.8.3/subagent/subagent.go	ok
2026-09-27 14:59:32	C:\Users\lehie\AppData\Local\Temp\aiflow-security-modules-bnyayvbf\archives\github.com_voocel_litellm@v1.8.10.zip//github.com/voocel/litellm@v1.8.10/examples/glm/main.go	ok
2026-09-27 14:59:32	C:\Users\lehie\AppData\Local\Temp\aiflow-security-modules-bnyayvbf\archives\github.com_voocel_agentcore@v1.8.3.zip//github.com/voocel/agentcore@v1.8.3/subagent/subagent_team_test.go	ok
2026-09-27 14:59:32	C:\Users\lehie\AppData\Local\Temp\aiflow-security-modules-bnyayvbf\archives\github.com_voocel_litellm@v1.8.10.zip//github.com/voocel/litellm@v1.8.10/examples/grok/main.go	ok
2026-09-27 14:59:32	C:\Users\lehie\AppData\Local\Temp\aiflow-security-modules-bnyayvbf\archives\github.com_voocel_litellm@v1.8.10.zip//github.com/voocel/litellm@v1.8.10/examples/internal/exampleutil/stream.go	ok
2026-09-27 14:59:32	C:\Users\lehie\AppData\Local\Temp\aiflow-security-modules-bnyayvbf\archives\github.com_voocel_agentcore@v1.8.3.zip//github.com/voocel/agentcore@v1.8.3/subagent/subagent_test.go	ok
2026-09-27 14:59:32	C:\Users\lehie\AppData\Local\Temp\aiflow-security-modules-bnyayvbf\archives\github.com_voocel_litellm@v1.8.10.zip//github.com/voocel/litellm@v1.8.10/examples/minimax/main.go	ok
2026-09-27 14:59:32	C:\Users\lehie\AppData\Local\Temp\aiflow-security-modules-bnyayvbf\archives\github.com_voocel_litellm@v1.8.10.zip//github.com/voocel/litellm@v1.8.10/examples/ollama/main.go	ok
2026-09-27 14:59:32	C:\Users\lehie\AppData\Local\Temp\aiflow-security-modules-bnyayvbf\archives\github.com_voocel_agentcore@v1.8.3.zip//github.com/voocel/agentcore@v1.8.3/task/task.go	ok
2026-09-27 14:59:32	C:\Users\lehie\AppData\Local\Temp\aiflow-security-modules-bnyayvbf\archives\github.com_voocel_litellm@v1.8.10.zip//github.com/voocel/litellm@v1.8.10/examples/openai/main.go	ok
2026-09-27 14:59:32	C:\Users\lehie\AppData\Local\Temp\aiflow-security-modules-bnyayvbf\archives\github.com_voocel_agentcore@v1.8.3.zip//github.com/voocel/agentcore@v1.8.3/team/identity.go	ok
2026-09-27 14:59:32	C:\Users\lehie\AppData\Local\Temp\aiflow-security-modules-bnyayvbf\archives\github.com_voocel_litellm@v1.8.10.zip//github.com/voocel/litellm@v1.8.10/examples/openrouter/main.go	ok
2026-09-27 14:59:32	C:\Users\lehie\AppData\Local\Temp\aiflow-security-modules-bnyayvbf\archives\github.com_voocel_agentcore@v1.8.3.zip//github.com/voocel/agentcore@v1.8.3/team/mailbox.go	ok
2026-09-27 14:59:32	C:\Users\lehie\AppData\Local\Temp\aiflow-security-modules-bnyayvbf\archives\github.com_voocel_litellm@v1.8.10.zip//github.com/voocel/litellm@v1.8.10/examples/qwen/main.go	ok
2026-09-27 14:59:32	C:\Users\lehie\AppData\Local\Temp\aiflow-security-modules-bnyayvbf\archives\github.com_voocel_agentcore@v1.8.3.zip//github.com/voocel/agentcore@v1.8.3/team/mailbox_test.go	ok
2026-09-27 14:59:32	C:\Users\lehie\AppData\Local\Temp\aiflow-security-modules-bnyayvbf\archives\github.com_voocel_litellm@v1.8.10.zip//github.com/voocel/litellm@v1.8.10/go.mod	ok
2026-09-27 14:59:32	C:\Users\lehie\AppData\Local\Temp\aiflow-security-modules-bnyayvbf\archives\github.com_voocel_litellm@v1.8.10.zip//github.com/voocel/litellm@v1.8.10/helpers.go	ok
2026-09-27 14:59:32	C:\Users\lehie\AppData\Local\Temp\aiflow-security-modules-bnyayvbf\archives\github.com_voocel_agentcore@v1.8.3.zip//github.com/voocel/agentcore@v1.8.3/team/registry.go	ok
2026-09-27 14:59:32	C:\Users\lehie\AppData\Local\Temp\aiflow-security-modules-bnyayvbf\archives\github.com_voocel_litellm@v1.8.10.zip//github.com/voocel/litellm@v1.8.10/hooks.go	ok
2026-09-27 14:59:32	C:\Users\lehie\AppData\Local\Temp\aiflow-security-modules-bnyayvbf\archives\github.com_voocel_agentcore@v1.8.3.zip//github.com/voocel/agentcore@v1.8.3/team/registry_test.go	ok
2026-09-27 14:59:32	C:\Users\lehie\AppData\Local\Temp\aiflow-security-modules-bnyayvbf\archives\github.com_voocel_litellm@v1.8.10.zip//github.com/voocel/litellm@v1.8.10/internal/testgolden/fixture.go	ok
2026-09-27 14:59:32	C:\Users\lehie\AppData\Local\Temp\aiflow-security-modules-bnyayvbf\archives\github.com_voocel_agentcore@v1.8.3.zip//github.com/voocel/agentcore@v1.8.3/team/runner.go	ok
2026-09-27 14:59:32	C:\Users\lehie\AppData\Local\Temp\aiflow-security-modules-bnyayvbf\archives\github.com_voocel_litellm@v1.8.10.zip//github.com/voocel/litellm@v1.8.10/internal/testgolden/json.go	ok
2026-09-27 14:59:32	C:\Users\lehie\AppData\Local\Temp\aiflow-security-modules-bnyayvbf\archives\github.com_voocel_litellm@v1.8.10.zip//github.com/voocel/litellm@v1.8.10/pricing/pricing.go	ok
2026-09-27 14:59:32	C:\Users\lehie\AppData\Local\Temp\aiflow-security-modules-bnyayvbf\archives\github.com_voocel_agentcore@v1.8.3.zip//github.com/voocel/agentcore@v1.8.3/team/runner_test.go	ok
2026-09-27 14:59:32	C:\Users\lehie\AppData\Local\Temp\aiflow-security-modules-bnyayvbf\archives\github.com_voocel_litellm@v1.8.10.zip//github.com/voocel/litellm@v1.8.10/pricing/pricing_test.go	ok
2026-09-27 14:59:32	C:\Users\lehie\AppData\Local\Temp\aiflow-security-modules-bnyayvbf\archives\github.com_voocel_agentcore@v1.8.3.zip//github.com/voocel/agentcore@v1.8.3/team/spawn.go	ok
2026-09-27 14:59:32	C:\Users\lehie\AppData\Local\Temp\aiflow-security-modules-bnyayvbf\archives\github.com_voocel_litellm@v1.8.10.zip//github.com/voocel/litellm@v1.8.10/provider-capabilities.md	ok
2026-09-27 14:59:32	C:\Users\lehie\AppData\Local\Temp\aiflow-security-modules-bnyayvbf\archives\github.com_voocel_litellm@v1.8.10.zip//github.com/voocel/litellm@v1.8.10/provider.go	ok
2026-09-27 14:59:32	C:\Users\lehie\AppData\Local\Temp\aiflow-security-modules-bnyayvbf\archives\github.com_voocel_agentcore@v1.8.3.zip//github.com/voocel/agentcore@v1.8.3/team/team.go	ok
2026-09-27 14:59:32	C:\Users\lehie\AppData\Local\Temp\aiflow-security-modules-bnyayvbf\archives\github.com_voocel_litellm@v1.8.10.zip//github.com/voocel/litellm@v1.8.10/provider/anthropic/capabilities.go	ok
2026-09-27 14:59:32	C:\Users\lehie\AppData\Local\Temp\aiflow-security-modules-bnyayvbf\archives\github.com_voocel_litellm@v1.8.10.zip//github.com/voocel/litellm@v1.8.10/provider/anthropic/client.go	ok
2026-09-27 14:59:32	C:\Users\lehie\AppData\Local\Temp\aiflow-security-modules-bnyayvbf\archives\github.com_voocel_agentcore@v1.8.3.zip//github.com/voocel/agentcore@v1.8.3/tool.go	ok
2026-09-27 14:59:32	C:\Users\lehie\AppData\Local\Temp\aiflow-security-modules-bnyayvbf\archives\github.com_voocel_litellm@v1.8.10.zip//github.com/voocel/litellm@v1.8.10/provider/anthropic/provider.go	ok
2026-09-27 14:59:32	C:\Users\lehie\AppData\Local\Temp\aiflow-security-modules-bnyayvbf\archives\github.com_voocel_agentcore@v1.8.3.zip//github.com/voocel/agentcore@v1.8.3/tools/bash.go	ok
2026-09-27 14:59:32	C:\Users\lehie\AppData\Local\Temp\aiflow-security-modules-bnyayvbf\archives\github.com_voocel_litellm@v1.8.10.zip//github.com/voocel/litellm@v1.8.10/provider/anthropic/request.go	ok
2026-09-27 14:59:32	C:\Users\lehie\AppData\Local\Temp\aiflow-security-modules-bnyayvbf\archives\github.com_voocel_agentcore@v1.8.3.zip//github.com/voocel/agentcore@v1.8.3/tools/bash_test.go	ok
2026-09-27 14:59:32	C:\Users\lehie\AppData\Local\Temp\aiflow-security-modules-bnyayvbf\archives\github.com_voocel_agentcore@v1.8.3.zip//github.com/voocel/agentcore@v1.8.3/tools/bash_unix.go	ok
2026-09-27 14:59:32	C:\Users\lehie\AppData\Local\Temp\aiflow-security-modules-bnyayvbf\archives\github.com_voocel_agentcore@v1.8.3.zip//github.com/voocel/agentcore@v1.8.3/tools/bash_windows.go	ok
2026-09-27 14:59:32	C:\Users\lehie\AppData\Local\Temp\aiflow-security-modules-bnyayvbf\archives\github.com_voocel_litellm@v1.8.10.zip//github.com/voocel/litellm@v1.8.10/provider/anthropic/request_test.go	ok
2026-09-27 14:59:32	C:\Users\lehie\AppData\Local\Temp\aiflow-security-modules-bnyayvbf\archives\github.com_voocel_agentcore@v1.8.3.zip//github.com/voocel/agentcore@v1.8.3/tools/cwd.go	ok
2026-09-27 14:59:32	C:\Users\lehie\AppData\Local\Temp\aiflow-security-modules-bnyayvbf\archives\github.com_voocel_litellm@v1.8.10.zip//github.com/voocel/litellm@v1.8.10/provider/anthropic/response.go	ok
2026-09-27 14:59:32	C:\Users\lehie\AppData\Local\Temp\aiflow-security-modules-bnyayvbf\archives\github.com_voocel_agentcore@v1.8.3.zip//github.com/voocel/agentcore@v1.8.3/tools/cwd_test.go	ok
2026-09-27 14:59:32	C:\Users\lehie\AppData\Local\Temp\aiflow-security-modules-bnyayvbf\archives\github.com_voocel_litellm@v1.8.10.zip//github.com/voocel/litellm@v1.8.10/provider/anthropic/stream.go	ok
2026-09-27 14:59:32	C:\Users\lehie\AppData\Local\Temp\aiflow-security-modules-bnyayvbf\archives\github.com_voocel_agentcore@v1.8.3.zip//github.com/voocel/agentcore@v1.8.3/tools/doc.go	ok
2026-09-27 14:59:32	C:\Users\lehie\AppData\Local\Temp\aiflow-security-modules-bnyayvbf\archives\github.com_voocel_litellm@v1.8.10.zip//github.com/voocel/litellm@v1.8.10/provider/bedrock/capabilities.go	ok
2026-09-27 14:59:32	C:\Users\lehie\AppData\Local\Temp\aiflow-security-modules-bnyayvbf\archives\github.com_voocel_litellm@v1.8.10.zip//github.com/voocel/litellm@v1.8.10/provider/bedrock/client.go	ok
2026-09-27 14:59:32	C:\Users\lehie\AppData\Local\Temp\aiflow-security-modules-bnyayvbf\archives\github.com_voocel_agentcore@v1.8.3.zip//github.com/voocel/agentcore@v1.8.3/tools/edit.go	ok
2026-09-27 14:59:32	C:\Users\lehie\AppData\Local\Temp\aiflow-security-modules-bnyayvbf\archives\github.com_voocel_litellm@v1.8.10.zip//github.com/voocel/litellm@v1.8.10/provider/bedrock/eventstream.go	ok
2026-09-27 14:59:32	C:\Users\lehie\AppData\Local\Temp\aiflow-security-modules-bnyayvbf\archives\github.com_voocel_litellm@v1.8.10.zip//github.com/voocel/litellm@v1.8.10/provider/bedrock/eventstream_test.go	ok
2026-09-27 14:59:32	C:\Users\lehie\AppData\Local\Temp\aiflow-security-modules-bnyayvbf\archives\github.com_voocel_agentcore@v1.8.3.zip//github.com/voocel/agentcore@v1.8.3/tools/edit_test.go	ok
2026-09-27 14:59:32	C:\Users\lehie\AppData\Local\Temp\aiflow-security-modules-bnyayvbf\archives\github.com_voocel_agentcore@v1.8.3.zip//github.com/voocel/agentcore@v1.8.3/tools/file_state.go	ok
2026-09-27 14:59:32	C:\Users\lehie\AppData\Local\Temp\aiflow-security-modules-bnyayvbf\archives\github.com_voocel_litellm@v1.8.10.zip//github.com/voocel/litellm@v1.8.10/provider/bedrock/provider.go	ok
2026-09-27 14:59:32	C:\Users\lehie\AppData\Local\Temp\aiflow-security-modules-bnyayvbf\archives\github.com_voocel_agentcore@v1.8.3.zip//github.com/voocel/agentcore@v1.8.3/tools/glob.go	ok
2026-09-27 14:59:32	C:\Users\lehie\AppData\Local\Temp\aiflow-security-modules-bnyayvbf\archives\github.com_voocel_litellm@v1.8.10.zip//github.com/voocel/litellm@v1.8.10/provider/bedrock/provider_test.go	ok
2026-09-27 14:59:32	C:\Users\lehie\AppData\Local\Temp\aiflow-security-modules-bnyayvbf\archives\github.com_voocel_agentcore@v1.8.3.zip//github.com/voocel/agentcore@v1.8.3/tools/grep.go	ok
2026-09-27 14:59:32	C:\Users\lehie\AppData\Local\Temp\aiflow-security-modules-bnyayvbf\archives\github.com_voocel_litellm@v1.8.10.zip//github.com/voocel/litellm@v1.8.10/provider/bedrock/request.go	ok
2026-09-27 14:59:32	C:\Users\lehie\AppData\Local\Temp\aiflow-security-modules-bnyayvbf\archives\github.com_voocel_agentcore@v1.8.3.zip//github.com/voocel/agentcore@v1.8.3/tools/ls.go	ok
2026-09-27 14:59:32	C:\Users\lehie\AppData\Local\Temp\aiflow-security-modules-bnyayvbf\archives\github.com_voocel_litellm@v1.8.10.zip//github.com/voocel/litellm@v1.8.10/provider/bedrock/response.go	ok
2026-09-27 14:59:32	C:\Users\lehie\AppData\Local\Temp\aiflow-security-modules-bnyayvbf\archives\github.com_voocel_agentcore@v1.8.3.zip//github.com/voocel/agentcore@v1.8.3/tools/read.go	ok
2026-09-27 14:59:32	C:\Users\lehie\AppData\Local\Temp\aiflow-security-modules-bnyayvbf\archives\github.com_voocel_litellm@v1.8.10.zip//github.com/voocel/litellm@v1.8.10/provider/bedrock/signing.go	ok
2026-09-27 14:59:32	C:\Users\lehie\AppData\Local\Temp\aiflow-security-modules-bnyayvbf\archives\github.com_voocel_agentcore@v1.8.3.zip//github.com/voocel/agentcore@v1.8.3/tools/support.go	ok
2026-09-27 14:59:32	C:\Users\lehie\AppData\Local\Temp\aiflow-security-modules-bnyayvbf\archives\github.com_voocel_litellm@v1.8.10.zip//github.com/voocel/litellm@v1.8.10/provider/bedrock/signing_test.go	ok
2026-09-27 14:59:32	C:\Users\lehie\AppData\Local\Temp\aiflow-security-modules-bnyayvbf\archives\github.com_voocel_agentcore@v1.8.3.zip//github.com/voocel/agentcore@v1.8.3/tools/tool_search.go	ok
2026-09-27 14:59:32	C:\Users\lehie\AppData\Local\Temp\aiflow-security-modules-bnyayvbf\archives\github.com_voocel_litellm@v1.8.10.zip//github.com/voocel/litellm@v1.8.10/provider/bedrock/stream.go	ok
2026-09-27 14:59:32	C:\Users\lehie\AppData\Local\Temp\aiflow-security-modules-bnyayvbf\archives\github.com_voocel_litellm@v1.8.10.zip//github.com/voocel/litellm@v1.8.10/provider/bedrock/types.go	ok
2026-09-27 14:59:32	C:\Users\lehie\AppData\Local\Temp\aiflow-security-modules-bnyayvbf\archives\github.com_voocel_agentcore@v1.8.3.zip//github.com/voocel/agentcore@v1.8.3/tools/workspace_fs.go	ok
2026-09-27 14:59:32	C:\Users\lehie\AppData\Local\Temp\aiflow-security-modules-bnyayvbf\archives\github.com_voocel_litellm@v1.8.10.zip//github.com/voocel/litellm@v1.8.10/provider/compat/capabilities.go	ok
2026-09-27 14:59:32	C:\Users\lehie\AppData\Local\Temp\aiflow-security-modules-bnyayvbf\archives\github.com_voocel_agentcore@v1.8.3.zip//github.com/voocel/agentcore@v1.8.3/tools/workspace_fs_test.go	ok
2026-09-27 14:59:32	C:\Users\lehie\AppData\Local\Temp\aiflow-security-modules-bnyayvbf\archives\github.com_voocel_litellm@v1.8.10.zip//github.com/voocel/litellm@v1.8.10/provider/compat/capabilities_test.go	ok
2026-09-27 14:59:32	C:\Users\lehie\AppData\Local\Temp\aiflow-security-modules-bnyayvbf\archives\github.com_voocel_agentcore@v1.8.3.zip//github.com/voocel/agentcore@v1.8.3/tools/write.go	ok
2026-09-27 14:59:32	C:\Users\lehie\AppData\Local\Temp\aiflow-security-modules-bnyayvbf\archives\github.com_voocel_litellm@v1.8.10.zip//github.com/voocel/litellm@v1.8.10/provider/compat/client.go	ok
2026-09-27 14:59:32	C:\Users\lehie\AppData\Local\Temp\aiflow-security-modules-bnyayvbf\archives\github.com_voocel_agentcore@v1.8.3.zip//github.com/voocel/agentcore@v1.8.3/turn_tool_executor.go	ok
2026-09-27 14:59:32	C:\Users\lehie\AppData\Local\Temp\aiflow-security-modules-bnyayvbf\archives\github.com_voocel_litellm@v1.8.10.zip//github.com/voocel/litellm@v1.8.10/provider/compat/provider.go	ok
2026-09-27 14:59:32	C:\Users\lehie\AppData\Local\Temp\aiflow-security-modules-bnyayvbf\archives\github.com_voocel_agentcore@v1.8.3.zip	ok
2026-09-27 14:59:32	C:\Users\lehie\AppData\Local\Temp\aiflow-security-modules-bnyayvbf\archives\github.com_voocel_litellm@v1.8.10.zip//github.com/voocel/litellm@v1.8.10/provider/compat/provider_test.go	ok
2026-09-27 14:59:32 	C:\Users\lehie\AppData\Local\Temp\aiflow-security-modules-bnyayvbf\archives\github.com_xo_terminfo@v0.0.0-20220910002029-abceb7e1c41e.zip	archive	ZIP
2026-09-27 14:59:32	C:\Users\lehie\AppData\Local\Temp\aiflow-security-modules-bnyayvbf\archives\github.com_xo_terminfo@v0.0.0-20220910002029-abceb7e1c41e.zip//github.com/xo/terminfo@v0.0.0-20220910002029-abceb7e1c41e/.gitignore	ok
2026-09-27 14:59:32	C:\Users\lehie\AppData\Local\Temp\aiflow-security-modules-bnyayvbf\archives\github.com_voocel_litellm@v1.8.10.zip//github.com/voocel/litellm@v1.8.10/provider/compat/request.go	ok
2026-09-27 14:59:32	C:\Users\lehie\AppData\Local\Temp\aiflow-security-modules-bnyayvbf\archives\github.com_xo_terminfo@v0.0.0-20220910002029-abceb7e1c41e.zip//github.com/xo/terminfo@v0.0.0-20220910002029-abceb7e1c41e/LICENSE	ok
2026-09-27 14:59:32	C:\Users\lehie\AppData\Local\Temp\aiflow-security-modules-bnyayvbf\archives\github.com_voocel_litellm@v1.8.10.zip//github.com/voocel/litellm@v1.8.10/provider/compat/response.go	ok
2026-09-27 14:59:32	C:\Users\lehie\AppData\Local\Temp\aiflow-security-modules-bnyayvbf\archives\github.com_xo_terminfo@v0.0.0-20220910002029-abceb7e1c41e.zip//github.com/xo/terminfo@v0.0.0-20220910002029-abceb7e1c41e/README.md	ok
2026-09-27 14:59:32	C:\Users\lehie\AppData\Local\Temp\aiflow-security-modules-bnyayvbf\archives\github.com_voocel_litellm@v1.8.10.zip//github.com/voocel/litellm@v1.8.10/provider/compat/spec.go	ok
2026-09-27 14:59:32	C:\Users\lehie\AppData\Local\Temp\aiflow-security-modules-bnyayvbf\archives\github.com_xo_terminfo@v0.0.0-20220910002029-abceb7e1c41e.zip//github.com/xo/terminfo@v0.0.0-20220910002029-abceb7e1c41e/_examples/main.go	ok
2026-09-27 14:59:32	C:\Users\lehie\AppData\Local\Temp\aiflow-security-modules-bnyayvbf\archives\github.com_xo_terminfo@v0.0.0-20220910002029-abceb7e1c41e.zip//github.com/xo/terminfo@v0.0.0-20220910002029-abceb7e1c41e/caps.go	ok
2026-09-27 14:59:32	C:\Users\lehie\AppData\Local\Temp\aiflow-security-modules-bnyayvbf\archives\github.com_voocel_litellm@v1.8.10.zip//github.com/voocel/litellm@v1.8.10/provider/compat/stream.go	ok
2026-09-27 14:59:32	C:\Users\lehie\AppData\Local\Temp\aiflow-security-modules-bnyayvbf\archives\github.com_voocel_litellm@v1.8.10.zip//github.com/voocel/litellm@v1.8.10/provider/compat/stream_test.go	ok
2026-09-27 14:59:32	C:\Users\lehie\AppData\Local\Temp\aiflow-security-modules-bnyayvbf\archives\github.com_xo_terminfo@v0.0.0-20220910002029-abceb7e1c41e.zip//github.com/xo/terminfo@v0.0.0-20220910002029-abceb7e1c41e/capvals.go	ok
2026-09-27 14:59:32	C:\Users\lehie\AppData\Local\Temp\aiflow-security-modules-bnyayvbf\archives\github.com_voocel_litellm@v1.8.10.zip//github.com/voocel/litellm@v1.8.10/provider/compat/types.go	ok
2026-09-27 14:59:32	C:\Users\lehie\AppData\Local\Temp\aiflow-security-modules-bnyayvbf\archives\github.com_xo_terminfo@v0.0.0-20220910002029-abceb7e1c41e.zip//github.com/xo/terminfo@v0.0.0-20220910002029-abceb7e1c41e/cmd/infocmp/comp.sh	ok
2026-09-27 14:59:32	C:\Users\lehie\AppData\Local\Temp\aiflow-security-modules-bnyayvbf\archives\github.com_voocel_litellm@v1.8.10.zip//github.com/voocel/litellm@v1.8.10/provider/compat/wrappers_contract_test.go	ok
2026-09-27 14:59:32	C:\Users\lehie\AppData\Local\Temp\aiflow-security-modules-bnyayvbf\archives\github.com_xo_terminfo@v0.0.0-20220910002029-abceb7e1c41e.zip//github.com/xo/terminfo@v0.0.0-20220910002029-abceb7e1c41e/cmd/infocmp/main.go	ok
2026-09-27 14:59:32	C:\Users\lehie\AppData\Local\Temp\aiflow-security-modules-bnyayvbf\archives\github.com_voocel_litellm@v1.8.10.zip//github.com/voocel/litellm@v1.8.10/provider/deepseek/client.go	ok
2026-09-27 14:59:32	C:\Users\lehie\AppData\Local\Temp\aiflow-security-modules-bnyayvbf\archives\github.com_xo_terminfo@v0.0.0-20220910002029-abceb7e1c41e.zip//github.com/xo/terminfo@v0.0.0-20220910002029-abceb7e1c41e/cmd/infocmp/test.sh	ok
2026-09-27 14:59:32	C:\Users\lehie\AppData\Local\Temp\aiflow-security-modules-bnyayvbf\archives\github.com_voocel_litellm@v1.8.10.zip//github.com/voocel/litellm@v1.8.10/provider/deepseek/provider.go	ok
2026-09-27 14:59:32	C:\Users\lehie\AppData\Local\Temp\aiflow-security-modules-bnyayvbf\archives\github.com_xo_terminfo@v0.0.0-20220910002029-abceb7e1c41e.zip//github.com/xo/terminfo@v0.0.0-20220910002029-abceb7e1c41e/color.go	ok
2026-09-27 14:59:32	C:\Users\lehie\AppData\Local\Temp\aiflow-security-modules-bnyayvbf\archives\github.com_xo_terminfo@v0.0.0-20220910002029-abceb7e1c41e.zip//github.com/xo/terminfo@v0.0.0-20220910002029-abceb7e1c41e/dec.go	ok
2026-09-27 14:59:32	C:\Users\lehie\AppData\Local\Temp\aiflow-security-modules-bnyayvbf\archives\github.com_voocel_litellm@v1.8.10.zip//github.com/voocel/litellm@v1.8.10/provider/deepseek/provider_test.go	ok
2026-09-27 14:59:32	C:\Users\lehie\AppData\Local\Temp\aiflow-security-modules-bnyayvbf\archives\github.com_voocel_litellm@v1.8.10.zip//github.com/voocel/litellm@v1.8.10/provider/gemini/capabilities.go	ok
2026-09-27 14:59:32	C:\Users\lehie\AppData\Local\Temp\aiflow-security-modules-bnyayvbf\archives\github.com_xo_terminfo@v0.0.0-20220910002029-abceb7e1c41e.zip//github.com/xo/terminfo@v0.0.0-20220910002029-abceb7e1c41e/gen.go	ok
2026-09-27 14:59:32	C:\Users\lehie\AppData\Local\Temp\aiflow-security-modules-bnyayvbf\archives\github.com_voocel_litellm@v1.8.10.zip//github.com/voocel/litellm@v1.8.10/provider/gemini/client.go	ok
2026-09-27 14:59:32	C:\Users\lehie\AppData\Local\Temp\aiflow-security-modules-bnyayvbf\archives\github.com_xo_terminfo@v0.0.0-20220910002029-abceb7e1c41e.zip//github.com/xo/terminfo@v0.0.0-20220910002029-abceb7e1c41e/go.mod	ok
2026-09-27 14:59:32	C:\Users\lehie\AppData\Local\Temp\aiflow-security-modules-bnyayvbf\archives\github.com_xo_terminfo@v0.0.0-20220910002029-abceb7e1c41e.zip//github.com/xo/terminfo@v0.0.0-20220910002029-abceb7e1c41e/go.sum	ok
2026-09-27 14:59:32	C:\Users\lehie\AppData\Local\Temp\aiflow-security-modules-bnyayvbf\archives\github.com_voocel_litellm@v1.8.10.zip//github.com/voocel/litellm@v1.8.10/provider/gemini/provider.go	ok
2026-09-27 14:59:32	C:\Users\lehie\AppData\Local\Temp\aiflow-security-modules-bnyayvbf\archives\github.com_xo_terminfo@v0.0.0-20220910002029-abceb7e1c41e.zip//github.com/xo/terminfo@v0.0.0-20220910002029-abceb7e1c41e/load.go	ok
2026-09-27 14:59:32	C:\Users\lehie\AppData\Local\Temp\aiflow-security-modules-bnyayvbf\archives\github.com_voocel_litellm@v1.8.10.zip//github.com/voocel/litellm@v1.8.10/provider/gemini/provider_test.go	ok
2026-09-27 14:59:32	C:\Users\lehie\AppData\Local\Temp\aiflow-security-modules-bnyayvbf\archives\github.com_xo_terminfo@v0.0.0-20220910002029-abceb7e1c41e.zip//github.com/xo/terminfo@v0.0.0-20220910002029-abceb7e1c41e/param.go	ok
2026-09-27 14:59:32	C:\Users\lehie\AppData\Local\Temp\aiflow-security-modules-bnyayvbf\archives\github.com_xo_terminfo@v0.0.0-20220910002029-abceb7e1c41e.zip//github.com/xo/terminfo@v0.0.0-20220910002029-abceb7e1c41e/stack.go	ok
2026-09-27 14:59:32	C:\Users\lehie\AppData\Local\Temp\aiflow-security-modules-bnyayvbf\archives\github.com_voocel_litellm@v1.8.10.zip//github.com/voocel/litellm@v1.8.10/provider/gemini/request.go	ok
2026-09-27 14:59:32	C:\Users\lehie\AppData\Local\Temp\aiflow-security-modules-bnyayvbf\archives\github.com_xo_terminfo@v0.0.0-20220910002029-abceb7e1c41e.zip//github.com/xo/terminfo@v0.0.0-20220910002029-abceb7e1c41e/terminfo.go	ok
2026-09-27 14:59:32	C:\Users\lehie\AppData\Local\Temp\aiflow-security-modules-bnyayvbf\archives\github.com_voocel_litellm@v1.8.10.zip//github.com/voocel/litellm@v1.8.10/provider/gemini/response.go	ok
2026-09-27 14:59:32	C:\Users\lehie\AppData\Local\Temp\aiflow-security-modules-bnyayvbf\archives\github.com_voocel_litellm@v1.8.10.zip//github.com/voocel/litellm@v1.8.10/provider/gemini/stream.go	ok
2026-09-27 14:59:32	C:\Users\lehie\AppData\Local\Temp\aiflow-security-modules-bnyayvbf\archives\github.com_xo_terminfo@v0.0.0-20220910002029-abceb7e1c41e.zip//github.com/xo/terminfo@v0.0.0-20220910002029-abceb7e1c41e/terminfo_test.go	ok
2026-09-27 14:59:32	C:\Users\lehie\AppData\Local\Temp\aiflow-security-modules-bnyayvbf\archives\github.com_xo_terminfo@v0.0.0-20220910002029-abceb7e1c41e.zip	ok
2026-09-27 14:59:32	C:\Users\lehie\AppData\Local\Temp\aiflow-security-modules-bnyayvbf\archives\github.com_voocel_litellm@v1.8.10.zip//github.com/voocel/litellm@v1.8.10/provider/gemini/types.go	ok
2026-09-27 14:59:32 	C:\Users\lehie\AppData\Local\Temp\aiflow-security-modules-bnyayvbf\archives\golang.org_x_exp@v0.0.0-20231006140011-7918f672742d.zip	archive	ZIP
2026-09-27 14:59:32	C:\Users\lehie\AppData\Local\Temp\aiflow-security-modules-bnyayvbf\archives\github.com_voocel_litellm@v1.8.10.zip//github.com/voocel/litellm@v1.8.10/provider/glm/client.go	ok
2026-09-27 14:59:32	C:\Users\lehie\AppData\Local\Temp\aiflow-security-modules-bnyayvbf\archives\golang.org_x_exp@v0.0.0-20231006140011-7918f672742d.zip//golang.org/x/exp@v0.0.0-20231006140011-7918f672742d/.gitattributes	ok
2026-09-27 14:59:32	C:\Users\lehie\AppData\Local\Temp\aiflow-security-modules-bnyayvbf\archives\github.com_voocel_litellm@v1.8.10.zip//github.com/voocel/litellm@v1.8.10/provider/glm/provider.go	ok
2026-09-27 14:59:32	C:\Users\lehie\AppData\Local\Temp\aiflow-security-modules-bnyayvbf\archives\golang.org_x_exp@v0.0.0-20231006140011-7918f672742d.zip//golang.org/x/exp@v0.0.0-20231006140011-7918f672742d/.gitignore	ok
2026-09-27 14:59:32	C:\Users\lehie\AppData\Local\Temp\aiflow-security-modules-bnyayvbf\archives\golang.org_x_exp@v0.0.0-20231006140011-7918f672742d.zip//golang.org/x/exp@v0.0.0-20231006140011-7918f672742d/CONTRIBUTING.md	ok
2026-09-27 14:59:32	C:\Users\lehie\AppData\Local\Temp\aiflow-security-modules-bnyayvbf\archives\github.com_voocel_litellm@v1.8.10.zip//github.com/voocel/litellm@v1.8.10/provider/glm/provider_test.go	ok
2026-09-27 14:59:32	C:\Users\lehie\AppData\Local\Temp\aiflow-security-modules-bnyayvbf\archives\golang.org_x_exp@v0.0.0-20231006140011-7918f672742d.zip//golang.org/x/exp@v0.0.0-20231006140011-7918f672742d/LICENSE	ok
2026-09-27 14:59:32	C:\Users\lehie\AppData\Local\Temp\aiflow-security-modules-bnyayvbf\archives\github.com_voocel_litellm@v1.8.10.zip//github.com/voocel/litellm@v1.8.10/provider/grok/client.go	ok
2026-09-27 14:59:32	C:\Users\lehie\AppData\Local\Temp\aiflow-security-modules-bnyayvbf\archives\golang.org_x_exp@v0.0.0-20231006140011-7918f672742d.zip//golang.org/x/exp@v0.0.0-20231006140011-7918f672742d/PATENTS	ok
2026-09-27 14:59:32	C:\Users\lehie\AppData\Local\Temp\aiflow-security-modules-bnyayvbf\archives\github.com_voocel_litellm@v1.8.10.zip//github.com/voocel/litellm@v1.8.10/provider/grok/provider.go	ok
2026-09-27 14:59:32	C:\Users\lehie\AppData\Local\Temp\aiflow-security-modules-bnyayvbf\archives\golang.org_x_exp@v0.0.0-20231006140011-7918f672742d.zip//golang.org/x/exp@v0.0.0-20231006140011-7918f672742d/README.md	ok
2026-09-27 14:59:32	C:\Users\lehie\AppData\Local\Temp\aiflow-security-modules-bnyayvbf\archives\github.com_voocel_litellm@v1.8.10.zip//github.com/voocel/litellm@v1.8.10/provider/grok/provider_test.go	ok
2026-09-27 14:59:32	C:\Users\lehie\AppData\Local\Temp\aiflow-security-modules-bnyayvbf\archives\golang.org_x_exp@v0.0.0-20231006140011-7918f672742d.zip//golang.org/x/exp@v0.0.0-20231006140011-7918f672742d/apidiff/README.md	ok
2026-09-27 14:59:32	C:\Users\lehie\AppData\Local\Temp\aiflow-security-modules-bnyayvbf\archives\github.com_voocel_litellm@v1.8.10.zip//github.com/voocel/litellm@v1.8.10/provider/mimo/client.go	ok
2026-09-27 14:59:32	C:\Users\lehie\AppData\Local\Temp\aiflow-security-modules-bnyayvbf\archives\golang.org_x_exp@v0.0.0-20231006140011-7918f672742d.zip//golang.org/x/exp@v0.0.0-20231006140011-7918f672742d/apidiff/apidiff.go	ok
2026-09-27 14:59:32	C:\Users\lehie\AppData\Local\Temp\aiflow-security-modules-bnyayvbf\archives\github.com_voocel_litellm@v1.8.10.zip//github.com/voocel/litellm@v1.8.10/provider/mimo/provider.go	ok
2026-09-27 14:59:32	C:\Users\lehie\AppData\Local\Temp\aiflow-security-modules-bnyayvbf\archives\golang.org_x_exp@v0.0.0-20231006140011-7918f672742d.zip//golang.org/x/exp@v0.0.0-20231006140011-7918f672742d/apidiff/apidiff_test.go	ok
2026-09-27 14:59:32	C:\Users\lehie\AppData\Local\Temp\aiflow-security-modules-bnyayvbf\archives\github.com_voocel_litellm@v1.8.10.zip//github.com/voocel/litellm@v1.8.10/provider/mimo/provider_test.go	ok
2026-09-27 14:59:32	C:\Users\lehie\AppData\Local\Temp\aiflow-security-modules-bnyayvbf\archives\github.com_voocel_litellm@v1.8.10.zip//github.com/voocel/litellm@v1.8.10/provider/minimax/client.go	ok
2026-09-27 14:59:32	C:\Users\lehie\AppData\Local\Temp\aiflow-security-modules-bnyayvbf\archives\golang.org_x_exp@v0.0.0-20231006140011-7918f672742d.zip//golang.org/x/exp@v0.0.0-20231006140011-7918f672742d/apidiff/compatibility.go	ok
2026-09-27 14:59:32	C:\Users\lehie\AppData\Local\Temp\aiflow-security-modules-bnyayvbf\archives\github.com_voocel_litellm@v1.8.10.zip//github.com/voocel/litellm@v1.8.10/provider/minimax/provider.go	ok
2026-09-27 14:59:32	C:\Users\lehie\AppData\Local\Temp\aiflow-security-modules-bnyayvbf\archives\golang.org_x_exp@v0.0.0-20231006140011-7918f672742d.zip//golang.org/x/exp@v0.0.0-20231006140011-7918f672742d/apidiff/correspondence.go	ok
2026-09-27 14:59:32	C:\Users\lehie\AppData\Local\Temp\aiflow-security-modules-bnyayvbf\archives\github.com_voocel_litellm@v1.8.10.zip//github.com/voocel/litellm@v1.8.10/provider/minimax/provider_test.go	ok
2026-09-27 14:59:32	C:\Users\lehie\AppData\Local\Temp\aiflow-security-modules-bnyayvbf\archives\golang.org_x_exp@v0.0.0-20231006140011-7918f672742d.zip//golang.org/x/exp@v0.0.0-20231006140011-7918f672742d/apidiff/messageset.go	ok
2026-09-27 14:59:32	C:\Users\lehie\AppData\Local\Temp\aiflow-security-modules-bnyayvbf\archives\github.com_voocel_litellm@v1.8.10.zip//github.com/voocel/litellm@v1.8.10/provider/ollama/client.go	ok
2026-09-27 14:59:32	C:\Users\lehie\AppData\Local\Temp\aiflow-security-modules-bnyayvbf\archives\golang.org_x_exp@v0.0.0-20231006140011-7918f672742d.zip//golang.org/x/exp@v0.0.0-20231006140011-7918f672742d/apidiff/report.go	ok
2026-09-27 14:59:32	C:\Users\lehie\AppData\Local\Temp\aiflow-security-modules-bnyayvbf\archives\github.com_voocel_litellm@v1.8.10.zip//github.com/voocel/litellm@v1.8.10/provider/ollama/provider.go	ok
2026-09-27 14:59:32	C:\Users\lehie\AppData\Local\Temp\aiflow-security-modules-bnyayvbf\archives\golang.org_x_exp@v0.0.0-20231006140011-7918f672742d.zip//golang.org/x/exp@v0.0.0-20231006140011-7918f672742d/apidiff/testdata/README.md	ok
2026-09-27 14:59:32	C:\Users\lehie\AppData\Local\Temp\aiflow-security-modules-bnyayvbf\archives\golang.org_x_exp@v0.0.0-20231006140011-7918f672742d.zip//golang.org/x/exp@v0.0.0-20231006140011-7918f672742d/apidiff/testdata/aliases.go	ok
2026-09-27 14:59:32	C:\Users\lehie\AppData\Local\Temp\aiflow-security-modules-bnyayvbf\archives\github.com_voocel_litellm@v1.8.10.zip//github.com/voocel/litellm@v1.8.10/provider/ollama/provider_test.go	ok
2026-09-27 14:59:32	C:\Users\lehie\AppData\Local\Temp\aiflow-security-modules-bnyayvbf\archives\golang.org_x_exp@v0.0.0-20231006140011-7918f672742d.zip//golang.org/x/exp@v0.0.0-20231006140011-7918f672742d/apidiff/testdata/basics.go	ok
2026-09-27 14:59:32	C:\Users\lehie\AppData\Local\Temp\aiflow-security-modules-bnyayvbf\archives\github.com_voocel_litellm@v1.8.10.zip//github.com/voocel/litellm@v1.8.10/provider/openai/capabilities.go	ok
2026-09-27 14:59:32	C:\Users\lehie\AppData\Local\Temp\aiflow-security-modules-bnyayvbf\archives\golang.org_x_exp@v0.0.0-20231006140011-7918f672742d.zip//golang.org/x/exp@v0.0.0-20231006140011-7918f672742d/apidiff/testdata/constants.go	ok
2026-09-27 14:59:32	C:\Users\lehie\AppData\Local\Temp\aiflow-security-modules-bnyayvbf\archives\github.com_voocel_litellm@v1.8.10.zip//github.com/voocel/litellm@v1.8.10/provider/openai/capabilities_test.go	ok
2026-09-27 14:59:32	C:\Users\lehie\AppData\Local\Temp\aiflow-security-modules-bnyayvbf\archives\golang.org_x_exp@v0.0.0-20231006140011-7918f672742d.zip//golang.org/x/exp@v0.0.0-20231006140011-7918f672742d/apidiff/testdata/exported_fields/ef.go	ok
2026-09-27 14:59:32	C:\Users\lehie\AppData\Local\Temp\aiflow-security-modules-bnyayvbf\archives\github.com_voocel_litellm@v1.8.10.zip//github.com/voocel/litellm@v1.8.10/provider/openai/client.go	ok
2026-09-27 14:59:32	C:\Users\lehie\AppData\Local\Temp\aiflow-security-modules-bnyayvbf\archives\golang.org_x_exp@v0.0.0-20231006140011-7918f672742d.zip//golang.org/x/exp@v0.0.0-20231006140011-7918f672742d/apidiff/testdata/functions.go	ok
2026-09-27 14:59:32	C:\Users\lehie\AppData\Local\Temp\aiflow-security-modules-bnyayvbf\archives\golang.org_x_exp@v0.0.0-20231006140011-7918f672742d.zip//golang.org/x/exp@v0.0.0-20231006140011-7918f672742d/apidiff/testdata/generics.go	ok
2026-09-27 14:59:32	C:\Users\lehie\AppData\Local\Temp\aiflow-security-modules-bnyayvbf\archives\github.com_voocel_litellm@v1.8.10.zip//github.com/voocel/litellm@v1.8.10/provider/openai/options.go	ok
2026-09-27 14:59:32	C:\Users\lehie\AppData\Local\Temp\aiflow-security-modules-bnyayvbf\archives\golang.org_x_exp@v0.0.0-20231006140011-7918f672742d.zip//golang.org/x/exp@v0.0.0-20231006140011-7918f672742d/apidiff/testdata/method_sets.go	ok
2026-09-27 14:59:32	C:\Users\lehie\AppData\Local\Temp\aiflow-security-modules-bnyayvbf\archives\github.com_voocel_litellm@v1.8.10.zip//github.com/voocel/litellm@v1.8.10/provider/openai/provider.go	ok
2026-09-27 14:59:32	C:\Users\lehie\AppData\Local\Temp\aiflow-security-modules-bnyayvbf\archives\golang.org_x_exp@v0.0.0-20231006140011-7918f672742d.zip//golang.org/x/exp@v0.0.0-20231006140011-7918f672742d/apidiff/testdata/multi_levels.go	ok
2026-09-27 14:59:32	C:\Users\lehie\AppData\Local\Temp\aiflow-security-modules-bnyayvbf\archives\golang.org_x_exp@v0.0.0-20231006140011-7918f672742d.zip//golang.org/x/exp@v0.0.0-20231006140011-7918f672742d/apidiff/testdata/order.go	ok
2026-09-27 14:59:32	C:\Users\lehie\AppData\Local\Temp\aiflow-security-modules-bnyayvbf\archives\github.com_voocel_litellm@v1.8.10.zip//github.com/voocel/litellm@v1.8.10/provider/openai/provider_test.go	ok
2026-09-27 14:59:32	C:\Users\lehie\AppData\Local\Temp\aiflow-security-modules-bnyayvbf\archives\golang.org_x_exp@v0.0.0-20231006140011-7918f672742d.zip//golang.org/x/exp@v0.0.0-20231006140011-7918f672742d/apidiff/testdata/other_packages.go	ok
2026-09-27 14:59:32	C:\Users\lehie\AppData\Local\Temp\aiflow-security-modules-bnyayvbf\archives\golang.org_x_exp@v0.0.0-20231006140011-7918f672742d.zip//golang.org/x/exp@v0.0.0-20231006140011-7918f672742d/apidiff/testdata/splitting.go	ok
2026-09-27 14:59:32	C:\Users\lehie\AppData\Local\Temp\aiflow-security-modules-bnyayvbf\archives\github.com_voocel_litellm@v1.8.10.zip//github.com/voocel/litellm@v1.8.10/provider/openai/request.go	ok
2026-09-27 14:59:32	C:\Users\lehie\AppData\Local\Temp\aiflow-security-modules-bnyayvbf\archives\golang.org_x_exp@v0.0.0-20231006140011-7918f672742d.zip//golang.org/x/exp@v0.0.0-20231006140011-7918f672742d/apidiff/testdata/structs.go	ok
2026-09-27 14:59:32	C:\Users\lehie\AppData\Local\Temp\aiflow-security-modules-bnyayvbf\archives\github.com_voocel_litellm@v1.8.10.zip//github.com/voocel/litellm@v1.8.10/provider/openai/response.go	ok
2026-09-27 14:59:32	C:\Users\lehie\AppData\Local\Temp\aiflow-security-modules-bnyayvbf\archives\golang.org_x_exp@v0.0.0-20231006140011-7918f672742d.zip//golang.org/x/exp@v0.0.0-20231006140011-7918f672742d/apidiff/testdata/types.go	ok
2026-09-27 14:59:32	C:\Users\lehie\AppData\Local\Temp\aiflow-security-modules-bnyayvbf\archives\golang.org_x_exp@v0.0.0-20231006140011-7918f672742d.zip//golang.org/x/exp@v0.0.0-20231006140011-7918f672742d/apidiff/testdata/variables.go	ok
2026-09-27 14:59:32	C:\Users\lehie\AppData\Local\Temp\aiflow-security-modules-bnyayvbf\archives\golang.org_x_exp@v0.0.0-20231006140011-7918f672742d.zip//golang.org/x/exp@v0.0.0-20231006140011-7918f672742d/apidiff/testdata/whole.go	ok
2026-09-27 14:59:32	C:\Users\lehie\AppData\Local\Temp\aiflow-security-modules-bnyayvbf\archives\github.com_voocel_litellm@v1.8.10.zip//github.com/voocel/litellm@v1.8.10/provider/openai/responses.go	ok
2026-09-27 14:59:32	C:\Users\lehie\AppData\Local\Temp\aiflow-security-modules-bnyayvbf\archives\golang.org_x_exp@v0.0.0-20231006140011-7918f672742d.zip//golang.org/x/exp@v0.0.0-20231006140011-7918f672742d/cmd/apidiff/main.go	ok
2026-09-27 14:59:32	C:\Users\lehie\AppData\Local\Temp\aiflow-security-modules-bnyayvbf\archives\github.com_voocel_litellm@v1.8.10.zip//github.com/voocel/litellm@v1.8.10/provider/openai/responses_test.go	ok
2026-09-27 14:59:32	C:\Users\lehie\AppData\Local\Temp\aiflow-security-modules-bnyayvbf\archives\golang.org_x_exp@v0.0.0-20231006140011-7918f672742d.zip//golang.org/x/exp@v0.0.0-20231006140011-7918f672742d/cmd/apidiff/main_test.go	ok
2026-09-27 14:59:32	C:\Users\lehie\AppData\Local\Temp\aiflow-security-modules-bnyayvbf\archives\github.com_voocel_litellm@v1.8.10.zip//github.com/voocel/litellm@v1.8.10/provider/openai/schema.go	ok
2026-09-27 14:59:32	C:\Users\lehie\AppData\Local\Temp\aiflow-security-modules-bnyayvbf\archives\golang.org_x_exp@v0.0.0-20231006140011-7918f672742d.zip//golang.org/x/exp@v0.0.0-20231006140011-7918f672742d/cmd/gorelease/errors.go	ok
2026-09-27 14:59:32	C:\Users\lehie\AppData\Local\Temp\aiflow-security-modules-bnyayvbf\archives\github.com_voocel_litellm@v1.8.10.zip//github.com/voocel/litellm@v1.8.10/provider/openai/stream.go	ok
2026-09-27 14:59:32	C:\Users\lehie\AppData\Local\Temp\aiflow-security-modules-bnyayvbf\archives\github.com_voocel_litellm@v1.8.10.zip//github.com/voocel/litellm@v1.8.10/provider/openai/types.go	ok
2026-09-27 14:59:32	C:\Users\lehie\AppData\Local\Temp\aiflow-security-modules-bnyayvbf\archives\golang.org_x_exp@v0.0.0-20231006140011-7918f672742d.zip//golang.org/x/exp@v0.0.0-20231006140011-7918f672742d/cmd/gorelease/gorelease.go	ok
2026-09-27 14:59:32	C:\Users\lehie\AppData\Local\Temp\aiflow-security-modules-bnyayvbf\archives\github.com_voocel_litellm@v1.8.10.zip//github.com/voocel/litellm@v1.8.10/provider/openrouter/client.go	ok
2026-09-27 14:59:32	C:\Users\lehie\AppData\Local\Temp\aiflow-security-modules-bnyayvbf\archives\golang.org_x_exp@v0.0.0-20231006140011-7918f672742d.zip//golang.org/x/exp@v0.0.0-20231006140011-7918f672742d/cmd/gorelease/gorelease_test.go	ok
2026-09-27 14:59:32	C:\Users\lehie\AppData\Local\Temp\aiflow-security-modules-bnyayvbf\archives\github.com_voocel_litellm@v1.8.10.zip//github.com/voocel/litellm@v1.8.10/provider/openrouter/provider.go	ok
2026-09-27 14:59:32	C:\Users\lehie\AppData\Local\Temp\aiflow-security-modules-bnyayvbf\archives\golang.org_x_exp@v0.0.0-20231006140011-7918f672742d.zip//golang.org/x/exp@v0.0.0-20231006140011-7918f672742d/cmd/gorelease/path.go	ok
2026-09-27 14:59:32	C:\Users\lehie\AppData\Local\Temp\aiflow-security-modules-bnyayvbf\archives\github.com_voocel_litellm@v1.8.10.zip//github.com/voocel/litellm@v1.8.10/provider/openrouter/provider_test.go	ok
2026-09-27 14:59:32	C:\Users\lehie\AppData\Local\Temp\aiflow-security-modules-bnyayvbf\archives\golang.org_x_exp@v0.0.0-20231006140011-7918f672742d.zip//golang.org/x/exp@v0.0.0-20231006140011-7918f672742d/cmd/gorelease/path_test.go	ok
2026-09-27 14:59:32	C:\Users\lehie\AppData\Local\Temp\aiflow-security-modules-bnyayvbf\archives\github.com_voocel_litellm@v1.8.10.zip//github.com/voocel/litellm@v1.8.10/provider/qwen/client.go	ok
2026-09-27 14:59:32	C:\Users\lehie\AppData\Local\Temp\aiflow-security-modules-bnyayvbf\archives\golang.org_x_exp@v0.0.0-20231006140011-7918f672742d.zip//golang.org/x/exp@v0.0.0-20231006140011-7918f672742d/cmd/gorelease/proxy_test.go	ok
2026-09-27 14:59:32	C:\Users\lehie\AppData\Local\Temp\aiflow-security-modules-bnyayvbf\archives\github.com_voocel_litellm@v1.8.10.zip//github.com/voocel/litellm@v1.8.10/provider/qwen/provider.go	ok
2026-09-27 14:59:32	C:\Users\lehie\AppData\Local\Temp\aiflow-security-modules-bnyayvbf\archives\golang.org_x_exp@v0.0.0-20231006140011-7918f672742d.zip//golang.org/x/exp@v0.0.0-20231006140011-7918f672742d/cmd/gorelease/report.go	ok
2026-09-27 14:59:32	C:\Users\lehie\AppData\Local\Temp\aiflow-security-modules-bnyayvbf\archives\github.com_voocel_litellm@v1.8.10.zip//github.com/voocel/litellm@v1.8.10/provider/qwen/provider_test.go	ok
2026-09-27 14:59:32	C:\Users\lehie\AppData\Local\Temp\aiflow-security-modules-bnyayvbf\archives\golang.org_x_exp@v0.0.0-20231006140011-7918f672742d.zip//golang.org/x/exp@v0.0.0-20231006140011-7918f672742d/cmd/gorelease/testdata/README.md	ok
2026-09-27 14:59:32	C:\Users\lehie\AppData\Local\Temp\aiflow-security-modules-bnyayvbf\archives\github.com_voocel_litellm@v1.8.10.zip//github.com/voocel/litellm@v1.8.10/registry.go	ok
2026-09-27 14:59:32	C:\Users\lehie\AppData\Local\Temp\aiflow-security-modules-bnyayvbf\archives\golang.org_x_exp@v0.0.0-20231006140011-7918f672742d.zip//golang.org/x/exp@v0.0.0-20231006140011-7918f672742d/cmd/gorelease/testdata/alreadyexists/alreadyexists_suggest_major.test	ok
2026-09-27 14:59:32	C:\Users\lehie\AppData\Local\Temp\aiflow-security-modules-bnyayvbf\archives\github.com_voocel_litellm@v1.8.10.zip//github.com/voocel/litellm@v1.8.10/registry_test.go	ok
2026-09-27 14:59:32	C:\Users\lehie\AppData\Local\Temp\aiflow-security-modules-bnyayvbf\archives\golang.org_x_exp@v0.0.0-20231006140011-7918f672742d.zip//golang.org/x/exp@v0.0.0-20231006140011-7918f672742d/cmd/gorelease/testdata/alreadyexists/alreadyexists_suggest_minor.test	ok
2026-09-27 14:59:32	C:\Users\lehie\AppData\Local\Temp\aiflow-security-modules-bnyayvbf\archives\github.com_voocel_litellm@v1.8.10.zip//github.com/voocel/litellm@v1.8.10/repair.go	ok
2026-09-27 14:59:32	C:\Users\lehie\AppData\Local\Temp\aiflow-security-modules-bnyayvbf\archives\golang.org_x_exp@v0.0.0-20231006140011-7918f672742d.zip//golang.org/x/exp@v0.0.0-20231006140011-7918f672742d/cmd/gorelease/testdata/alreadyexists/alreadyexists_suggest_patch.test	ok
2026-09-27 14:59:32	C:\Users\lehie\AppData\Local\Temp\aiflow-security-modules-bnyayvbf\archives\github.com_voocel_litellm@v1.8.10.zip//github.com/voocel/litellm@v1.8.10/request.go	ok
2026-09-27 14:59:32	C:\Users\lehie\AppData\Local\Temp\aiflow-security-modules-bnyayvbf\archives\golang.org_x_exp@v0.0.0-20231006140011-7918f672742d.zip//golang.org/x/exp@v0.0.0-20231006140011-7918f672742d/cmd/gorelease/testdata/alreadyexists/alreadyexists_verify.test	ok
2026-09-27 14:59:32	C:\Users\lehie\AppData\Local\Temp\aiflow-security-modules-bnyayvbf\archives\golang.org_x_exp@v0.0.0-20231006140011-7918f672742d.zip//golang.org/x/exp@v0.0.0-20231006140011-7918f672742d/cmd/gorelease/testdata/basic/README.txt	ok
2026-09-27 14:59:32	C:\Users\lehie\AppData\Local\Temp\aiflow-security-modules-bnyayvbf\archives\github.com_voocel_litellm@v1.8.10.zip//github.com/voocel/litellm@v1.8.10/response.go	ok
2026-09-27 14:59:32	C:\Users\lehie\AppData\Local\Temp\aiflow-security-modules-bnyayvbf\archives\github.com_voocel_litellm@v1.8.10.zip//github.com/voocel/litellm@v1.8.10/response_test.go	ok
2026-09-27 14:59:32	C:\Users\lehie\AppData\Local\Temp\aiflow-security-modules-bnyayvbf\archives\golang.org_x_exp@v0.0.0-20231006140011-7918f672742d.zip//golang.org/x/exp@v0.0.0-20231006140011-7918f672742d/cmd/gorelease/testdata/basic/v0_compatible_suggest.test	ok
2026-09-27 14:59:32	C:\Users\lehie\AppData\Local\Temp\aiflow-security-modules-bnyayvbf\archives\golang.org_x_exp@v0.0.0-20231006140011-7918f672742d.zip//golang.org/x/exp@v0.0.0-20231006140011-7918f672742d/cmd/gorelease/testdata/basic/v0_compatible_suggest_git.test	ok
2026-09-27 14:59:32	C:\Users\lehie\AppData\Local\Temp\aiflow-security-modules-bnyayvbf\archives\github.com_voocel_litellm@v1.8.10.zip//github.com/voocel/litellm@v1.8.10/retry/retry.go	ok
2026-09-27 14:59:32	C:\Users\lehie\AppData\Local\Temp\aiflow-security-modules-bnyayvbf\archives\golang.org_x_exp@v0.0.0-20231006140011-7918f672742d.zip//golang.org/x/exp@v0.0.0-20231006140011-7918f672742d/cmd/gorelease/testdata/basic/v0_compatible_suggest_hg.test	ok
2026-09-27 14:59:32	C:\Users\lehie\AppData\Local\Temp\aiflow-security-modules-bnyayvbf\archives\github.com_voocel_litellm@v1.8.10.zip//github.com/voocel/litellm@v1.8.10/retry/retry_test.go	ok
2026-09-27 14:59:32	C:\Users\lehie\AppData\Local\Temp\aiflow-security-modules-bnyayvbf\archives\golang.org_x_exp@v0.0.0-20231006140011-7918f672742d.zip//golang.org/x/exp@v0.0.0-20231006140011-7918f672742d/cmd/gorelease/testdata/basic/v0_compatible_verify.test	ok
2026-09-27 14:59:32	C:\Users\lehie\AppData\Local\Temp\aiflow-security-modules-bnyayvbf\archives\golang.org_x_exp@v0.0.0-20231006140011-7918f672742d.zip//golang.org/x/exp@v0.0.0-20231006140011-7918f672742d/cmd/gorelease/testdata/basic/v0_incompatible_suggest.test	ok
2026-09-27 14:59:32	C:\Users\lehie\AppData\Local\Temp\aiflow-security-modules-bnyayvbf\archives\github.com_voocel_litellm@v1.8.10.zip//github.com/voocel/litellm@v1.8.10/stream.go	ok
2026-09-27 14:59:32	C:\Users\lehie\AppData\Local\Temp\aiflow-security-modules-bnyayvbf\archives\golang.org_x_exp@v0.0.0-20231006140011-7918f672742d.zip//golang.org/x/exp@v0.0.0-20231006140011-7918f672742d/cmd/gorelease/testdata/basic/v0_incompatible_verify.test	ok
2026-09-27 14:59:32	C:\Users\lehie\AppData\Local\Temp\aiflow-security-modules-bnyayvbf\archives\github.com_voocel_litellm@v1.8.10.zip//github.com/voocel/litellm@v1.8.10/stream_test.go	ok
2026-09-27 14:59:32	C:\Users\lehie\AppData\Local\Temp\aiflow-security-modules-bnyayvbf\archives\golang.org_x_exp@v0.0.0-20231006140011-7918f672742d.zip//golang.org/x/exp@v0.0.0-20231006140011-7918f672742d/cmd/gorelease/testdata/basic/v0_nobase_suggest.test	ok
2026-09-27 14:59:32	C:\Users\lehie\AppData\Local\Temp\aiflow-security-modules-bnyayvbf\archives\github.com_voocel_litellm@v1.8.10.zip//github.com/voocel/litellm@v1.8.10/stream_watchdog.go	ok
2026-09-27 14:59:32	C:\Users\lehie\AppData\Local\Temp\aiflow-security-modules-bnyayvbf\archives\golang.org_x_exp@v0.0.0-20231006140011-7918f672742d.zip//golang.org/x/exp@v0.0.0-20231006140011-7918f672742d/cmd/gorelease/testdata/basic/v0_patch_suggest.test	ok
2026-09-27 14:59:32	C:\Users\lehie\AppData\Local\Temp\aiflow-security-modules-bnyayvbf\archives\golang.org_x_exp@v0.0.0-20231006140011-7918f672742d.zip//golang.org/x/exp@v0.0.0-20231006140011-7918f672742d/cmd/gorelease/testdata/basic/v0_patch_verify.test	ok
2026-09-27 14:59:32	C:\Users\lehie\AppData\Local\Temp\aiflow-security-modules-bnyayvbf\archives\github.com_voocel_litellm@v1.8.10.zip//github.com/voocel/litellm@v1.8.10/testdata/anthropic/messages_stream.sse	ok
2026-09-27 14:59:32	C:\Users\lehie\AppData\Local\Temp\aiflow-security-modules-bnyayvbf\archives\github.com_voocel_litellm@v1.8.10.zip//github.com/voocel/litellm@v1.8.10/testdata/anthropic/request_tools_cache.golden.json	ok
2026-09-27 14:59:32	C:\Users\lehie\AppData\Local\Temp\aiflow-security-modules-bnyayvbf\archives\golang.org_x_exp@v0.0.0-20231006140011-7918f672742d.zip//golang.org/x/exp@v0.0.0-20231006140011-7918f672742d/cmd/gorelease/testdata/basic/v0_pre_suggest.test	ok
2026-09-27 14:59:32	C:\Users\lehie\AppData\Local\Temp\aiflow-security-modules-bnyayvbf\archives\github.com_voocel_litellm@v1.8.10.zip//github.com/voocel/litellm@v1.8.10/testdata/bedrock/eventstream.bin	ok
2026-09-27 14:59:32	C:\Users\lehie\AppData\Local\Temp\aiflow-security-modules-bnyayvbf\archives\golang.org_x_exp@v0.0.0-20231006140011-7918f672742d.zip//golang.org/x/exp@v0.0.0-20231006140011-7918f672742d/cmd/gorelease/testdata/basic/v0_v1_incompatible_verify.test	ok
2026-09-27 14:59:32	C:\Users\lehie\AppData\Local\Temp\aiflow-security-modules-bnyayvbf\archives\github.com_voocel_litellm@v1.8.10.zip//github.com/voocel/litellm@v1.8.10/testdata/bedrock/request_converse_tools.golden.json	ok
2026-09-27 14:59:32	C:\Users\lehie\AppData\Local\Temp\aiflow-security-modules-bnyayvbf\archives\golang.org_x_exp@v0.0.0-20231006140011-7918f672742d.zip//golang.org/x/exp@v0.0.0-20231006140011-7918f672742d/cmd/gorelease/testdata/basic/v1_autobase_suggest.test	ok
2026-09-27 14:59:32	C:\Users\lehie\AppData\Local\Temp\aiflow-security-modules-bnyayvbf\archives\github.com_voocel_litellm@v1.8.10.zip//github.com/voocel/litellm@v1.8.10/testdata/compat/chat_response.json	ok
2026-09-27 14:59:32	C:\Users\lehie\AppData\Local\Temp\aiflow-security-modules-bnyayvbf\archives\golang.org_x_exp@v0.0.0-20231006140011-7918f672742d.zip//golang.org/x/exp@v0.0.0-20231006140011-7918f672742d/cmd/gorelease/testdata/basic/v1_autobase_verify.test	ok
2026-09-27 14:59:32	C:\Users\lehie\AppData\Local\Temp\aiflow-security-modules-bnyayvbf\archives\github.com_voocel_litellm@v1.8.10.zip//github.com/voocel/litellm@v1.8.10/testdata/compat/deepseek_request.golden.json	ok
2026-09-27 14:59:32	C:\Users\lehie\AppData\Local\Temp\aiflow-security-modules-bnyayvbf\archives\golang.org_x_exp@v0.0.0-20231006140011-7918f672742d.zip//golang.org/x/exp@v0.0.0-20231006140011-7918f672742d/cmd/gorelease/testdata/basic/v1_compatible_suggest.test	ok
2026-09-27 14:59:32	C:\Users\lehie\AppData\Local\Temp\aiflow-security-modules-bnyayvbf\archives\github.com_voocel_litellm@v1.8.10.zip//github.com/voocel/litellm@v1.8.10/testdata/compat/glm_request.golden.json	ok
2026-09-27 14:59:32	C:\Users\lehie\AppData\Local\Temp\aiflow-security-modules-bnyayvbf\archives\golang.org_x_exp@v0.0.0-20231006140011-7918f672742d.zip//golang.org/x/exp@v0.0.0-20231006140011-7918f672742d/cmd/gorelease/testdata/basic/v1_compatible_verify.test	ok
2026-09-27 14:59:32	C:\Users\lehie\AppData\Local\Temp\aiflow-security-modules-bnyayvbf\archives\github.com_voocel_litellm@v1.8.10.zip//github.com/voocel/litellm@v1.8.10/testdata/compat/grok_request.golden.json	ok
2026-09-27 14:59:32	C:\Users\lehie\AppData\Local\Temp\aiflow-security-modules-bnyayvbf\archives\golang.org_x_exp@v0.0.0-20231006140011-7918f672742d.zip//golang.org/x/exp@v0.0.0-20231006140011-7918f672742d/cmd/gorelease/testdata/basic/v1_fork_base_modpath_version_verify.test	ok
2026-09-27 14:59:32	C:\Users\lehie\AppData\Local\Temp\aiflow-security-modules-bnyayvbf\archives\github.com_voocel_litellm@v1.8.10.zip//github.com/voocel/litellm@v1.8.10/testdata/compat/mimo_request.golden.json	ok
2026-09-27 14:59:32	C:\Users\lehie\AppData\Local\Temp\aiflow-security-modules-bnyayvbf\archives\golang.org_x_exp@v0.0.0-20231006140011-7918f672742d.zip//golang.org/x/exp@v0.0.0-20231006140011-7918f672742d/cmd/gorelease/testdata/basic/v1_fork_base_verify.test	ok
2026-09-27 14:59:32	C:\Users\lehie\AppData\Local\Temp\aiflow-security-modules-bnyayvbf\archives\github.com_voocel_litellm@v1.8.10.zip//github.com/voocel/litellm@v1.8.10/testdata/compat/minimax_request.golden.json	ok
2026-09-27 14:59:32	C:\Users\lehie\AppData\Local\Temp\aiflow-security-modules-bnyayvbf\archives\golang.org_x_exp@v0.0.0-20231006140011-7918f672742d.zip//golang.org/x/exp@v0.0.0-20231006140011-7918f672742d/cmd/gorelease/testdata/basic/v1_incompatible_suggest.test	ok
2026-09-27 14:59:32	C:\Users\lehie\AppData\Local\Temp\aiflow-security-modules-bnyayvbf\archives\github.com_voocel_litellm@v1.8.10.zip//github.com/voocel/litellm@v1.8.10/testdata/compat/minimax_stream.sse	ok
2026-09-27 14:59:32	C:\Users\lehie\AppData\Local\Temp\aiflow-security-modules-bnyayvbf\archives\golang.org_x_exp@v0.0.0-20231006140011-7918f672742d.zip//golang.org/x/exp@v0.0.0-20231006140011-7918f672742d/cmd/gorelease/testdata/basic/v1_incompatible_verify.test	ok
2026-09-27 14:59:32	C:\Users\lehie\AppData\Local\Temp\aiflow-security-modules-bnyayvbf\archives\github.com_voocel_litellm@v1.8.10.zip//github.com/voocel/litellm@v1.8.10/testdata/compat/ollama_request.golden.json	ok
2026-09-27 14:59:32	C:\Users\lehie\AppData\Local\Temp\aiflow-security-modules-bnyayvbf\archives\golang.org_x_exp@v0.0.0-20231006140011-7918f672742d.zip//golang.org/x/exp@v0.0.0-20231006140011-7918f672742d/cmd/gorelease/testdata/basic/v1_patch_suggest.test	ok
2026-09-27 14:59:32	C:\Users\lehie\AppData\Local\Temp\aiflow-security-modules-bnyayvbf\archives\github.com_voocel_litellm@v1.8.10.zip//github.com/voocel/litellm@v1.8.10/testdata/compat/openrouter_request.golden.json	ok
2026-09-27 14:59:32	C:\Users\lehie\AppData\Local\Temp\aiflow-security-modules-bnyayvbf\archives\golang.org_x_exp@v0.0.0-20231006140011-7918f672742d.zip//golang.org/x/exp@v0.0.0-20231006140011-7918f672742d/cmd/gorelease/testdata/basic/v1_patch_verify.test	ok
2026-09-27 14:59:32	C:\Users\lehie\AppData\Local\Temp\aiflow-security-modules-bnyayvbf\archives\github.com_voocel_litellm@v1.8.10.zip//github.com/voocel/litellm@v1.8.10/testdata/compat/qwen_request.golden.json	ok
2026-09-27 14:59:32	C:\Users\lehie\AppData\Local\Temp\aiflow-security-modules-bnyayvbf\archives\golang.org_x_exp@v0.0.0-20231006140011-7918f672742d.zip//golang.org/x/exp@v0.0.0-20231006140011-7918f672742d/cmd/gorelease/testdata/basic/v1_pre_suggest.test	ok
2026-09-27 14:59:32	C:\Users\lehie\AppData\Local\Temp\aiflow-security-modules-bnyayvbf\archives\github.com_voocel_litellm@v1.8.10.zip//github.com/voocel/litellm@v1.8.10/testdata/compat/stream.sse	ok
2026-09-27 14:59:32	C:\Users\lehie\AppData\Local\Temp\aiflow-security-modules-bnyayvbf\archives\golang.org_x_exp@v0.0.0-20231006140011-7918f672742d.zip//golang.org/x/exp@v0.0.0-20231006140011-7918f672742d/cmd/gorelease/testdata/basic/v1_querybase_higher.test	ok
2026-09-27 14:59:32	C:\Users\lehie\AppData\Local\Temp\aiflow-security-modules-bnyayvbf\archives\github.com_voocel_litellm@v1.8.10.zip//github.com/voocel/litellm@v1.8.10/testdata/gemini/request_multimodal_tools.golden.json	ok
2026-09-27 14:59:32	C:\Users\lehie\AppData\Local\Temp\aiflow-security-modules-bnyayvbf\archives\golang.org_x_exp@v0.0.0-20231006140011-7918f672742d.zip//golang.org/x/exp@v0.0.0-20231006140011-7918f672742d/cmd/gorelease/testdata/basic/v1_querybase_suggest.test	ok
2026-09-27 14:59:32	C:\Users\lehie\AppData\Local\Temp\aiflow-security-modules-bnyayvbf\archives\github.com_voocel_litellm@v1.8.10.zip//github.com/voocel/litellm@v1.8.10/testdata/gemini/stream.jsonl	ok
2026-09-27 14:59:32	C:\Users\lehie\AppData\Local\Temp\aiflow-security-modules-bnyayvbf\archives\golang.org_x_exp@v0.0.0-20231006140011-7918f672742d.zip//golang.org/x/exp@v0.0.0-20231006140011-7918f672742d/cmd/gorelease/testdata/basic/v1_querybase_verify.test	ok
2026-09-27 14:59:32	C:\Users\lehie\AppData\Local\Temp\aiflow-security-modules-bnyayvbf\archives\github.com_voocel_litellm@v1.8.10.zip//github.com/voocel/litellm@v1.8.10/testdata/openai/chat_request_basic.golden.json	ok
2026-09-27 14:59:32	C:\Users\lehie\AppData\Local\Temp\aiflow-security-modules-bnyayvbf\archives\github.com_voocel_litellm@v1.8.10.zip//github.com/voocel/litellm@v1.8.10/testdata/openai/chat_stream.sse	ok
2026-09-27 14:59:32	C:\Users\lehie\AppData\Local\Temp\aiflow-security-modules-bnyayvbf\archives\golang.org_x_exp@v0.0.0-20231006140011-7918f672742d.zip//golang.org/x/exp@v0.0.0-20231006140011-7918f672742d/cmd/gorelease/testdata/basic/v1_v2_base_modpath_query_verify.test	ok
2026-09-27 14:59:32	C:\Users\lehie\AppData\Local\Temp\aiflow-security-modules-bnyayvbf\archives\golang.org_x_exp@v0.0.0-20231006140011-7918f672742d.zip//golang.org/x/exp@v0.0.0-20231006140011-7918f672742d/cmd/gorelease/testdata/basic/v1_v2_base_modpath_suggest.test	ok
2026-09-27 14:59:32	C:\Users\lehie\AppData\Local\Temp\aiflow-security-modules-bnyayvbf\archives\github.com_voocel_litellm@v1.8.10.zip//github.com/voocel/litellm@v1.8.10/testdata/openai/responses_stream.sse	ok
2026-09-27 14:59:32	C:\Users\lehie\AppData\Local\Temp\aiflow-security-modules-bnyayvbf\archives\github.com_voocel_litellm@v1.8.10.zip	ok
2026-09-27 14:59:32	C:\Users\lehie\AppData\Local\Temp\aiflow-security-modules-bnyayvbf\archives\golang.org_x_exp@v0.0.0-20231006140011-7918f672742d.zip//golang.org/x/exp@v0.0.0-20231006140011-7918f672742d/cmd/gorelease/testdata/basic/v1_v2_base_modpath_verify.test	ok
2026-09-27 14:59:32	C:\Users\lehie\AppData\Local\Temp\aiflow-security-modules-bnyayvbf\archives\golang.org_x_exp@v0.0.0-20231006140011-7918f672742d.zip//golang.org/x/exp@v0.0.0-20231006140011-7918f672742d/cmd/gorelease/testdata/basic/v1_v2_base_modpath_version_verify.test	ok
2026-09-27 14:59:32	C:\Users\lehie\AppData\Local\Temp\aiflow-security-modules-bnyayvbf\archives\golang.org_x_exp@v0.0.0-20231006140011-7918f672742d.zip//golang.org/x/exp@v0.0.0-20231006140011-7918f672742d/cmd/gorelease/testdata/basic/v1_v2_base_version_suggest.test	ok
2026-09-27 14:59:32 	C:\Users\lehie\AppData\Local\Temp\aiflow-security-modules-bnyayvbf\archives\golang.org_x_image@v0.45.0.zip	archive	ZIP
2026-09-27 14:59:32	C:\Users\lehie\AppData\Local\Temp\aiflow-security-modules-bnyayvbf\archives\golang.org_x_exp@v0.0.0-20231006140011-7918f672742d.zip//golang.org/x/exp@v0.0.0-20231006140011-7918f672742d/cmd/gorelease/testdata/basic/v1_v2_base_version_verify.test	ok
2026-09-27 14:59:32	C:\Users\lehie\AppData\Local\Temp\aiflow-security-modules-bnyayvbf\archives\golang.org_x_image@v0.45.0.zip//golang.org/x/image@v0.45.0/.gitattributes	ok
2026-09-27 14:59:32	C:\Users\lehie\AppData\Local\Temp\aiflow-security-modules-bnyayvbf\archives\golang.org_x_exp@v0.0.0-20231006140011-7918f672742d.zip//golang.org/x/exp@v0.0.0-20231006140011-7918f672742d/cmd/gorelease/testdata/basic/v1_v2_incompatible_verify.test	ok
2026-09-27 14:59:32	C:\Users\lehie\AppData\Local\Temp\aiflow-security-modules-bnyayvbf\archives\golang.org_x_image@v0.45.0.zip//golang.org/x/image@v0.45.0/.gitignore	ok
2026-09-27 14:59:32	C:\Users\lehie\AppData\Local\Temp\aiflow-security-modules-bnyayvbf\archives\golang.org_x_exp@v0.0.0-20231006140011-7918f672742d.zip//golang.org/x/exp@v0.0.0-20231006140011-7918f672742d/cmd/gorelease/testdata/basic/v2_compatible_suggest.test	ok
2026-09-27 14:59:32	C:\Users\lehie\AppData\Local\Temp\aiflow-security-modules-bnyayvbf\archives\golang.org_x_image@v0.45.0.zip//golang.org/x/image@v0.45.0/CONTRIBUTING.md	ok
2026-09-27 14:59:32	C:\Users\lehie\AppData\Local\Temp\aiflow-security-modules-bnyayvbf\archives\golang.org_x_exp@v0.0.0-20231006140011-7918f672742d.zip//golang.org/x/exp@v0.0.0-20231006140011-7918f672742d/cmd/gorelease/testdata/basic/v2_compatible_verify.test	ok
2026-09-27 14:59:32	C:\Users\lehie\AppData\Local\Temp\aiflow-security-modules-bnyayvbf\archives\golang.org_x_image@v0.45.0.zip//golang.org/x/image@v0.45.0/LICENSE	ok
2026-09-27 14:59:32	C:\Users\lehie\AppData\Local\Temp\aiflow-security-modules-bnyayvbf\archives\golang.org_x_exp@v0.0.0-20231006140011-7918f672742d.zip//golang.org/x/exp@v0.0.0-20231006140011-7918f672742d/cmd/gorelease/testdata/basic/v2_incompatible_suggest.test	ok
2026-09-27 14:59:32	C:\Users\lehie\AppData\Local\Temp\aiflow-security-modules-bnyayvbf\archives\golang.org_x_image@v0.45.0.zip//golang.org/x/image@v0.45.0/PATENTS	ok
2026-09-27 14:59:32	C:\Users\lehie\AppData\Local\Temp\aiflow-security-modules-bnyayvbf\archives\golang.org_x_exp@v0.0.0-20231006140011-7918f672742d.zip//golang.org/x/exp@v0.0.0-20231006140011-7918f672742d/cmd/gorelease/testdata/basic/v2_incompatible_verify.test	ok
2026-09-27 14:59:32	C:\Users\lehie\AppData\Local\Temp\aiflow-security-modules-bnyayvbf\archives\golang.org_x_image@v0.45.0.zip//golang.org/x/image@v0.45.0/README.md	ok
2026-09-27 14:59:32	C:\Users\lehie\AppData\Local\Temp\aiflow-security-modules-bnyayvbf\archives\golang.org_x_exp@v0.0.0-20231006140011-7918f672742d.zip//golang.org/x/exp@v0.0.0-20231006140011-7918f672742d/cmd/gorelease/testdata/basic/v2_nobase_suggest.test	ok
2026-09-27 14:59:32	C:\Users\lehie\AppData\Local\Temp\aiflow-security-modules-bnyayvbf\archives\golang.org_x_image@v0.45.0.zip//golang.org/x/image@v0.45.0/bmp/reader.go	ok
2026-09-27 14:59:32	C:\Users\lehie\AppData\Local\Temp\aiflow-security-modules-bnyayvbf\archives\golang.org_x_exp@v0.0.0-20231006140011-7918f672742d.zip//golang.org/x/exp@v0.0.0-20231006140011-7918f672742d/cmd/gorelease/testdata/basic/v2_patch_suggest.test	ok
2026-09-27 14:59:32	C:\Users\lehie\AppData\Local\Temp\aiflow-security-modules-bnyayvbf\archives\golang.org_x_exp@v0.0.0-20231006140011-7918f672742d.zip//golang.org/x/exp@v0.0.0-20231006140011-7918f672742d/cmd/gorelease/testdata/basic/v2_patch_verify.test	ok
2026-09-27 14:59:32	C:\Users\lehie\AppData\Local\Temp\aiflow-security-modules-bnyayvbf\archives\golang.org_x_image@v0.45.0.zip//golang.org/x/image@v0.45.0/bmp/reader_test.go	ok
2026-09-27 14:59:32	C:\Users\lehie\AppData\Local\Temp\aiflow-security-modules-bnyayvbf\archives\golang.org_x_exp@v0.0.0-20231006140011-7918f672742d.zip//golang.org/x/exp@v0.0.0-20231006140011-7918f672742d/cmd/gorelease/testdata/basic/v2_pre_suggest.test	ok
2026-09-27 14:59:32	C:\Users\lehie\AppData\Local\Temp\aiflow-security-modules-bnyayvbf\archives\golang.org_x_image@v0.45.0.zip//golang.org/x/image@v0.45.0/bmp/writer.go	ok
2026-09-27 14:59:32	C:\Users\lehie\AppData\Local\Temp\aiflow-security-modules-bnyayvbf\archives\golang.org_x_exp@v0.0.0-20231006140011-7918f672742d.zip//golang.org/x/exp@v0.0.0-20231006140011-7918f672742d/cmd/gorelease/testdata/basic/v3_autobase_suggest.test	ok
2026-09-27 14:59:32	C:\Users\lehie\AppData\Local\Temp\aiflow-security-modules-bnyayvbf\archives\golang.org_x_image@v0.45.0.zip//golang.org/x/image@v0.45.0/bmp/writer_test.go	ok
2026-09-27 14:59:32	C:\Users\lehie\AppData\Local\Temp\aiflow-security-modules-bnyayvbf\archives\golang.org_x_exp@v0.0.0-20231006140011-7918f672742d.zip//golang.org/x/exp@v0.0.0-20231006140011-7918f672742d/cmd/gorelease/testdata/basic/v3_autobase_verify_error.test	ok
2026-09-27 14:59:32	C:\Users\lehie\AppData\Local\Temp\aiflow-security-modules-bnyayvbf\archives\golang.org_x_exp@v0.0.0-20231006140011-7918f672742d.zip//golang.org/x/exp@v0.0.0-20231006140011-7918f672742d/cmd/gorelease/testdata/basic/v3_autobase_verify_first.test	ok
2026-09-27 14:59:32	C:\Users\lehie\AppData\Local\Temp\aiflow-security-modules-bnyayvbf\archives\golang.org_x_image@v0.45.0.zip//golang.org/x/image@v0.45.0/ccitt/gen.go	ok
2026-09-27 14:59:32	C:\Users\lehie\AppData\Local\Temp\aiflow-security-modules-bnyayvbf\archives\golang.org_x_exp@v0.0.0-20231006140011-7918f672742d.zip//golang.org/x/exp@v0.0.0-20231006140011-7918f672742d/cmd/gorelease/testdata/cgo/README.txt	ok
2026-09-27 14:59:32	C:\Users\lehie\AppData\Local\Temp\aiflow-security-modules-bnyayvbf\archives\golang.org_x_exp@v0.0.0-20231006140011-7918f672742d.zip//golang.org/x/exp@v0.0.0-20231006140011-7918f672742d/cmd/gorelease/testdata/cgo/cgo.test	ok
2026-09-27 14:59:32	C:\Users\lehie\AppData\Local\Temp\aiflow-security-modules-bnyayvbf\archives\golang.org_x_image@v0.45.0.zip//golang.org/x/image@v0.45.0/ccitt/reader.go	ok
2026-09-27 14:59:32	C:\Users\lehie\AppData\Local\Temp\aiflow-security-modules-bnyayvbf\archives\golang.org_x_exp@v0.0.0-20231006140011-7918f672742d.zip//golang.org/x/exp@v0.0.0-20231006140011-7918f672742d/cmd/gorelease/testdata/cycle/README.md	ok
2026-09-27 14:59:32	C:\Users\lehie\AppData\Local\Temp\aiflow-security-modules-bnyayvbf\archives\golang.org_x_exp@v0.0.0-20231006140011-7918f672742d.zip//golang.org/x/exp@v0.0.0-20231006140011-7918f672742d/cmd/gorelease/testdata/cycle/cycle_suggest.test	ok
2026-09-27 14:59:32	C:\Users\lehie\AppData\Local\Temp\aiflow-security-modules-bnyayvbf\archives\golang.org_x_image@v0.45.0.zip//golang.org/x/image@v0.45.0/ccitt/reader_test.go	ok
2026-09-27 14:59:32	C:\Users\lehie\AppData\Local\Temp\aiflow-security-modules-bnyayvbf\archives\golang.org_x_exp@v0.0.0-20231006140011-7918f672742d.zip//golang.org/x/exp@v0.0.0-20231006140011-7918f672742d/cmd/gorelease/testdata/cycle/cycle_suggest_error.test	ok
2026-09-27 14:59:32	C:\Users\lehie\AppData\Local\Temp\aiflow-security-modules-bnyayvbf\archives\golang.org_x_image@v0.45.0.zip//golang.org/x/image@v0.45.0/ccitt/table.go	ok
2026-09-27 14:59:32	C:\Users\lehie\AppData\Local\Temp\aiflow-security-modules-bnyayvbf\archives\golang.org_x_exp@v0.0.0-20231006140011-7918f672742d.zip//golang.org/x/exp@v0.0.0-20231006140011-7918f672742d/cmd/gorelease/testdata/cycle/cycle_verify.test	ok
2026-09-27 14:59:32	C:\Users\lehie\AppData\Local\Temp\aiflow-security-modules-bnyayvbf\archives\golang.org_x_exp@v0.0.0-20231006140011-7918f672742d.zip//golang.org/x/exp@v0.0.0-20231006140011-7918f672742d/cmd/gorelease/testdata/empty/README.txt	ok
2026-09-27 14:59:32	C:\Users\lehie\AppData\Local\Temp\aiflow-security-modules-bnyayvbf\archives\golang.org_x_image@v0.45.0.zip//golang.org/x/image@v0.45.0/ccitt/table_test.go	ok
2026-09-27 14:59:32	C:\Users\lehie\AppData\Local\Temp\aiflow-security-modules-bnyayvbf\archives\golang.org_x_image@v0.45.0.zip//golang.org/x/image@v0.45.0/ccitt/testdata/bw-gopher-aligned.ccitt_group3	ok
2026-09-27 14:59:32	C:\Users\lehie\AppData\Local\Temp\aiflow-security-modules-bnyayvbf\archives\golang.org_x_exp@v0.0.0-20231006140011-7918f672742d.zip//golang.org/x/exp@v0.0.0-20231006140011-7918f672742d/cmd/gorelease/testdata/empty/empty.test	ok
2026-09-27 14:59:32	C:\Users\lehie\AppData\Local\Temp\aiflow-security-modules-bnyayvbf\archives\golang.org_x_image@v0.45.0.zip//golang.org/x/image@v0.45.0/ccitt/testdata/bw-gopher-aligned.ccitt_group4	ok
2026-09-27 14:59:32	C:\Users\lehie\AppData\Local\Temp\aiflow-security-modules-bnyayvbf\archives\golang.org_x_exp@v0.0.0-20231006140011-7918f672742d.zip//golang.org/x/exp@v0.0.0-20231006140011-7918f672742d/cmd/gorelease/testdata/errors/README.txt	ok
2026-09-27 14:59:32	C:\Users\lehie\AppData\Local\Temp\aiflow-security-modules-bnyayvbf\archives\golang.org_x_image@v0.45.0.zip//golang.org/x/image@v0.45.0/ccitt/testdata/bw-gopher-inverted-aligned.ccitt_group3	ok
2026-09-27 14:59:32	C:\Users\lehie\AppData\Local\Temp\aiflow-security-modules-bnyayvbf\archives\golang.org_x_exp@v0.0.0-20231006140011-7918f672742d.zip//golang.org/x/exp@v0.0.0-20231006140011-7918f672742d/cmd/gorelease/testdata/errors/bad_filenames.test	ok
2026-09-27 14:59:32	C:\Users\lehie\AppData\Local\Temp\aiflow-security-modules-bnyayvbf\archives\golang.org_x_image@v0.45.0.zip//golang.org/x/image@v0.45.0/ccitt/testdata/bw-gopher-inverted-aligned.ccitt_group4	ok
2026-09-27 14:59:32	C:\Users\lehie\AppData\Local\Temp\aiflow-security-modules-bnyayvbf\archives\golang.org_x_image@v0.45.0.zip//golang.org/x/image@v0.45.0/ccitt/testdata/bw-gopher-inverted.ccitt_group3	ok
2026-09-27 14:59:32	C:\Users\lehie\AppData\Local\Temp\aiflow-security-modules-bnyayvbf\archives\golang.org_x_exp@v0.0.0-20231006140011-7918f672742d.zip//golang.org/x/exp@v0.0.0-20231006140011-7918f672742d/cmd/gorelease/testdata/errors/bad_release.test	ok
2026-09-27 14:59:32	C:\Users\lehie\AppData\Local\Temp\aiflow-security-modules-bnyayvbf\archives\golang.org_x_image@v0.45.0.zip//golang.org/x/image@v0.45.0/ccitt/testdata/bw-gopher-inverted.ccitt_group4	ok
2026-09-27 14:59:32	C:\Users\lehie\AppData\Local\Temp\aiflow-security-modules-bnyayvbf\archives\golang.org_x_exp@v0.0.0-20231006140011-7918f672742d.zip//golang.org/x/exp@v0.0.0-20231006140011-7918f672742d/cmd/gorelease/testdata/errors/base_higher.test	ok
2026-09-27 14:59:32	C:\Users\lehie\AppData\Local\Temp\aiflow-security-modules-bnyayvbf\archives\golang.org_x_image@v0.45.0.zip//golang.org/x/image@v0.45.0/ccitt/testdata/bw-gopher-truncated0.ccitt_group3	ok
2026-09-27 14:59:32	C:\Users\lehie\AppData\Local\Temp\aiflow-security-modules-bnyayvbf\archives\golang.org_x_exp@v0.0.0-20231006140011-7918f672742d.zip//golang.org/x/exp@v0.0.0-20231006140011-7918f672742d/cmd/gorelease/testdata/errors/base_modpath_none.test	ok
2026-09-27 14:59:32	C:\Users\lehie\AppData\Local\Temp\aiflow-security-modules-bnyayvbf\archives\golang.org_x_image@v0.45.0.zip//golang.org/x/image@v0.45.0/ccitt/testdata/bw-gopher-truncated0.ccitt_group4	ok
2026-09-27 14:59:32	C:\Users\lehie\AppData\Local\Temp\aiflow-security-modules-bnyayvbf\archives\golang.org_x_image@v0.45.0.zip//golang.org/x/image@v0.45.0/ccitt/testdata/bw-gopher-truncated1.ccitt_group3	ok
2026-09-27 14:59:32	C:\Users\lehie\AppData\Local\Temp\aiflow-security-modules-bnyayvbf\archives\golang.org_x_exp@v0.0.0-20231006140011-7918f672742d.zip//golang.org/x/exp@v0.0.0-20231006140011-7918f672742d/cmd/gorelease/testdata/errors/errors.test	ok
2026-09-27 14:59:32	C:\Users\lehie\AppData\Local\Temp\aiflow-security-modules-bnyayvbf\archives\golang.org_x_image@v0.45.0.zip//golang.org/x/image@v0.45.0/ccitt/testdata/bw-gopher-truncated1.ccitt_group4	ok
2026-09-27 14:59:32	C:\Users\lehie\AppData\Local\Temp\aiflow-security-modules-bnyayvbf\archives\golang.org_x_exp@v0.0.0-20231006140011-7918f672742d.zip//golang.org/x/exp@v0.0.0-20231006140011-7918f672742d/cmd/gorelease/testdata/errors/same_base_release.test	ok
2026-09-27 14:59:32	C:\Users\lehie\AppData\Local\Temp\aiflow-security-modules-bnyayvbf\archives\golang.org_x_image@v0.45.0.zip//golang.org/x/image@v0.45.0/ccitt/testdata/bw-gopher.ccitt_group3	ok
2026-09-27 14:59:32	C:\Users\lehie\AppData\Local\Temp\aiflow-security-modules-bnyayvbf\archives\golang.org_x_exp@v0.0.0-20231006140011-7918f672742d.zip//golang.org/x/exp@v0.0.0-20231006140011-7918f672742d/cmd/gorelease/testdata/errors/upgrade_base.test	ok
2026-09-27 14:59:32	C:\Users\lehie\AppData\Local\Temp\aiflow-security-modules-bnyayvbf\archives\golang.org_x_image@v0.45.0.zip//golang.org/x/image@v0.45.0/ccitt/testdata/bw-gopher.ccitt_group4	ok
2026-09-27 14:59:32	C:\Users\lehie\AppData\Local\Temp\aiflow-security-modules-bnyayvbf\archives\golang.org_x_image@v0.45.0.zip//golang.org/x/image@v0.45.0/ccitt/testdata/bw-gopher.png	ok
2026-09-27 14:59:32	C:\Users\lehie\AppData\Local\Temp\aiflow-security-modules-bnyayvbf\archives\golang.org_x_exp@v0.0.0-20231006140011-7918f672742d.zip//golang.org/x/exp@v0.0.0-20231006140011-7918f672742d/cmd/gorelease/testdata/first/README.txt	ok
2026-09-27 14:59:32	C:\Users\lehie\AppData\Local\Temp\aiflow-security-modules-bnyayvbf\archives\golang.org_x_image@v0.45.0.zip//golang.org/x/image@v0.45.0/ccitt/writer.go	ok
2026-09-27 14:59:32	C:\Users\lehie\AppData\Local\Temp\aiflow-security-modules-bnyayvbf\archives\golang.org_x_exp@v0.0.0-20231006140011-7918f672742d.zip//golang.org/x/exp@v0.0.0-20231006140011-7918f672742d/cmd/gorelease/testdata/first/v0_0_0.test	ok
2026-09-27 14:59:32	C:\Users\lehie\AppData\Local\Temp\aiflow-security-modules-bnyayvbf\archives\golang.org_x_image@v0.45.0.zip//golang.org/x/image@v0.45.0/ccitt/writer_test.go	ok
2026-09-27 14:59:32	C:\Users\lehie\AppData\Local\Temp\aiflow-security-modules-bnyayvbf\archives\golang.org_x_exp@v0.0.0-20231006140011-7918f672742d.zip//golang.org/x/exp@v0.0.0-20231006140011-7918f672742d/cmd/gorelease/testdata/first/v0_0_1.test	ok
2026-09-27 14:59:32	C:\Users\lehie\AppData\Local\Temp\aiflow-security-modules-bnyayvbf\archives\golang.org_x_exp@v0.0.0-20231006140011-7918f672742d.zip//golang.org/x/exp@v0.0.0-20231006140011-7918f672742d/cmd/gorelease/testdata/first/v0_1_0-alpha.1.test	ok
2026-09-27 14:59:32	C:\Users\lehie\AppData\Local\Temp\aiflow-security-modules-bnyayvbf\archives\golang.org_x_image@v0.45.0.zip//golang.org/x/image@v0.45.0/cmd/webp-manual-test/main.go	ok
2026-09-27 14:59:32	C:\Users\lehie\AppData\Local\Temp\aiflow-security-modules-bnyayvbf\archives\golang.org_x_exp@v0.0.0-20231006140011-7918f672742d.zip//golang.org/x/exp@v0.0.0-20231006140011-7918f672742d/cmd/gorelease/testdata/first/v0_1_0.test	ok
2026-09-27 14:59:32	C:\Users\lehie\AppData\Local\Temp\aiflow-security-modules-bnyayvbf\archives\golang.org_x_image@v0.45.0.zip//golang.org/x/image@v0.45.0/codereview.cfg	ok
2026-09-27 14:59:32	C:\Users\lehie\AppData\Local\Temp\aiflow-security-modules-bnyayvbf\archives\golang.org_x_exp@v0.0.0-20231006140011-7918f672742d.zip//golang.org/x/exp@v0.0.0-20231006140011-7918f672742d/cmd/gorelease/testdata/first/v0_err.test	ok
2026-09-27 14:59:32	C:\Users\lehie\AppData\Local\Temp\aiflow-security-modules-bnyayvbf\archives\golang.org_x_image@v0.45.0.zip//golang.org/x/image@v0.45.0/colornames/colornames.go	ok
2026-09-27 14:59:32	C:\Users\lehie\AppData\Local\Temp\aiflow-security-modules-bnyayvbf\archives\golang.org_x_exp@v0.0.0-20231006140011-7918f672742d.zip//golang.org/x/exp@v0.0.0-20231006140011-7918f672742d/cmd/gorelease/testdata/first/v1_0_0.test	ok
2026-09-27 14:59:32	C:\Users\lehie\AppData\Local\Temp\aiflow-security-modules-bnyayvbf\archives\golang.org_x_image@v0.45.0.zip//golang.org/x/image@v0.45.0/colornames/colornames_test.go	ok
2026-09-27 14:59:32	C:\Users\lehie\AppData\Local\Temp\aiflow-security-modules-bnyayvbf\archives\golang.org_x_exp@v0.0.0-20231006140011-7918f672742d.zip//golang.org/x/exp@v0.0.0-20231006140011-7918f672742d/cmd/gorelease/testdata/first/v1_2_3_explicit_none_base.test	ok
2026-09-27 14:59:32	C:\Users\lehie\AppData\Local\Temp\aiflow-security-modules-bnyayvbf\archives\golang.org_x_image@v0.45.0.zip//golang.org/x/image@v0.45.0/colornames/gen.go	ok
2026-09-27 14:59:32	C:\Users\lehie\AppData\Local\Temp\aiflow-security-modules-bnyayvbf\archives\golang.org_x_exp@v0.0.0-20231006140011-7918f672742d.zip//golang.org/x/exp@v0.0.0-20231006140011-7918f672742d/cmd/gorelease/testdata/first/v2_err.test	ok
2026-09-27 14:59:32	C:\Users\lehie\AppData\Local\Temp\aiflow-security-modules-bnyayvbf\archives\golang.org_x_exp@v0.0.0-20231006140011-7918f672742d.zip//golang.org/x/exp@v0.0.0-20231006140011-7918f672742d/cmd/gorelease/testdata/first/v2_moderr.test	ok
2026-09-27 14:59:32	C:\Users\lehie\AppData\Local\Temp\aiflow-security-modules-bnyayvbf\archives\golang.org_x_image@v0.45.0.zip//golang.org/x/image@v0.45.0/colornames/table.go	ok
2026-09-27 14:59:32	C:\Users\lehie\AppData\Local\Temp\aiflow-security-modules-bnyayvbf\archives\golang.org_x_exp@v0.0.0-20231006140011-7918f672742d.zip//golang.org/x/exp@v0.0.0-20231006140011-7918f672742d/cmd/gorelease/testdata/fix/README.txt	ok
2026-09-27 14:59:32	C:\Users\lehie\AppData\Local\Temp\aiflow-security-modules-bnyayvbf\archives\golang.org_x_image@v0.45.0.zip//golang.org/x/image@v0.45.0/draw/draw.go	ok
2026-09-27 14:59:32	C:\Users\lehie\AppData\Local\Temp\aiflow-security-modules-bnyayvbf\archives\golang.org_x_exp@v0.0.0-20231006140011-7918f672742d.zip//golang.org/x/exp@v0.0.0-20231006140011-7918f672742d/cmd/gorelease/testdata/fix/compatible_other_suggest.test	ok
2026-09-27 14:59:32	C:\Users\lehie\AppData\Local\Temp\aiflow-security-modules-bnyayvbf\archives\golang.org_x_exp@v0.0.0-20231006140011-7918f672742d.zip//golang.org/x/exp@v0.0.0-20231006140011-7918f672742d/cmd/gorelease/testdata/fix/compatible_other_verify.test	ok
2026-09-27 14:59:32	C:\Users\lehie\AppData\Local\Temp\aiflow-security-modules-bnyayvbf\archives\golang.org_x_image@v0.45.0.zip//golang.org/x/image@v0.45.0/draw/example_test.go	ok
2026-09-27 14:59:32	C:\Users\lehie\AppData\Local\Temp\aiflow-security-modules-bnyayvbf\archives\golang.org_x_exp@v0.0.0-20231006140011-7918f672742d.zip//golang.org/x/exp@v0.0.0-20231006140011-7918f672742d/cmd/gorelease/testdata/fix/compatible_other_verify_err.test	ok
2026-09-27 14:59:32	C:\Users\lehie\AppData\Local\Temp\aiflow-security-modules-bnyayvbf\archives\golang.org_x_exp@v0.0.0-20231006140011-7918f672742d.zip//golang.org/x/exp@v0.0.0-20231006140011-7918f672742d/cmd/gorelease/testdata/fix/compatible_same_suggest.test	ok
2026-09-27 14:59:32	C:\Users\lehie\AppData\Local\Temp\aiflow-security-modules-bnyayvbf\archives\golang.org_x_image@v0.45.0.zip//golang.org/x/image@v0.45.0/draw/gen.go	ok
2026-09-27 14:59:32	C:\Users\lehie\AppData\Local\Temp\aiflow-security-modules-bnyayvbf\archives\golang.org_x_exp@v0.0.0-20231006140011-7918f672742d.zip//golang.org/x/exp@v0.0.0-20231006140011-7918f672742d/cmd/gorelease/testdata/fix/compatible_same_verify.test	ok
2026-09-27 14:59:32	C:\Users\lehie\AppData\Local\Temp\aiflow-security-modules-bnyayvbf\archives\golang.org_x_exp@v0.0.0-20231006140011-7918f672742d.zip//golang.org/x/exp@v0.0.0-20231006140011-7918f672742d/cmd/gorelease/testdata/fix/incompatible_other_suggest.test	ok
2026-09-27 14:59:32	C:\Users\lehie\AppData\Local\Temp\aiflow-security-modules-bnyayvbf\archives\golang.org_x_exp@v0.0.0-20231006140011-7918f672742d.zip//golang.org/x/exp@v0.0.0-20231006140011-7918f672742d/cmd/gorelease/testdata/fix/incompatible_other_verify.test	ok
2026-09-27 14:59:32	C:\Users\lehie\AppData\Local\Temp\aiflow-security-modules-bnyayvbf\archives\golang.org_x_exp@v0.0.0-20231006140011-7918f672742d.zip//golang.org/x/exp@v0.0.0-20231006140011-7918f672742d/cmd/gorelease/testdata/fix/incompatible_same_suggest.test	ok
2026-09-27 14:59:32	C:\Users\lehie\AppData\Local\Temp\aiflow-security-modules-bnyayvbf\archives\golang.org_x_exp@v0.0.0-20231006140011-7918f672742d.zip//golang.org/x/exp@v0.0.0-20231006140011-7918f672742d/cmd/gorelease/testdata/fix/incompatible_same_verify.test	ok
2026-09-27 14:59:32	C:\Users\lehie\AppData\Local\Temp\aiflow-security-modules-bnyayvbf\archives\golang.org_x_image@v0.45.0.zip//golang.org/x/image@v0.45.0/draw/impl.go	ok
2026-09-27 14:59:32	C:\Users\lehie\AppData\Local\Temp\aiflow-security-modules-bnyayvbf\archives\golang.org_x_exp@v0.0.0-20231006140011-7918f672742d.zip//golang.org/x/exp@v0.0.0-20231006140011-7918f672742d/cmd/gorelease/testdata/fix/patch_suggest.test	ok
2026-09-27 14:59:32	C:\Users\lehie\AppData\Local\Temp\aiflow-security-modules-bnyayvbf\archives\golang.org_x_exp@v0.0.0-20231006140011-7918f672742d.zip//golang.org/x/exp@v0.0.0-20231006140011-7918f672742d/cmd/gorelease/testdata/fix/patch_verify.test	ok
2026-09-27 14:59:32	C:\Users\lehie\AppData\Local\Temp\aiflow-security-modules-bnyayvbf\archives\golang.org_x_image@v0.45.0.zip//golang.org/x/image@v0.45.0/draw/scale.go	ok
2026-09-27 14:59:32	C:\Users\lehie\AppData\Local\Temp\aiflow-security-modules-bnyayvbf\archives\golang.org_x_exp@v0.0.0-20231006140011-7918f672742d.zip//golang.org/x/exp@v0.0.0-20231006140011-7918f672742d/cmd/gorelease/testdata/generics/changed_param.test	ok
2026-09-27 14:59:32	C:\Users\lehie\AppData\Local\Temp\aiflow-security-modules-bnyayvbf\archives\golang.org_x_exp@v0.0.0-20231006140011-7918f672742d.zip//golang.org/x/exp@v0.0.0-20231006140011-7918f672742d/cmd/gorelease/testdata/generics/changed_return.test	ok
2026-09-27 14:59:32	C:\Users\lehie\AppData\Local\Temp\aiflow-security-modules-bnyayvbf\archives\golang.org_x_image@v0.45.0.zip//golang.org/x/image@v0.45.0/draw/scale_test.go	ok
2026-09-27 14:59:32	C:\Users\lehie\AppData\Local\Temp\aiflow-security-modules-bnyayvbf\archives\golang.org_x_exp@v0.0.0-20231006140011-7918f672742d.zip//golang.org/x/exp@v0.0.0-20231006140011-7918f672742d/cmd/gorelease/testdata/generics/unchanged.test	ok
2026-09-27 14:59:32	C:\Users\lehie\AppData\Local\Temp\aiflow-security-modules-bnyayvbf\archives\golang.org_x_image@v0.45.0.zip//golang.org/x/image@v0.45.0/draw/stdlib_test.go	ok
2026-09-27 14:59:32	C:\Users\lehie\AppData\Local\Temp\aiflow-security-modules-bnyayvbf\archives\golang.org_x_exp@v0.0.0-20231006140011-7918f672742d.zip//golang.org/x/exp@v0.0.0-20231006140011-7918f672742d/cmd/gorelease/testdata/internalcompat/README.txt	ok
2026-09-27 14:59:32	C:\Users\lehie\AppData\Local\Temp\aiflow-security-modules-bnyayvbf\archives\golang.org_x_image@v0.45.0.zip//golang.org/x/image@v0.45.0/example/font/main.go	ok
2026-09-27 14:59:32	C:\Users\lehie\AppData\Local\Temp\aiflow-security-modules-bnyayvbf\archives\golang.org_x_exp@v0.0.0-20231006140011-7918f672742d.zip//golang.org/x/exp@v0.0.0-20231006140011-7918f672742d/cmd/gorelease/testdata/internalcompat/internalcompat.test	ok
2026-09-27 14:59:32	C:\Users\lehie\AppData\Local\Temp\aiflow-security-modules-bnyayvbf\archives\golang.org_x_image@v0.45.0.zip//golang.org/x/image@v0.45.0/font/basicfont/basicfont.go	ok
2026-09-27 14:59:32	C:\Users\lehie\AppData\Local\Temp\aiflow-security-modules-bnyayvbf\archives\golang.org_x_exp@v0.0.0-20231006140011-7918f672742d.zip//golang.org/x/exp@v0.0.0-20231006140011-7918f672742d/cmd/gorelease/testdata/main/README.txt	ok
2026-09-27 14:59:32	C:\Users\lehie\AppData\Local\Temp\aiflow-security-modules-bnyayvbf\archives\golang.org_x_image@v0.45.0.zip//golang.org/x/image@v0.45.0/font/basicfont/basicfont_test.go	ok
2026-09-27 14:59:32	C:\Users\lehie\AppData\Local\Temp\aiflow-security-modules-bnyayvbf\archives\golang.org_x_exp@v0.0.0-20231006140011-7918f672742d.zip//golang.org/x/exp@v0.0.0-20231006140011-7918f672742d/cmd/gorelease/testdata/main/add.test	ok
2026-09-27 14:59:32	C:\Users\lehie\AppData\Local\Temp\aiflow-security-modules-bnyayvbf\archives\golang.org_x_exp@v0.0.0-20231006140011-7918f672742d.zip//golang.org/x/exp@v0.0.0-20231006140011-7918f672742d/cmd/gorelease/testdata/main/change.test	ok
2026-09-27 14:59:32	C:\Users\lehie\AppData\Local\Temp\aiflow-security-modules-bnyayvbf\archives\golang.org_x_image@v0.45.0.zip//golang.org/x/image@v0.45.0/font/basicfont/data.go	ok
2026-09-27 14:59:32	C:\Users\lehie\AppData\Local\Temp\aiflow-security-modules-bnyayvbf\archives\golang.org_x_exp@v0.0.0-20231006140011-7918f672742d.zip//golang.org/x/exp@v0.0.0-20231006140011-7918f672742d/cmd/gorelease/testdata/main/remove.test	ok
2026-09-27 14:59:32	C:\Users\lehie\AppData\Local\Temp\aiflow-security-modules-bnyayvbf\archives\golang.org_x_image@v0.45.0.zip//golang.org/x/image@v0.45.0/font/basicfont/gen.go	ok
2026-09-27 14:59:32	C:\Users\lehie\AppData\Local\Temp\aiflow-security-modules-bnyayvbf\archives\golang.org_x_exp@v0.0.0-20231006140011-7918f672742d.zip//golang.org/x/exp@v0.0.0-20231006140011-7918f672742d/cmd/gorelease/testdata/mod/example.com_basic_v0.0.1.txt	ok
2026-09-27 14:59:32	C:\Users\lehie\AppData\Local\Temp\aiflow-security-modules-bnyayvbf\archives\golang.org_x_exp@v0.0.0-20231006140011-7918f672742d.zip//golang.org/x/exp@v0.0.0-20231006140011-7918f672742d/cmd/gorelease/testdata/mod/example.com_basic_v0.1.0.txt	ok
2026-09-27 14:59:32	C:\Users\lehie\AppData\Local\Temp\aiflow-security-modules-bnyayvbf\archives\golang.org_x_image@v0.45.0.zip//golang.org/x/image@v0.45.0/font/font.go	ok
2026-09-27 14:59:32	C:\Users\lehie\AppData\Local\Temp\aiflow-security-modules-bnyayvbf\archives\golang.org_x_exp@v0.0.0-20231006140011-7918f672742d.zip//golang.org/x/exp@v0.0.0-20231006140011-7918f672742d/cmd/gorelease/testdata/mod/example.com_basic_v0.1.1-pre.txt	ok
2026-09-27 14:59:32	C:\Users\lehie\AppData\Local\Temp\aiflow-security-modules-bnyayvbf\archives\golang.org_x_image@v0.45.0.zip//golang.org/x/image@v0.45.0/font/font_test.go	ok
2026-09-27 14:59:32	C:\Users\lehie\AppData\Local\Temp\aiflow-security-modules-bnyayvbf\archives\golang.org_x_exp@v0.0.0-20231006140011-7918f672742d.zip//golang.org/x/exp@v0.0.0-20231006140011-7918f672742d/cmd/gorelease/testdata/mod/example.com_basic_v0.1.1.txt	ok
2026-09-27 14:59:32	C:\Users\lehie\AppData\Local\Temp\aiflow-security-modules-bnyayvbf\archives\golang.org_x_image@v0.45.0.zip//golang.org/x/image@v0.45.0/font/gofont/gen.go	ok
2026-09-27 14:59:32	C:\Users\lehie\AppData\Local\Temp\aiflow-security-modules-bnyayvbf\archives\golang.org_x_exp@v0.0.0-20231006140011-7918f672742d.zip//golang.org/x/exp@v0.0.0-20231006140011-7918f672742d/cmd/gorelease/testdata/mod/example.com_basic_v0.1.2.txt	ok
2026-09-27 14:59:32	C:\Users\lehie\AppData\Local\Temp\aiflow-security-modules-bnyayvbf\archives\golang.org_x_exp@v0.0.0-20231006140011-7918f672742d.zip//golang.org/x/exp@v0.0.0-20231006140011-7918f672742d/cmd/gorelease/testdata/mod/example.com_basic_v1.0.1.txt	ok
2026-09-27 14:59:32	C:\Users\lehie\AppData\Local\Temp\aiflow-security-modules-bnyayvbf\archives\golang.org_x_exp@v0.0.0-20231006140011-7918f672742d.zip//golang.org/x/exp@v0.0.0-20231006140011-7918f672742d/cmd/gorelease/testdata/mod/example.com_basic_v1.1.0.txt	ok
2026-09-27 14:59:32	C:\Users\lehie\AppData\Local\Temp\aiflow-security-modules-bnyayvbf\archives\golang.org_x_exp@v0.0.0-20231006140011-7918f672742d.zip//golang.org/x/exp@v0.0.0-20231006140011-7918f672742d/cmd/gorelease/testdata/mod/example.com_basic_v1.1.1-pre.txt	ok
2026-09-27 14:59:32	C:\Users\lehie\AppData\Local\Temp\aiflow-security-modules-bnyayvbf\archives\golang.org_x_exp@v0.0.0-20231006140011-7918f672742d.zip//golang.org/x/exp@v0.0.0-20231006140011-7918f672742d/cmd/gorelease/testdata/mod/example.com_basic_v1.1.1.txt	ok
2026-09-27 14:59:32	C:\Users\lehie\AppData\Local\Temp\aiflow-security-modules-bnyayvbf\archives\golang.org_x_exp@v0.0.0-20231006140011-7918f672742d.zip//golang.org/x/exp@v0.0.0-20231006140011-7918f672742d/cmd/gorelease/testdata/mod/example.com_basic_v1.1.2.txt	ok
2026-09-27 14:59:32	C:\Users\lehie\AppData\Local\Temp\aiflow-security-modules-bnyayvbf\archives\golang.org_x_exp@v0.0.0-20231006140011-7918f672742d.zip//golang.org/x/exp@v0.0.0-20231006140011-7918f672742d/cmd/gorelease/testdata/mod/example.com_basic_v2_v2.0.1.txt	ok
2026-09-27 14:59:32	C:\Users\lehie\AppData\Local\Temp\aiflow-security-modules-bnyayvbf\archives\golang.org_x_exp@v0.0.0-20231006140011-7918f672742d.zip//golang.org/x/exp@v0.0.0-20231006140011-7918f672742d/cmd/gorelease/testdata/mod/example.com_basic_v2_v2.1.0.txt	ok
2026-09-27 14:59:32	C:\Users\lehie\AppData\Local\Temp\aiflow-security-modules-bnyayvbf\archives\golang.org_x_exp@v0.0.0-20231006140011-7918f672742d.zip//golang.org/x/exp@v0.0.0-20231006140011-7918f672742d/cmd/gorelease/testdata/mod/example.com_basic_v2_v2.1.1-pre.txt	ok
2026-09-27 14:59:32	C:\Users\lehie\AppData\Local\Temp\aiflow-security-modules-bnyayvbf\archives\golang.org_x_image@v0.45.0.zip//golang.org/x/image@v0.45.0/font/gofont/gobold/data.go	ok
2026-09-27 14:59:32	C:\Users\lehie\AppData\Local\Temp\aiflow-security-modules-bnyayvbf\archives\golang.org_x_exp@v0.0.0-20231006140011-7918f672742d.zip//golang.org/x/exp@v0.0.0-20231006140011-7918f672742d/cmd/gorelease/testdata/mod/example.com_basic_v2_v2.1.1.txt	ok
2026-09-27 14:59:32	C:\Users\lehie\AppData\Local\Temp\aiflow-security-modules-bnyayvbf\archives\golang.org_x_exp@v0.0.0-20231006140011-7918f672742d.zip//golang.org/x/exp@v0.0.0-20231006140011-7918f672742d/cmd/gorelease/testdata/mod/example.com_basic_v2_v2.1.2.txt	ok
2026-09-27 14:59:32	C:\Users\lehie\AppData\Local\Temp\aiflow-security-modules-bnyayvbf\archives\golang.org_x_exp@v0.0.0-20231006140011-7918f672742d.zip//golang.org/x/exp@v0.0.0-20231006140011-7918f672742d/cmd/gorelease/testdata/mod/example.com_basic_v3_v3.0.0-ignore.txt	ok
2026-09-27 14:59:32	C:\Users\lehie\AppData\Local\Temp\aiflow-security-modules-bnyayvbf\archives\golang.org_x_exp@v0.0.0-20231006140011-7918f672742d.zip//golang.org/x/exp@v0.0.0-20231006140011-7918f672742d/cmd/gorelease/testdata/mod/example.com_basic_version-1.0.1.txt	ok
2026-09-27 14:59:32	C:\Users\lehie\AppData\Local\Temp\aiflow-security-modules-bnyayvbf\archives\golang.org_x_exp@v0.0.0-20231006140011-7918f672742d.zip//golang.org/x/exp@v0.0.0-20231006140011-7918f672742d/cmd/gorelease/testdata/mod/example.com_basicfork_v1.1.2.txt	ok
2026-09-27 14:59:32	C:\Users\lehie\AppData\Local\Temp\aiflow-security-modules-bnyayvbf\archives\golang.org_x_exp@v0.0.0-20231006140011-7918f672742d.zip//golang.org/x/exp@v0.0.0-20231006140011-7918f672742d/cmd/gorelease/testdata/mod/example.com_cycle_v1.0.0.txt	ok
2026-09-27 14:59:32	C:\Users\lehie\AppData\Local\Temp\aiflow-security-modules-bnyayvbf\archives\golang.org_x_exp@v0.0.0-20231006140011-7918f672742d.zip//golang.org/x/exp@v0.0.0-20231006140011-7918f672742d/cmd/gorelease/testdata/mod/example.com_cycle_v1.5.0.txt	ok
2026-09-27 14:59:32	C:\Users\lehie\AppData\Local\Temp\aiflow-security-modules-bnyayvbf\archives\golang.org_x_exp@v0.0.0-20231006140011-7918f672742d.zip//golang.org/x/exp@v0.0.0-20231006140011-7918f672742d/cmd/gorelease/testdata/mod/example.com_cycle_v2_v2.0.0.txt	ok
2026-09-27 14:59:32	C:\Users\lehie\AppData\Local\Temp\aiflow-security-modules-bnyayvbf\archives\golang.org_x_exp@v0.0.0-20231006140011-7918f672742d.zip//golang.org/x/exp@v0.0.0-20231006140011-7918f672742d/cmd/gorelease/testdata/mod/example.com_cycledep_v1.0.0.txt	ok
2026-09-27 14:59:32	C:\Users\lehie\AppData\Local\Temp\aiflow-security-modules-bnyayvbf\archives\golang.org_x_image@v0.45.0.zip//golang.org/x/image@v0.45.0/font/gofont/gobolditalic/data.go	ok
2026-09-27 14:59:32	C:\Users\lehie\AppData\Local\Temp\aiflow-security-modules-bnyayvbf\archives\golang.org_x_exp@v0.0.0-20231006140011-7918f672742d.zip//golang.org/x/exp@v0.0.0-20231006140011-7918f672742d/cmd/gorelease/testdata/mod/example.com_cycledep_v2_v2.0.0.txt	ok
2026-09-27 14:59:32	C:\Users\lehie\AppData\Local\Temp\aiflow-security-modules-bnyayvbf\archives\golang.org_x_exp@v0.0.0-20231006140011-7918f672742d.zip//golang.org/x/exp@v0.0.0-20231006140011-7918f672742d/cmd/gorelease/testdata/mod/example.com_empty_v0.0.1.txt	ok
2026-09-27 14:59:32	C:\Users\lehie\AppData\Local\Temp\aiflow-security-modules-bnyayvbf\archives\golang.org_x_exp@v0.0.0-20231006140011-7918f672742d.zip//golang.org/x/exp@v0.0.0-20231006140011-7918f672742d/cmd/gorelease/testdata/mod/example.com_empty_v0.0.2.txt	ok
2026-09-27 14:59:32	C:\Users\lehie\AppData\Local\Temp\aiflow-security-modules-bnyayvbf\archives\golang.org_x_exp@v0.0.0-20231006140011-7918f672742d.zip//golang.org/x/exp@v0.0.0-20231006140011-7918f672742d/cmd/gorelease/testdata/mod/example.com_errors_v0.1.0.txt	ok
2026-09-27 14:59:32	C:\Users\lehie\AppData\Local\Temp\aiflow-security-modules-bnyayvbf\archives\golang.org_x_exp@v0.0.0-20231006140011-7918f672742d.zip//golang.org/x/exp@v0.0.0-20231006140011-7918f672742d/cmd/gorelease/testdata/mod/example.com_errors_v0.2.0.txt	ok
2026-09-27 14:59:32	C:\Users\lehie\AppData\Local\Temp\aiflow-security-modules-bnyayvbf\archives\golang.org_x_exp@v0.0.0-20231006140011-7918f672742d.zip//golang.org/x/exp@v0.0.0-20231006140011-7918f672742d/cmd/gorelease/testdata/mod/example.com_fix_v1.0.0.txt	ok
2026-09-27 14:59:32	C:\Users\lehie\AppData\Local\Temp\aiflow-security-modules-bnyayvbf\archives\golang.org_x_exp@v0.0.0-20231006140011-7918f672742d.zip//golang.org/x/exp@v0.0.0-20231006140011-7918f672742d/cmd/gorelease/testdata/mod/example.com_fix_v1.0.1-patch.txt	ok
2026-09-27 14:59:32	C:\Users\lehie\AppData\Local\Temp\aiflow-security-modules-bnyayvbf\archives\golang.org_x_exp@v0.0.0-20231006140011-7918f672742d.zip//golang.org/x/exp@v0.0.0-20231006140011-7918f672742d/cmd/gorelease/testdata/mod/example.com_fix_v1.1.0-compatible-other.txt	ok
2026-09-27 14:59:32	C:\Users\lehie\AppData\Local\Temp\aiflow-security-modules-bnyayvbf\archives\golang.org_x_exp@v0.0.0-20231006140011-7918f672742d.zip//golang.org/x/exp@v0.0.0-20231006140011-7918f672742d/cmd/gorelease/testdata/mod/example.com_fix_v1.1.0-compatible-same.txt	ok
2026-09-27 14:59:32	C:\Users\lehie\AppData\Local\Temp\aiflow-security-modules-bnyayvbf\archives\golang.org_x_image@v0.45.0.zip//golang.org/x/image@v0.45.0/font/gofont/goitalic/data.go	ok
2026-09-27 14:59:32	C:\Users\lehie\AppData\Local\Temp\aiflow-security-modules-bnyayvbf\archives\golang.org_x_exp@v0.0.0-20231006140011-7918f672742d.zip//golang.org/x/exp@v0.0.0-20231006140011-7918f672742d/cmd/gorelease/testdata/mod/example.com_fix_v1.1.0-incompatible-other.txt	ok
2026-09-27 14:59:32	C:\Users\lehie\AppData\Local\Temp\aiflow-security-modules-bnyayvbf\archives\golang.org_x_exp@v0.0.0-20231006140011-7918f672742d.zip//golang.org/x/exp@v0.0.0-20231006140011-7918f672742d/cmd/gorelease/testdata/mod/example.com_fix_v1.1.0-incompatible-same.txt	ok
2026-09-27 14:59:32	C:\Users\lehie\AppData\Local\Temp\aiflow-security-modules-bnyayvbf\archives\golang.org_x_exp@v0.0.0-20231006140011-7918f672742d.zip//golang.org/x/exp@v0.0.0-20231006140011-7918f672742d/cmd/gorelease/testdata/mod/example.com_generics_v0.0.1.txt	ok
2026-09-27 14:59:32	C:\Users\lehie\AppData\Local\Temp\aiflow-security-modules-bnyayvbf\archives\golang.org_x_exp@v0.0.0-20231006140011-7918f672742d.zip//golang.org/x/exp@v0.0.0-20231006140011-7918f672742d/cmd/gorelease/testdata/mod/example.com_internalcompat_a_v1.0.0.txt	ok
2026-09-27 14:59:32	C:\Users\lehie\AppData\Local\Temp\aiflow-security-modules-bnyayvbf\archives\golang.org_x_exp@v0.0.0-20231006140011-7918f672742d.zip//golang.org/x/exp@v0.0.0-20231006140011-7918f672742d/cmd/gorelease/testdata/mod/example.com_internalcompat_b_v1.0.0.txt	ok
2026-09-27 14:59:32	C:\Users\lehie\AppData\Local\Temp\aiflow-security-modules-bnyayvbf\archives\golang.org_x_exp@v0.0.0-20231006140011-7918f672742d.zip//golang.org/x/exp@v0.0.0-20231006140011-7918f672742d/cmd/gorelease/testdata/mod/example.com_issue37756_v1.0.0.txt	ok
2026-09-27 14:59:32	C:\Users\lehie\AppData\Local\Temp\aiflow-security-modules-bnyayvbf\archives\golang.org_x_exp@v0.0.0-20231006140011-7918f672742d.zip//golang.org/x/exp@v0.0.0-20231006140011-7918f672742d/cmd/gorelease/testdata/mod/example.com_issue37756_v1.1.0.txt	ok
2026-09-27 14:59:32	C:\Users\lehie\AppData\Local\Temp\aiflow-security-modules-bnyayvbf\archives\golang.org_x_exp@v0.0.0-20231006140011-7918f672742d.zip//golang.org/x/exp@v0.0.0-20231006140011-7918f672742d/cmd/gorelease/testdata/mod/example.com_main_v0.0.1.txt	ok
2026-09-27 14:59:32	C:\Users\lehie\AppData\Local\Temp\aiflow-security-modules-bnyayvbf\archives\golang.org_x_exp@v0.0.0-20231006140011-7918f672742d.zip//golang.org/x/exp@v0.0.0-20231006140011-7918f672742d/cmd/gorelease/testdata/mod/example.com_nomod_v0.0.1.txt	ok
2026-09-27 14:59:32	C:\Users\lehie\AppData\Local\Temp\aiflow-security-modules-bnyayvbf\archives\golang.org_x_image@v0.45.0.zip//golang.org/x/image@v0.45.0/font/gofont/gomedium/data.go	ok
2026-09-27 14:59:32	C:\Users\lehie\AppData\Local\Temp\aiflow-security-modules-bnyayvbf\archives\golang.org_x_exp@v0.0.0-20231006140011-7918f672742d.zip//golang.org/x/exp@v0.0.0-20231006140011-7918f672742d/cmd/gorelease/testdata/mod/example.com_nomod_v0.0.2.txt	ok
2026-09-27 14:59:32	C:\Users\lehie\AppData\Local\Temp\aiflow-security-modules-bnyayvbf\archives\golang.org_x_exp@v0.0.0-20231006140011-7918f672742d.zip//golang.org/x/exp@v0.0.0-20231006140011-7918f672742d/cmd/gorelease/testdata/mod/example.com_prerelease_v0.0.0-20300101000000-000000000000.txt	ok
2026-09-27 14:59:32	C:\Users\lehie\AppData\Local\Temp\aiflow-security-modules-bnyayvbf\archives\golang.org_x_exp@v0.0.0-20231006140011-7918f672742d.zip//golang.org/x/exp@v0.0.0-20231006140011-7918f672742d/cmd/gorelease/testdata/mod/example.com_private_v1.0.0.txt	ok
2026-09-27 14:59:32	C:\Users\lehie\AppData\Local\Temp\aiflow-security-modules-bnyayvbf\archives\golang.org_x_exp@v0.0.0-20231006140011-7918f672742d.zip//golang.org/x/exp@v0.0.0-20231006140011-7918f672742d/cmd/gorelease/testdata/mod/example.com_private_v1.0.1.txt	ok
2026-09-27 14:59:32	C:\Users\lehie\AppData\Local\Temp\aiflow-security-modules-bnyayvbf\archives\golang.org_x_exp@v0.0.0-20231006140011-7918f672742d.zip//golang.org/x/exp@v0.0.0-20231006140011-7918f672742d/cmd/gorelease/testdata/mod/example.com_private_v1.0.2-break.txt	ok
2026-09-27 14:59:32	C:\Users\lehie\AppData\Local\Temp\aiflow-security-modules-bnyayvbf\archives\golang.org_x_exp@v0.0.0-20231006140011-7918f672742d.zip//golang.org/x/exp@v0.0.0-20231006140011-7918f672742d/cmd/gorelease/testdata/mod/example.com_require_v0.0.1.txt	ok
2026-09-27 14:59:32	C:\Users\lehie\AppData\Local\Temp\aiflow-security-modules-bnyayvbf\archives\golang.org_x_exp@v0.0.0-20231006140011-7918f672742d.zip//golang.org/x/exp@v0.0.0-20231006140011-7918f672742d/cmd/gorelease/testdata/mod/example.com_require_v0.1.0.txt	ok
2026-09-27 14:59:32	C:\Users\lehie\AppData\Local\Temp\aiflow-security-modules-bnyayvbf\archives\golang.org_x_exp@v0.0.0-20231006140011-7918f672742d.zip//golang.org/x/exp@v0.0.0-20231006140011-7918f672742d/cmd/gorelease/testdata/mod/example.com_require_v0.1.1.txt	ok
2026-09-27 14:59:32	C:\Users\lehie\AppData\Local\Temp\aiflow-security-modules-bnyayvbf\archives\golang.org_x_exp@v0.0.0-20231006140011-7918f672742d.zip//golang.org/x/exp@v0.0.0-20231006140011-7918f672742d/cmd/gorelease/testdata/mod/example.com_retract_v0.0.1.txt	ok
2026-09-27 14:59:32	C:\Users\lehie\AppData\Local\Temp\aiflow-security-modules-bnyayvbf\archives\golang.org_x_exp@v0.0.0-20231006140011-7918f672742d.zip//golang.org/x/exp@v0.0.0-20231006140011-7918f672742d/cmd/gorelease/testdata/mod/example.com_retractdep_v1.0.0.txt	ok
2026-09-27 14:59:32	C:\Users\lehie\AppData\Local\Temp\aiflow-security-modules-bnyayvbf\archives\golang.org_x_image@v0.45.0.zip//golang.org/x/image@v0.45.0/font/gofont/gomediumitalic/data.go	ok
2026-09-27 14:59:32	C:\Users\lehie\AppData\Local\Temp\aiflow-security-modules-bnyayvbf\archives\golang.org_x_exp@v0.0.0-20231006140011-7918f672742d.zip//golang.org/x/exp@v0.0.0-20231006140011-7918f672742d/cmd/gorelease/testdata/mod/example.com_retractdep_v1.0.1.txt	ok
2026-09-27 14:59:32	C:\Users\lehie\AppData\Local\Temp\aiflow-security-modules-bnyayvbf\archives\golang.org_x_exp@v0.0.0-20231006140011-7918f672742d.zip//golang.org/x/exp@v0.0.0-20231006140011-7918f672742d/cmd/gorelease/testdata/mod/example.com_retractdep_v2_v2.0.0.txt	ok
2026-09-27 14:59:32	C:\Users\lehie\AppData\Local\Temp\aiflow-security-modules-bnyayvbf\archives\golang.org_x_exp@v0.0.0-20231006140011-7918f672742d.zip//golang.org/x/exp@v0.0.0-20231006140011-7918f672742d/cmd/gorelease/testdata/mod/example.com_retractdep_v2_v2.0.1.txt	ok
2026-09-27 14:59:32	C:\Users\lehie\AppData\Local\Temp\aiflow-security-modules-bnyayvbf\archives\golang.org_x_exp@v0.0.0-20231006140011-7918f672742d.zip//golang.org/x/exp@v0.0.0-20231006140011-7918f672742d/cmd/gorelease/testdata/mod/example.com_retractdep_v3_v3.0.0.txt	ok
2026-09-27 14:59:32	C:\Users\lehie\AppData\Local\Temp\aiflow-security-modules-bnyayvbf\archives\golang.org_x_exp@v0.0.0-20231006140011-7918f672742d.zip//golang.org/x/exp@v0.0.0-20231006140011-7918f672742d/cmd/gorelease/testdata/mod/example.com_retractdep_v3_v3.0.1.txt	ok
2026-09-27 14:59:32	C:\Users\lehie\AppData\Local\Temp\aiflow-security-modules-bnyayvbf\archives\golang.org_x_exp@v0.0.0-20231006140011-7918f672742d.zip//golang.org/x/exp@v0.0.0-20231006140011-7918f672742d/cmd/gorelease/testdata/mod/example.com_retracttransitive_v0.0.1.txt	ok
2026-09-27 14:59:32	C:\Users\lehie\AppData\Local\Temp\aiflow-security-modules-bnyayvbf\archives\golang.org_x_exp@v0.0.0-20231006140011-7918f672742d.zip//golang.org/x/exp@v0.0.0-20231006140011-7918f672742d/cmd/gorelease/testdata/mod/example.com_sub_nest_v1.0.0.txt	ok
2026-09-27 14:59:32	C:\Users\lehie\AppData\Local\Temp\aiflow-security-modules-bnyayvbf\archives\golang.org_x_exp@v0.0.0-20231006140011-7918f672742d.zip//golang.org/x/exp@v0.0.0-20231006140011-7918f672742d/cmd/gorelease/testdata/mod/example.com_sub_nest_v2_v2.0.0.txt	ok
2026-09-27 14:59:32	C:\Users\lehie\AppData\Local\Temp\aiflow-security-modules-bnyayvbf\archives\golang.org_x_exp@v0.0.0-20231006140011-7918f672742d.zip//golang.org/x/exp@v0.0.0-20231006140011-7918f672742d/cmd/gorelease/testdata/mod/example.com_sub_v2_v2.0.0.txt	ok
2026-09-27 14:59:32	C:\Users\lehie\AppData\Local\Temp\aiflow-security-modules-bnyayvbf\archives\golang.org_x_image@v0.45.0.zip//golang.org/x/image@v0.45.0/font/gofont/gomono/data.go	ok
2026-09-27 14:59:32	C:\Users\lehie\AppData\Local\Temp\aiflow-security-modules-bnyayvbf\archives\golang.org_x_exp@v0.0.0-20231006140011-7918f672742d.zip//golang.org/x/exp@v0.0.0-20231006140011-7918f672742d/cmd/gorelease/testdata/mod/example.com_tidy_a_v0.1.0.txt	ok
2026-09-27 14:59:32	C:\Users\lehie\AppData\Local\Temp\aiflow-security-modules-bnyayvbf\archives\golang.org_x_exp@v0.0.0-20231006140011-7918f672742d.zip//golang.org/x/exp@v0.0.0-20231006140011-7918f672742d/cmd/gorelease/testdata/mod/example.com_tidy_b_v0.1.0.txt	ok
2026-09-27 14:59:32	C:\Users\lehie\AppData\Local\Temp\aiflow-security-modules-bnyayvbf\archives\golang.org_x_exp@v0.0.0-20231006140011-7918f672742d.zip//golang.org/x/exp@v0.0.0-20231006140011-7918f672742d/cmd/gorelease/testdata/mod/example.com_tidy_b_v0.2.0.txt	ok
2026-09-27 14:59:32	C:\Users\lehie\AppData\Local\Temp\aiflow-security-modules-bnyayvbf\archives\golang.org_x_exp@v0.0.0-20231006140011-7918f672742d.zip//golang.org/x/exp@v0.0.0-20231006140011-7918f672742d/cmd/gorelease/testdata/mod/example.com_tidy_v0.0.1.txt	ok
2026-09-27 14:59:32	C:\Users\lehie\AppData\Local\Temp\aiflow-security-modules-bnyayvbf\archives\golang.org_x_exp@v0.0.0-20231006140011-7918f672742d.zip//golang.org/x/exp@v0.0.0-20231006140011-7918f672742d/cmd/gorelease/testdata/nomod/README.txt	ok
2026-09-27 14:59:32	C:\Users\lehie\AppData\Local\Temp\aiflow-security-modules-bnyayvbf\archives\golang.org_x_exp@v0.0.0-20231006140011-7918f672742d.zip//golang.org/x/exp@v0.0.0-20231006140011-7918f672742d/cmd/gorelease/testdata/nomod/nomod.test	ok
2026-09-27 14:59:32	C:\Users\lehie\AppData\Local\Temp\aiflow-security-modules-bnyayvbf\archives\golang.org_x_exp@v0.0.0-20231006140011-7918f672742d.zip//golang.org/x/exp@v0.0.0-20231006140011-7918f672742d/cmd/gorelease/testdata/patherrors/README.txt	ok
2026-09-27 14:59:32	C:\Users\lehie\AppData\Local\Temp\aiflow-security-modules-bnyayvbf\archives\golang.org_x_exp@v0.0.0-20231006140011-7918f672742d.zip//golang.org/x/exp@v0.0.0-20231006140011-7918f672742d/cmd/gorelease/testdata/patherrors/abspath.test	ok
2026-09-27 14:59:32	C:\Users\lehie\AppData\Local\Temp\aiflow-security-modules-bnyayvbf\archives\golang.org_x_exp@v0.0.0-20231006140011-7918f672742d.zip//golang.org/x/exp@v0.0.0-20231006140011-7918f672742d/cmd/gorelease/testdata/patherrors/badmajor.test	ok
2026-09-27 14:59:32	C:\Users\lehie\AppData\Local\Temp\aiflow-security-modules-bnyayvbf\archives\golang.org_x_image@v0.45.0.zip//golang.org/x/image@v0.45.0/font/gofont/gomonobold/data.go	ok
2026-09-27 14:59:32	C:\Users\lehie\AppData\Local\Temp\aiflow-security-modules-bnyayvbf\archives\golang.org_x_exp@v0.0.0-20231006140011-7918f672742d.zip//golang.org/x/exp@v0.0.0-20231006140011-7918f672742d/cmd/gorelease/testdata/patherrors/dup_roots_branch.test	ok
2026-09-27 14:59:32	C:\Users\lehie\AppData\Local\Temp\aiflow-security-modules-bnyayvbf\archives\golang.org_x_exp@v0.0.0-20231006140011-7918f672742d.zip//golang.org/x/exp@v0.0.0-20231006140011-7918f672742d/cmd/gorelease/testdata/patherrors/dup_roots_dir.test	ok
2026-09-27 14:59:32	C:\Users\lehie\AppData\Local\Temp\aiflow-security-modules-bnyayvbf\archives\golang.org_x_exp@v0.0.0-20231006140011-7918f672742d.zip//golang.org/x/exp@v0.0.0-20231006140011-7918f672742d/cmd/gorelease/testdata/patherrors/dup_roots_ok.test	ok
2026-09-27 14:59:32	C:\Users\lehie\AppData\Local\Temp\aiflow-security-modules-bnyayvbf\archives\golang.org_x_exp@v0.0.0-20231006140011-7918f672742d.zip//golang.org/x/exp@v0.0.0-20231006140011-7918f672742d/cmd/gorelease/testdata/patherrors/gopkginsub.test	ok
2026-09-27 14:59:32	C:\Users\lehie\AppData\Local\Temp\aiflow-security-modules-bnyayvbf\archives\golang.org_x_exp@v0.0.0-20231006140011-7918f672742d.zip//golang.org/x/exp@v0.0.0-20231006140011-7918f672742d/cmd/gorelease/testdata/patherrors/pathsub.test	ok
2026-09-27 14:59:32	C:\Users\lehie\AppData\Local\Temp\aiflow-security-modules-bnyayvbf\archives\golang.org_x_exp@v0.0.0-20231006140011-7918f672742d.zip//golang.org/x/exp@v0.0.0-20231006140011-7918f672742d/cmd/gorelease/testdata/patherrors/pathsubv2.test	ok
2026-09-27 14:59:32	C:\Users\lehie\AppData\Local\Temp\aiflow-security-modules-bnyayvbf\archives\golang.org_x_exp@v0.0.0-20231006140011-7918f672742d.zip//golang.org/x/exp@v0.0.0-20231006140011-7918f672742d/cmd/gorelease/testdata/prerelease/README.txt	ok
2026-09-27 14:59:32	C:\Users\lehie\AppData\Local\Temp\aiflow-security-modules-bnyayvbf\archives\golang.org_x_exp@v0.0.0-20231006140011-7918f672742d.zip//golang.org/x/exp@v0.0.0-20231006140011-7918f672742d/cmd/gorelease/testdata/prerelease/prerelease_2.test	ok
2026-09-27 14:59:32	C:\Users\lehie\AppData\Local\Temp\aiflow-security-modules-bnyayvbf\archives\golang.org_x_exp@v0.0.0-20231006140011-7918f672742d.zip//golang.org/x/exp@v0.0.0-20231006140011-7918f672742d/cmd/gorelease/testdata/prerelease/prerelease_3.test	ok
2026-09-27 14:59:32	C:\Users\lehie\AppData\Local\Temp\aiflow-security-modules-bnyayvbf\archives\golang.org_x_image@v0.45.0.zip//golang.org/x/image@v0.45.0/font/gofont/gomonobolditalic/data.go	ok
2026-09-27 14:59:32	C:\Users\lehie\AppData\Local\Temp\aiflow-security-modules-bnyayvbf\archives\golang.org_x_exp@v0.0.0-20231006140011-7918f672742d.zip//golang.org/x/exp@v0.0.0-20231006140011-7918f672742d/cmd/gorelease/testdata/prerelease/prerelease_beta2.test	ok
2026-09-27 14:59:32	C:\Users\lehie\AppData\Local\Temp\aiflow-security-modules-bnyayvbf\archives\golang.org_x_exp@v0.0.0-20231006140011-7918f672742d.zip//golang.org/x/exp@v0.0.0-20231006140011-7918f672742d/cmd/gorelease/testdata/prerelease/prerelease_build_metadata.test	ok
2026-09-27 14:59:32	C:\Users\lehie\AppData\Local\Temp\aiflow-security-modules-bnyayvbf\archives\golang.org_x_exp@v0.0.0-20231006140011-7918f672742d.zip//golang.org/x/exp@v0.0.0-20231006140011-7918f672742d/cmd/gorelease/testdata/prerelease/prerelease_wordsonly.test	ok
2026-09-27 14:59:32	C:\Users\lehie\AppData\Local\Temp\aiflow-security-modules-bnyayvbf\archives\golang.org_x_exp@v0.0.0-20231006140011-7918f672742d.zip//golang.org/x/exp@v0.0.0-20231006140011-7918f672742d/cmd/gorelease/testdata/private/README.txt	ok
2026-09-27 14:59:32	C:\Users\lehie\AppData\Local\Temp\aiflow-security-modules-bnyayvbf\archives\golang.org_x_exp@v0.0.0-20231006140011-7918f672742d.zip//golang.org/x/exp@v0.0.0-20231006140011-7918f672742d/cmd/gorelease/testdata/private/break.test	ok
2026-09-27 14:59:32	C:\Users\lehie\AppData\Local\Temp\aiflow-security-modules-bnyayvbf\archives\golang.org_x_exp@v0.0.0-20231006140011-7918f672742d.zip//golang.org/x/exp@v0.0.0-20231006140011-7918f672742d/cmd/gorelease/testdata/private/unreported.test	ok
2026-09-27 14:59:32	C:\Users\lehie\AppData\Local\Temp\aiflow-security-modules-bnyayvbf\archives\golang.org_x_exp@v0.0.0-20231006140011-7918f672742d.zip//golang.org/x/exp@v0.0.0-20231006140011-7918f672742d/cmd/gorelease/testdata/regress/README.txt	ok
2026-09-27 14:59:32	C:\Users\lehie\AppData\Local\Temp\aiflow-security-modules-bnyayvbf\archives\golang.org_x_exp@v0.0.0-20231006140011-7918f672742d.zip//golang.org/x/exp@v0.0.0-20231006140011-7918f672742d/cmd/gorelease/testdata/regress/issue37756.test	ok
2026-09-27 14:59:32	C:\Users\lehie\AppData\Local\Temp\aiflow-security-modules-bnyayvbf\archives\golang.org_x_exp@v0.0.0-20231006140011-7918f672742d.zip//golang.org/x/exp@v0.0.0-20231006140011-7918f672742d/cmd/gorelease/testdata/require/README.txt	ok
2026-09-27 14:59:32	C:\Users\lehie\AppData\Local\Temp\aiflow-security-modules-bnyayvbf\archives\golang.org_x_image@v0.45.0.zip//golang.org/x/image@v0.45.0/font/gofont/gomonoitalic/data.go	ok
2026-09-27 14:59:32	C:\Users\lehie\AppData\Local\Temp\aiflow-security-modules-bnyayvbf\archives\golang.org_x_exp@v0.0.0-20231006140011-7918f672742d.zip//golang.org/x/exp@v0.0.0-20231006140011-7918f672742d/cmd/gorelease/testdata/require/add_requirement.test	ok
2026-09-27 14:59:32	C:\Users\lehie\AppData\Local\Temp\aiflow-security-modules-bnyayvbf\archives\golang.org_x_exp@v0.0.0-20231006140011-7918f672742d.zip//golang.org/x/exp@v0.0.0-20231006140011-7918f672742d/cmd/gorelease/testdata/require/decrement_go_version.test	ok
2026-09-27 14:59:32	C:\Users\lehie\AppData\Local\Temp\aiflow-security-modules-bnyayvbf\archives\golang.org_x_exp@v0.0.0-20231006140011-7918f672742d.zip//golang.org/x/exp@v0.0.0-20231006140011-7918f672742d/cmd/gorelease/testdata/require/decrement_requirement_minor.test	ok
2026-09-27 14:59:32	C:\Users\lehie\AppData\Local\Temp\aiflow-security-modules-bnyayvbf\archives\golang.org_x_exp@v0.0.0-20231006140011-7918f672742d.zip//golang.org/x/exp@v0.0.0-20231006140011-7918f672742d/cmd/gorelease/testdata/require/increment_go_version.test	ok
2026-09-27 14:59:32	C:\Users\lehie\AppData\Local\Temp\aiflow-security-modules-bnyayvbf\archives\golang.org_x_exp@v0.0.0-20231006140011-7918f672742d.zip//golang.org/x/exp@v0.0.0-20231006140011-7918f672742d/cmd/gorelease/testdata/require/increment_requirement_minor.test	ok
2026-09-27 14:59:32	C:\Users\lehie\AppData\Local\Temp\aiflow-security-modules-bnyayvbf\archives\golang.org_x_exp@v0.0.0-20231006140011-7918f672742d.zip//golang.org/x/exp@v0.0.0-20231006140011-7918f672742d/cmd/gorelease/testdata/require/increment_requirement_patch.test	ok
2026-09-27 14:59:32	C:\Users\lehie\AppData\Local\Temp\aiflow-security-modules-bnyayvbf\archives\golang.org_x_exp@v0.0.0-20231006140011-7918f672742d.zip//golang.org/x/exp@v0.0.0-20231006140011-7918f672742d/cmd/gorelease/testdata/require/remove_requirements.test	ok
2026-09-27 14:59:32	C:\Users\lehie\AppData\Local\Temp\aiflow-security-modules-bnyayvbf\archives\golang.org_x_exp@v0.0.0-20231006140011-7918f672742d.zip//golang.org/x/exp@v0.0.0-20231006140011-7918f672742d/cmd/gorelease/testdata/retract/retract_verify_direct_dep.test	ok
2026-09-27 14:59:32	C:\Users\lehie\AppData\Local\Temp\aiflow-security-modules-bnyayvbf\archives\golang.org_x_exp@v0.0.0-20231006140011-7918f672742d.zip//golang.org/x/exp@v0.0.0-20231006140011-7918f672742d/cmd/gorelease/testdata/retract/retract_verify_long_msg.test	ok
2026-09-27 14:59:32	C:\Users\lehie\AppData\Local\Temp\aiflow-security-modules-bnyayvbf\archives\golang.org_x_image@v0.45.0.zip//golang.org/x/image@v0.45.0/font/gofont/goregular/data.go	ok
2026-09-27 14:59:32	C:\Users\lehie\AppData\Local\Temp\aiflow-security-modules-bnyayvbf\archives\golang.org_x_exp@v0.0.0-20231006140011-7918f672742d.zip//golang.org/x/exp@v0.0.0-20231006140011-7918f672742d/cmd/gorelease/testdata/retract/retract_verify_no_msg.test	ok
2026-09-27 14:59:32	C:\Users\lehie\AppData\Local\Temp\aiflow-security-modules-bnyayvbf\archives\golang.org_x_exp@v0.0.0-20231006140011-7918f672742d.zip//golang.org/x/exp@v0.0.0-20231006140011-7918f672742d/cmd/gorelease/testdata/retract/retract_verify_transitive_dep.test	ok
2026-09-27 14:59:32	C:\Users\lehie\AppData\Local\Temp\aiflow-security-modules-bnyayvbf\archives\golang.org_x_exp@v0.0.0-20231006140011-7918f672742d.zip//golang.org/x/exp@v0.0.0-20231006140011-7918f672742d/cmd/gorelease/testdata/sub/README.txt	ok
2026-09-27 14:59:32	C:\Users\lehie\AppData\Local\Temp\aiflow-security-modules-bnyayvbf\archives\golang.org_x_exp@v0.0.0-20231006140011-7918f672742d.zip//golang.org/x/exp@v0.0.0-20231006140011-7918f672742d/cmd/gorelease/testdata/sub/nest.test	ok
2026-09-27 14:59:32	C:\Users\lehie\AppData\Local\Temp\aiflow-security-modules-bnyayvbf\archives\golang.org_x_exp@v0.0.0-20231006140011-7918f672742d.zip//golang.org/x/exp@v0.0.0-20231006140011-7918f672742d/cmd/gorelease/testdata/sub/nest_v2.test	ok
2026-09-27 14:59:32	C:\Users\lehie\AppData\Local\Temp\aiflow-security-modules-bnyayvbf\archives\golang.org_x_exp@v0.0.0-20231006140011-7918f672742d.zip//golang.org/x/exp@v0.0.0-20231006140011-7918f672742d/cmd/gorelease/testdata/sub/nest_v2_dir.test	ok
2026-09-27 14:59:32	C:\Users\lehie\AppData\Local\Temp\aiflow-security-modules-bnyayvbf\archives\golang.org_x_exp@v0.0.0-20231006140011-7918f672742d.zip//golang.org/x/exp@v0.0.0-20231006140011-7918f672742d/cmd/gorelease/testdata/sub/v2_dir.test	ok
2026-09-27 14:59:32	C:\Users\lehie\AppData\Local\Temp\aiflow-security-modules-bnyayvbf\archives\golang.org_x_exp@v0.0.0-20231006140011-7918f672742d.zip//golang.org/x/exp@v0.0.0-20231006140011-7918f672742d/cmd/gorelease/testdata/sub/v2_root.test	ok
2026-09-27 14:59:32	C:\Users\lehie\AppData\Local\Temp\aiflow-security-modules-bnyayvbf\archives\golang.org_x_image@v0.45.0.zip//golang.org/x/image@v0.45.0/font/gofont/gosmallcaps/data.go	ok
2026-09-27 14:59:32	C:\Users\lehie\AppData\Local\Temp\aiflow-security-modules-bnyayvbf\archives\golang.org_x_exp@v0.0.0-20231006140011-7918f672742d.zip//golang.org/x/exp@v0.0.0-20231006140011-7918f672742d/cmd/gorelease/testdata/tidy/README.txt	ok
2026-09-27 14:59:32	C:\Users\lehie\AppData\Local\Temp\aiflow-security-modules-bnyayvbf\archives\golang.org_x_exp@v0.0.0-20231006140011-7918f672742d.zip//golang.org/x/exp@v0.0.0-20231006140011-7918f672742d/cmd/gorelease/testdata/tidy/empty_sum.test	ok
2026-09-27 14:59:32	C:\Users\lehie\AppData\Local\Temp\aiflow-security-modules-bnyayvbf\archives\golang.org_x_exp@v0.0.0-20231006140011-7918f672742d.zip//golang.org/x/exp@v0.0.0-20231006140011-7918f672742d/cmd/gorelease/testdata/tidy/misleading_req.test	ok
2026-09-27 14:59:32	C:\Users\lehie\AppData\Local\Temp\aiflow-security-modules-bnyayvbf\archives\golang.org_x_exp@v0.0.0-20231006140011-7918f672742d.zip//golang.org/x/exp@v0.0.0-20231006140011-7918f672742d/cmd/gorelease/testdata/tidy/missing_go.test	ok
2026-09-27 14:59:32	C:\Users\lehie\AppData\Local\Temp\aiflow-security-modules-bnyayvbf\archives\golang.org_x_exp@v0.0.0-20231006140011-7918f672742d.zip//golang.org/x/exp@v0.0.0-20231006140011-7918f672742d/cmd/gorelease/testdata/tidy/missing_req_basic.test	ok
2026-09-27 14:59:32	C:\Users\lehie\AppData\Local\Temp\aiflow-security-modules-bnyayvbf\archives\golang.org_x_exp@v0.0.0-20231006140011-7918f672742d.zip//golang.org/x/exp@v0.0.0-20231006140011-7918f672742d/cmd/gorelease/testdata/tidy/missing_req_nested.test	ok
2026-09-27 14:59:32	C:\Users\lehie\AppData\Local\Temp\aiflow-security-modules-bnyayvbf\archives\golang.org_x_exp@v0.0.0-20231006140011-7918f672742d.zip//golang.org/x/exp@v0.0.0-20231006140011-7918f672742d/cmd/gorelease/testdata/tidy/missing_req_submodule.test	ok
2026-09-27 14:59:32	C:\Users\lehie\AppData\Local\Temp\aiflow-security-modules-bnyayvbf\archives\golang.org_x_exp@v0.0.0-20231006140011-7918f672742d.zip//golang.org/x/exp@v0.0.0-20231006140011-7918f672742d/cmd/gorelease/testdata/tidy/missing_req_twice_nested.test	ok
2026-09-27 14:59:32	C:\Users\lehie\AppData\Local\Temp\aiflow-security-modules-bnyayvbf\archives\golang.org_x_exp@v0.0.0-20231006140011-7918f672742d.zip//golang.org/x/exp@v0.0.0-20231006140011-7918f672742d/cmd/gorelease/testdata/tidy/no_sum.test	ok
2026-09-27 14:59:32	C:\Users\lehie\AppData\Local\Temp\aiflow-security-modules-bnyayvbf\archives\golang.org_x_image@v0.45.0.zip//golang.org/x/image@v0.45.0/font/gofont/gosmallcapsitalic/data.go	ok
2026-09-27 14:59:32	C:\Users\lehie\AppData\Local\Temp\aiflow-security-modules-bnyayvbf\archives\golang.org_x_exp@v0.0.0-20231006140011-7918f672742d.zip//golang.org/x/exp@v0.0.0-20231006140011-7918f672742d/cmd/macos-roots-test/main.go	ok
2026-09-27 14:59:32	C:\Users\lehie\AppData\Local\Temp\aiflow-security-modules-bnyayvbf\archives\golang.org_x_image@v0.45.0.zip//golang.org/x/image@v0.45.0/font/gofont/ttfs/Go-Bold-Italic.ttf	ok
2026-09-27 14:59:33	C:\Users\lehie\AppData\Local\Temp\aiflow-security-modules-bnyayvbf\archives\golang.org_x_image@v0.45.0.zip//golang.org/x/image@v0.45.0/font/gofont/ttfs/Go-Bold.ttf	ok
2026-09-27 14:59:33	C:\Users\lehie\AppData\Local\Temp\aiflow-security-modules-bnyayvbf\archives\golang.org_x_exp@v0.0.0-20231006140011-7918f672742d.zip//golang.org/x/exp@v0.0.0-20231006140011-7918f672742d/cmd/macos-roots-test/root_cgo_darwin.go	ok
2026-09-27 14:59:33	C:\Users\lehie\AppData\Local\Temp\aiflow-security-modules-bnyayvbf\archives\golang.org_x_image@v0.45.0.zip//golang.org/x/image@v0.45.0/font/gofont/ttfs/Go-Italic.ttf	ok
2026-09-27 14:59:33	C:\Users\lehie\AppData\Local\Temp\aiflow-security-modules-bnyayvbf\archives\golang.org_x_exp@v0.0.0-20231006140011-7918f672742d.zip//golang.org/x/exp@v0.0.0-20231006140011-7918f672742d/cmd/macos-roots-test/root_darwin.go	ok
2026-09-27 14:59:33	C:\Users\lehie\AppData\Local\Temp\aiflow-security-modules-bnyayvbf\archives\golang.org_x_exp@v0.0.0-20231006140011-7918f672742d.zip//golang.org/x/exp@v0.0.0-20231006140011-7918f672742d/cmd/macos-roots-test/root_nocgo_darwin.go	ok
2026-09-27 14:59:33	C:\Users\lehie\AppData\Local\Temp\aiflow-security-modules-bnyayvbf\archives\golang.org_x_image@v0.45.0.zip//golang.org/x/image@v0.45.0/font/gofont/ttfs/Go-Medium-Italic.ttf	ok
2026-09-27 14:59:33	C:\Users\lehie\AppData\Local\Temp\aiflow-security-modules-bnyayvbf\archives\golang.org_x_image@v0.45.0.zip//golang.org/x/image@v0.45.0/font/gofont/ttfs/Go-Medium.ttf	ok
2026-09-27 14:59:33	C:\Users\lehie\AppData\Local\Temp\aiflow-security-modules-bnyayvbf\archives\golang.org_x_exp@v0.0.0-20231006140011-7918f672742d.zip//golang.org/x/exp@v0.0.0-20231006140011-7918f672742d/cmd/modgraphviz/main.go	ok
2026-09-27 14:59:33	C:\Users\lehie\AppData\Local\Temp\aiflow-security-modules-bnyayvbf\archives\golang.org_x_image@v0.45.0.zip//golang.org/x/image@v0.45.0/font/gofont/ttfs/Go-Mono-Bold-Italic.ttf	ok
2026-09-27 14:59:33	C:\Users\lehie\AppData\Local\Temp\aiflow-security-modules-bnyayvbf\archives\golang.org_x_exp@v0.0.0-20231006140011-7918f672742d.zip//golang.org/x/exp@v0.0.0-20231006140011-7918f672742d/cmd/modgraphviz/main_test.go	ok
2026-09-27 14:59:33	C:\Users\lehie\AppData\Local\Temp\aiflow-security-modules-bnyayvbf\archives\golang.org_x_image@v0.45.0.zip//golang.org/x/image@v0.45.0/font/gofont/ttfs/Go-Mono-Bold.ttf	ok
2026-09-27 14:59:33	C:\Users\lehie\AppData\Local\Temp\aiflow-security-modules-bnyayvbf\archives\golang.org_x_exp@v0.0.0-20231006140011-7918f672742d.zip//golang.org/x/exp@v0.0.0-20231006140011-7918f672742d/cmd/txtar/txtar.go	ok
2026-09-27 14:59:33	C:\Users\lehie\AppData\Local\Temp\aiflow-security-modules-bnyayvbf\archives\golang.org_x_image@v0.45.0.zip//golang.org/x/image@v0.45.0/font/gofont/ttfs/Go-Mono-Italic.ttf	ok
2026-09-27 14:59:33	C:\Users\lehie\AppData\Local\Temp\aiflow-security-modules-bnyayvbf\archives\golang.org_x_exp@v0.0.0-20231006140011-7918f672742d.zip//golang.org/x/exp@v0.0.0-20231006140011-7918f672742d/cmd/txtar/txtar_test.go	ok
2026-09-27 14:59:33	C:\Users\lehie\AppData\Local\Temp\aiflow-security-modules-bnyayvbf\archives\golang.org_x_image@v0.45.0.zip//golang.org/x/image@v0.45.0/font/gofont/ttfs/Go-Mono.ttf	ok
2026-09-27 14:59:33	C:\Users\lehie\AppData\Local\Temp\aiflow-security-modules-bnyayvbf\archives\golang.org_x_exp@v0.0.0-20231006140011-7918f672742d.zip//golang.org/x/exp@v0.0.0-20231006140011-7918f672742d/codereview.cfg	ok
2026-09-27 14:59:33	C:\Users\lehie\AppData\Local\Temp\aiflow-security-modules-bnyayvbf\archives\golang.org_x_image@v0.45.0.zip//golang.org/x/image@v0.45.0/font/gofont/ttfs/Go-Regular.ttf	ok
2026-09-27 14:59:33	C:\Users\lehie\AppData\Local\Temp\aiflow-security-modules-bnyayvbf\archives\golang.org_x_exp@v0.0.0-20231006140011-7918f672742d.zip//golang.org/x/exp@v0.0.0-20231006140011-7918f672742d/constraints/constraints.go	ok
2026-09-27 14:59:33	C:\Users\lehie\AppData\Local\Temp\aiflow-security-modules-bnyayvbf\archives\golang.org_x_image@v0.45.0.zip//golang.org/x/image@v0.45.0/font/gofont/ttfs/Go-Smallcaps-Italic.ttf	ok
2026-09-27 14:59:33	C:\Users\lehie\AppData\Local\Temp\aiflow-security-modules-bnyayvbf\archives\golang.org_x_exp@v0.0.0-20231006140011-7918f672742d.zip//golang.org/x/exp@v0.0.0-20231006140011-7918f672742d/constraints/constraints_test.go	ok
2026-09-27 14:59:33	C:\Users\lehie\AppData\Local\Temp\aiflow-security-modules-bnyayvbf\archives\golang.org_x_image@v0.45.0.zip//golang.org/x/image@v0.45.0/font/gofont/ttfs/Go-Smallcaps.ttf	ok
2026-09-27 14:59:33	C:\Users\lehie\AppData\Local\Temp\aiflow-security-modules-bnyayvbf\archives\golang.org_x_exp@v0.0.0-20231006140011-7918f672742d.zip//golang.org/x/exp@v0.0.0-20231006140011-7918f672742d/devtools/checklib.sh	ok
2026-09-27 14:59:33	C:\Users\lehie\AppData\Local\Temp\aiflow-security-modules-bnyayvbf\archives\golang.org_x_image@v0.45.0.zip//golang.org/x/image@v0.45.0/font/gofont/ttfs/README	ok
2026-09-27 14:59:33	C:\Users\lehie\AppData\Local\Temp\aiflow-security-modules-bnyayvbf\archives\golang.org_x_exp@v0.0.0-20231006140011-7918f672742d.zip//golang.org/x/exp@v0.0.0-20231006140011-7918f672742d/ebnf/ebnf.go	ok
2026-09-27 14:59:33	C:\Users\lehie\AppData\Local\Temp\aiflow-security-modules-bnyayvbf\archives\golang.org_x_exp@v0.0.0-20231006140011-7918f672742d.zip//golang.org/x/exp@v0.0.0-20231006140011-7918f672742d/ebnf/ebnf_test.go	ok
2026-09-27 14:59:33	C:\Users\lehie\AppData\Local\Temp\aiflow-security-modules-bnyayvbf\archives\golang.org_x_exp@v0.0.0-20231006140011-7918f672742d.zip//golang.org/x/exp@v0.0.0-20231006140011-7918f672742d/ebnf/parser.go	ok
2026-09-27 14:59:33	C:\Users\lehie\AppData\Local\Temp\aiflow-security-modules-bnyayvbf\archives\golang.org_x_exp@v0.0.0-20231006140011-7918f672742d.zip//golang.org/x/exp@v0.0.0-20231006140011-7918f672742d/ebnflint/doc.go	ok
2026-09-27 14:59:33	C:\Users\lehie\AppData\Local\Temp\aiflow-security-modules-bnyayvbf\archives\golang.org_x_image@v0.45.0.zip//golang.org/x/image@v0.45.0/font/inconsolata/bold8x16.go	ok
2026-09-27 14:59:33	C:\Users\lehie\AppData\Local\Temp\aiflow-security-modules-bnyayvbf\archives\golang.org_x_image@v0.45.0.zip//golang.org/x/image@v0.45.0/font/inconsolata/inconsolata.go	ok
2026-09-27 14:59:33	C:\Users\lehie\AppData\Local\Temp\aiflow-security-modules-bnyayvbf\archives\golang.org_x_exp@v0.0.0-20231006140011-7918f672742d.zip//golang.org/x/exp@v0.0.0-20231006140011-7918f672742d/ebnflint/ebnflint.go	ok
2026-09-27 14:59:33	C:\Users\lehie\AppData\Local\Temp\aiflow-security-modules-bnyayvbf\archives\golang.org_x_exp@v0.0.0-20231006140011-7918f672742d.zip//golang.org/x/exp@v0.0.0-20231006140011-7918f672742d/ebnflint/ebnflint_test.go	ok
2026-09-27 14:59:33	C:\Users\lehie\AppData\Local\Temp\aiflow-security-modules-bnyayvbf\archives\golang.org_x_exp@v0.0.0-20231006140011-7918f672742d.zip//golang.org/x/exp@v0.0.0-20231006140011-7918f672742d/go.mod	ok
2026-09-27 14:59:33	C:\Users\lehie\AppData\Local\Temp\aiflow-security-modules-bnyayvbf\archives\golang.org_x_exp@v0.0.0-20231006140011-7918f672742d.zip//golang.org/x/exp@v0.0.0-20231006140011-7918f672742d/go.sum	ok
2026-09-27 14:59:33	C:\Users\lehie\AppData\Local\Temp\aiflow-security-modules-bnyayvbf\archives\golang.org_x_exp@v0.0.0-20231006140011-7918f672742d.zip//golang.org/x/exp@v0.0.0-20231006140011-7918f672742d/inotify/README.txt	ok
2026-09-27 14:59:33	C:\Users\lehie\AppData\Local\Temp\aiflow-security-modules-bnyayvbf\archives\golang.org_x_image@v0.45.0.zip//golang.org/x/image@v0.45.0/font/inconsolata/regular8x16.go	ok
2026-09-27 14:59:33	C:\Users\lehie\AppData\Local\Temp\aiflow-security-modules-bnyayvbf\archives\golang.org_x_exp@v0.0.0-20231006140011-7918f672742d.zip//golang.org/x/exp@v0.0.0-20231006140011-7918f672742d/io/i2c/devfs.go	ok
2026-09-27 14:59:33	C:\Users\lehie\AppData\Local\Temp\aiflow-security-modules-bnyayvbf\archives\golang.org_x_image@v0.45.0.zip//golang.org/x/image@v0.45.0/font/opentype/example_test.go	ok
2026-09-27 14:59:33	C:\Users\lehie\AppData\Local\Temp\aiflow-security-modules-bnyayvbf\archives\golang.org_x_exp@v0.0.0-20231006140011-7918f672742d.zip//golang.org/x/exp@v0.0.0-20231006140011-7918f672742d/io/i2c/devfs_nonlinux.go	ok
2026-09-27 14:59:33	C:\Users\lehie\AppData\Local\Temp\aiflow-security-modules-bnyayvbf\archives\golang.org_x_image@v0.45.0.zip//golang.org/x/image@v0.45.0/font/opentype/opentype.go	ok
2026-09-27 14:59:33	C:\Users\lehie\AppData\Local\Temp\aiflow-security-modules-bnyayvbf\archives\golang.org_x_exp@v0.0.0-20231006140011-7918f672742d.zip//golang.org/x/exp@v0.0.0-20231006140011-7918f672742d/io/i2c/driver/driver.go	ok
2026-09-27 14:59:33	C:\Users\lehie\AppData\Local\Temp\aiflow-security-modules-bnyayvbf\archives\golang.org_x_image@v0.45.0.zip//golang.org/x/image@v0.45.0/font/opentype/opentype_test.go	ok
2026-09-27 14:59:33	C:\Users\lehie\AppData\Local\Temp\aiflow-security-modules-bnyayvbf\archives\golang.org_x_exp@v0.0.0-20231006140011-7918f672742d.zip//golang.org/x/exp@v0.0.0-20231006140011-7918f672742d/io/i2c/example/displayip/main.go	ok
2026-09-27 14:59:33	C:\Users\lehie\AppData\Local\Temp\aiflow-security-modules-bnyayvbf\archives\golang.org_x_image@v0.45.0.zip//golang.org/x/image@v0.45.0/font/plan9font/example_test.go	ok
2026-09-27 14:59:33	C:\Users\lehie\AppData\Local\Temp\aiflow-security-modules-bnyayvbf\archives\golang.org_x_exp@v0.0.0-20231006140011-7918f672742d.zip//golang.org/x/exp@v0.0.0-20231006140011-7918f672742d/io/i2c/example_test.go	ok
2026-09-27 14:59:33	C:\Users\lehie\AppData\Local\Temp\aiflow-security-modules-bnyayvbf\archives\golang.org_x_exp@v0.0.0-20231006140011-7918f672742d.zip//golang.org/x/exp@v0.0.0-20231006140011-7918f672742d/io/i2c/i2c.go	ok
2026-09-27 14:59:33	C:\Users\lehie\AppData\Local\Temp\aiflow-security-modules-bnyayvbf\archives\golang.org_x_image@v0.45.0.zip//golang.org/x/image@v0.45.0/font/plan9font/plan9font.go	ok
2026-09-27 14:59:33	C:\Users\lehie\AppData\Local\Temp\aiflow-security-modules-bnyayvbf\archives\golang.org_x_exp@v0.0.0-20231006140011-7918f672742d.zip//golang.org/x/exp@v0.0.0-20231006140011-7918f672742d/io/i2c/i2c_test.go	ok
2026-09-27 14:59:33	C:\Users\lehie\AppData\Local\Temp\aiflow-security-modules-bnyayvbf\archives\golang.org_x_image@v0.45.0.zip//golang.org/x/image@v0.45.0/font/plan9font/plan9font_test.go	ok
2026-09-27 14:59:33	C:\Users\lehie\AppData\Local\Temp\aiflow-security-modules-bnyayvbf\archives\golang.org_x_exp@v0.0.0-20231006140011-7918f672742d.zip//golang.org/x/exp@v0.0.0-20231006140011-7918f672742d/io/spi/devfs.go	ok
2026-09-27 14:59:33	C:\Users\lehie\AppData\Local\Temp\aiflow-security-modules-bnyayvbf\archives\golang.org_x_image@v0.45.0.zip//golang.org/x/image@v0.45.0/font/sfnt/cmap.go	ok
2026-09-27 14:59:33	C:\Users\lehie\AppData\Local\Temp\aiflow-security-modules-bnyayvbf\archives\golang.org_x_exp@v0.0.0-20231006140011-7918f672742d.zip//golang.org/x/exp@v0.0.0-20231006140011-7918f672742d/io/spi/devfs_nonlinux.go	ok
2026-09-27 14:59:33	C:\Users\lehie\AppData\Local\Temp\aiflow-security-modules-bnyayvbf\archives\golang.org_x_image@v0.45.0.zip//golang.org/x/image@v0.45.0/font/sfnt/data.go	ok
2026-09-27 14:59:33	C:\Users\lehie\AppData\Local\Temp\aiflow-security-modules-bnyayvbf\archives\golang.org_x_exp@v0.0.0-20231006140011-7918f672742d.zip//golang.org/x/exp@v0.0.0-20231006140011-7918f672742d/io/spi/driver/driver.go	ok
2026-09-27 14:59:33	C:\Users\lehie\AppData\Local\Temp\aiflow-security-modules-bnyayvbf\archives\golang.org_x_image@v0.45.0.zip//golang.org/x/image@v0.45.0/font/sfnt/example_test.go	ok
2026-09-27 14:59:33	C:\Users\lehie\AppData\Local\Temp\aiflow-security-modules-bnyayvbf\archives\golang.org_x_exp@v0.0.0-20231006140011-7918f672742d.zip//golang.org/x/exp@v0.0.0-20231006140011-7918f672742d/io/spi/example_test.go	ok
2026-09-27 14:59:33	C:\Users\lehie\AppData\Local\Temp\aiflow-security-modules-bnyayvbf\archives\golang.org_x_image@v0.45.0.zip//golang.org/x/image@v0.45.0/font/sfnt/gen.go	ok
2026-09-27 14:59:33	C:\Users\lehie\AppData\Local\Temp\aiflow-security-modules-bnyayvbf\archives\golang.org_x_exp@v0.0.0-20231006140011-7918f672742d.zip//golang.org/x/exp@v0.0.0-20231006140011-7918f672742d/io/spi/spi.go	ok
2026-09-27 14:59:33	C:\Users\lehie\AppData\Local\Temp\aiflow-security-modules-bnyayvbf\archives\golang.org_x_exp@v0.0.0-20231006140011-7918f672742d.zip//golang.org/x/exp@v0.0.0-20231006140011-7918f672742d/maps/maps.go	ok
2026-09-27 14:59:33	C:\Users\lehie\AppData\Local\Temp\aiflow-security-modules-bnyayvbf\archives\golang.org_x_image@v0.45.0.zip//golang.org/x/image@v0.45.0/font/sfnt/gpos.go	ok
2026-09-27 14:59:33	C:\Users\lehie\AppData\Local\Temp\aiflow-security-modules-bnyayvbf\archives\golang.org_x_exp@v0.0.0-20231006140011-7918f672742d.zip//golang.org/x/exp@v0.0.0-20231006140011-7918f672742d/maps/maps_test.go	ok
2026-09-27 14:59:33	C:\Users\lehie\AppData\Local\Temp\aiflow-security-modules-bnyayvbf\archives\golang.org_x_image@v0.45.0.zip//golang.org/x/image@v0.45.0/font/sfnt/gpos_test.go	ok
2026-09-27 14:59:33	C:\Users\lehie\AppData\Local\Temp\aiflow-security-modules-bnyayvbf\archives\golang.org_x_exp@v0.0.0-20231006140011-7918f672742d.zip//golang.org/x/exp@v0.0.0-20231006140011-7918f672742d/mmap/manual_test_program.go	ok
2026-09-27 14:59:33	C:\Users\lehie\AppData\Local\Temp\aiflow-security-modules-bnyayvbf\archives\golang.org_x_image@v0.45.0.zip//golang.org/x/image@v0.45.0/font/sfnt/kern_test.go	ok
2026-09-27 14:59:33	C:\Users\lehie\AppData\Local\Temp\aiflow-security-modules-bnyayvbf\archives\golang.org_x_exp@v0.0.0-20231006140011-7918f672742d.zip//golang.org/x/exp@v0.0.0-20231006140011-7918f672742d/mmap/mmap_other.go	ok
2026-09-27 14:59:33	C:\Users\lehie\AppData\Local\Temp\aiflow-security-modules-bnyayvbf\archives\golang.org_x_exp@v0.0.0-20231006140011-7918f672742d.zip//golang.org/x/exp@v0.0.0-20231006140011-7918f672742d/mmap/mmap_test.go	ok
2026-09-27 14:59:33	C:\Users\lehie\AppData\Local\Temp\aiflow-security-modules-bnyayvbf\archives\golang.org_x_image@v0.45.0.zip//golang.org/x/image@v0.45.0/font/sfnt/postscript.go	ok
2026-09-27 14:59:33	C:\Users\lehie\AppData\Local\Temp\aiflow-security-modules-bnyayvbf\archives\golang.org_x_exp@v0.0.0-20231006140011-7918f672742d.zip//golang.org/x/exp@v0.0.0-20231006140011-7918f672742d/mmap/mmap_unix.go	ok
2026-09-27 14:59:33	C:\Users\lehie\AppData\Local\Temp\aiflow-security-modules-bnyayvbf\archives\golang.org_x_exp@v0.0.0-20231006140011-7918f672742d.zip//golang.org/x/exp@v0.0.0-20231006140011-7918f672742d/mmap/mmap_windows.go	ok
2026-09-27 14:59:33	C:\Users\lehie\AppData\Local\Temp\aiflow-security-modules-bnyayvbf\archives\golang.org_x_image@v0.45.0.zip//golang.org/x/image@v0.45.0/font/sfnt/proprietary_test.go	ok
2026-09-27 14:59:33	C:\Users\lehie\AppData\Local\Temp\aiflow-security-modules-bnyayvbf\archives\golang.org_x_exp@v0.0.0-20231006140011-7918f672742d.zip//golang.org/x/exp@v0.0.0-20231006140011-7918f672742d/rand/arith128_test.go	ok
2026-09-27 14:59:33	C:\Users\lehie\AppData\Local\Temp\aiflow-security-modules-bnyayvbf\archives\golang.org_x_exp@v0.0.0-20231006140011-7918f672742d.zip//golang.org/x/exp@v0.0.0-20231006140011-7918f672742d/rand/example_test.go	ok
2026-09-27 14:59:33	C:\Users\lehie\AppData\Local\Temp\aiflow-security-modules-bnyayvbf\archives\golang.org_x_exp@v0.0.0-20231006140011-7918f672742d.zip//golang.org/x/exp@v0.0.0-20231006140011-7918f672742d/rand/exp.go	ok
2026-09-27 14:59:33	C:\Users\lehie\AppData\Local\Temp\aiflow-security-modules-bnyayvbf\archives\golang.org_x_image@v0.45.0.zip//golang.org/x/image@v0.45.0/font/sfnt/sfnt.go	ok
2026-09-27 14:59:33	C:\Users\lehie\AppData\Local\Temp\aiflow-security-modules-bnyayvbf\archives\golang.org_x_exp@v0.0.0-20231006140011-7918f672742d.zip//golang.org/x/exp@v0.0.0-20231006140011-7918f672742d/rand/modulo_test.go	ok
2026-09-27 14:59:33	C:\Users\lehie\AppData\Local\Temp\aiflow-security-modules-bnyayvbf\archives\golang.org_x_image@v0.45.0.zip//golang.org/x/image@v0.45.0/font/sfnt/sfnt_test.go	ok
2026-09-27 14:59:33	C:\Users\lehie\AppData\Local\Temp\aiflow-security-modules-bnyayvbf\archives\golang.org_x_exp@v0.0.0-20231006140011-7918f672742d.zip//golang.org/x/exp@v0.0.0-20231006140011-7918f672742d/rand/normal.go	ok
2026-09-27 14:59:33	C:\Users\lehie\AppData\Local\Temp\aiflow-security-modules-bnyayvbf\archives\golang.org_x_exp@v0.0.0-20231006140011-7918f672742d.zip//golang.org/x/exp@v0.0.0-20231006140011-7918f672742d/rand/race_test.go	ok
2026-09-27 14:59:33	C:\Users\lehie\AppData\Local\Temp\aiflow-security-modules-bnyayvbf\archives\golang.org_x_image@v0.45.0.zip//golang.org/x/image@v0.45.0/font/sfnt/truetype.go	ok
2026-09-27 14:59:33	C:\Users\lehie\AppData\Local\Temp\aiflow-security-modules-bnyayvbf\archives\golang.org_x_image@v0.45.0.zip//golang.org/x/image@v0.45.0/font/testdata/CFFTest.otf	ok
2026-09-27 14:59:33	C:\Users\lehie\AppData\Local\Temp\aiflow-security-modules-bnyayvbf\archives\golang.org_x_exp@v0.0.0-20231006140011-7918f672742d.zip//golang.org/x/exp@v0.0.0-20231006140011-7918f672742d/rand/rand.go	ok
2026-09-27 14:59:33	C:\Users\lehie\AppData\Local\Temp\aiflow-security-modules-bnyayvbf\archives\golang.org_x_image@v0.45.0.zip//golang.org/x/image@v0.45.0/font/testdata/CFFTest.sfd	ok
2026-09-27 14:59:33	C:\Users\lehie\AppData\Local\Temp\aiflow-security-modules-bnyayvbf\archives\golang.org_x_exp@v0.0.0-20231006140011-7918f672742d.zip//golang.org/x/exp@v0.0.0-20231006140011-7918f672742d/rand/rand_test.go	ok
2026-09-27 14:59:33	C:\Users\lehie\AppData\Local\Temp\aiflow-security-modules-bnyayvbf\archives\golang.org_x_image@v0.45.0.zip//golang.org/x/image@v0.45.0/font/testdata/README	ok
2026-09-27 14:59:33	C:\Users\lehie\AppData\Local\Temp\aiflow-security-modules-bnyayvbf\archives\golang.org_x_image@v0.45.0.zip//golang.org/x/image@v0.45.0/font/testdata/cmapTest.sfd	ok
2026-09-27 14:59:33	C:\Users\lehie\AppData\Local\Temp\aiflow-security-modules-bnyayvbf\archives\golang.org_x_exp@v0.0.0-20231006140011-7918f672742d.zip//golang.org/x/exp@v0.0.0-20231006140011-7918f672742d/rand/regress_test.go	ok
2026-09-27 14:59:33	C:\Users\lehie\AppData\Local\Temp\aiflow-security-modules-bnyayvbf\archives\golang.org_x_image@v0.45.0.zip//golang.org/x/image@v0.45.0/font/testdata/cmapTest.ttf	ok
2026-09-27 14:59:33	C:\Users\lehie\AppData\Local\Temp\aiflow-security-modules-bnyayvbf\archives\golang.org_x_exp@v0.0.0-20231006140011-7918f672742d.zip//golang.org/x/exp@v0.0.0-20231006140011-7918f672742d/rand/rng.go	ok
2026-09-27 14:59:33	C:\Users\lehie\AppData\Local\Temp\aiflow-security-modules-bnyayvbf\archives\golang.org_x_image@v0.45.0.zip//golang.org/x/image@v0.45.0/font/testdata/fixed/7x13.0000	ok
2026-09-27 14:59:33	C:\Users\lehie\AppData\Local\Temp\aiflow-security-modules-bnyayvbf\archives\golang.org_x_exp@v0.0.0-20231006140011-7918f672742d.zip//golang.org/x/exp@v0.0.0-20231006140011-7918f672742d/rand/zipf.go	ok
2026-09-27 14:59:33	C:\Users\lehie\AppData\Local\Temp\aiflow-security-modules-bnyayvbf\archives\golang.org_x_image@v0.45.0.zip//golang.org/x/image@v0.45.0/font/testdata/fixed/7x13.0100	ok
2026-09-27 14:59:33	C:\Users\lehie\AppData\Local\Temp\aiflow-security-modules-bnyayvbf\archives\golang.org_x_exp@v0.0.0-20231006140011-7918f672742d.zip//golang.org/x/exp@v0.0.0-20231006140011-7918f672742d/shootout/README	ok
2026-09-27 14:59:33	C:\Users\lehie\AppData\Local\Temp\aiflow-security-modules-bnyayvbf\archives\golang.org_x_image@v0.45.0.zip//golang.org/x/image@v0.45.0/font/testdata/fixed/7x13.0200	ok
2026-09-27 14:59:33	C:\Users\lehie\AppData\Local\Temp\aiflow-security-modules-bnyayvbf\archives\golang.org_x_image@v0.45.0.zip//golang.org/x/image@v0.45.0/font/testdata/fixed/7x13.0300	ok
2026-09-27 14:59:33	C:\Users\lehie\AppData\Local\Temp\aiflow-security-modules-bnyayvbf\archives\golang.org_x_exp@v0.0.0-20231006140011-7918f672742d.zip//golang.org/x/exp@v0.0.0-20231006140011-7918f672742d/shootout/binary-tree-freelist.go	ok
2026-09-27 14:59:33	C:\Users\lehie\AppData\Local\Temp\aiflow-security-modules-bnyayvbf\archives\golang.org_x_image@v0.45.0.zip//golang.org/x/image@v0.45.0/font/testdata/fixed/7x13.0400	ok
2026-09-27 14:59:33	C:\Users\lehie\AppData\Local\Temp\aiflow-security-modules-bnyayvbf\archives\golang.org_x_exp@v0.0.0-20231006140011-7918f672742d.zip//golang.org/x/exp@v0.0.0-20231006140011-7918f672742d/shootout/binary-tree-freelist.txt	ok
2026-09-27 14:59:33	C:\Users\lehie\AppData\Local\Temp\aiflow-security-modules-bnyayvbf\archives\golang.org_x_image@v0.45.0.zip//golang.org/x/image@v0.45.0/font/testdata/fixed/7x13.0500	ok
2026-09-27 14:59:33	C:\Users\lehie\AppData\Local\Temp\aiflow-security-modules-bnyayvbf\archives\golang.org_x_exp@v0.0.0-20231006140011-7918f672742d.zip//golang.org/x/exp@v0.0.0-20231006140011-7918f672742d/shootout/binary-tree.c	ok
2026-09-27 14:59:33	C:\Users\lehie\AppData\Local\Temp\aiflow-security-modules-bnyayvbf\archives\golang.org_x_image@v0.45.0.zip//golang.org/x/image@v0.45.0/font/testdata/fixed/7x13.0E00	ok
2026-09-27 14:59:33	C:\Users\lehie\AppData\Local\Temp\aiflow-security-modules-bnyayvbf\archives\golang.org_x_exp@v0.0.0-20231006140011-7918f672742d.zip//golang.org/x/exp@v0.0.0-20231006140011-7918f672742d/shootout/binary-tree.go	ok
2026-09-27 14:59:33	C:\Users\lehie\AppData\Local\Temp\aiflow-security-modules-bnyayvbf\archives\golang.org_x_image@v0.45.0.zip//golang.org/x/image@v0.45.0/font/testdata/fixed/7x13.1000	ok
2026-09-27 14:59:33	C:\Users\lehie\AppData\Local\Temp\aiflow-security-modules-bnyayvbf\archives\golang.org_x_exp@v0.0.0-20231006140011-7918f672742d.zip//golang.org/x/exp@v0.0.0-20231006140011-7918f672742d/shootout/binary-tree.txt	ok
2026-09-27 14:59:33	C:\Users\lehie\AppData\Local\Temp\aiflow-security-modules-bnyayvbf\archives\golang.org_x_image@v0.45.0.zip//golang.org/x/image@v0.45.0/font/testdata/fixed/7x13.1600	ok
2026-09-27 14:59:33	C:\Users\lehie\AppData\Local\Temp\aiflow-security-modules-bnyayvbf\archives\golang.org_x_image@v0.45.0.zip//golang.org/x/image@v0.45.0/font/testdata/fixed/7x13.1E00	ok
2026-09-27 14:59:33	C:\Users\lehie\AppData\Local\Temp\aiflow-security-modules-bnyayvbf\archives\golang.org_x_exp@v0.0.0-20231006140011-7918f672742d.zip//golang.org/x/exp@v0.0.0-20231006140011-7918f672742d/shootout/chameneosredux.c	ok
2026-09-27 14:59:33	C:\Users\lehie\AppData\Local\Temp\aiflow-security-modules-bnyayvbf\archives\golang.org_x_image@v0.45.0.zip//golang.org/x/image@v0.45.0/font/testdata/fixed/7x13.1F00	ok
2026-09-27 14:59:33	C:\Users\lehie\AppData\Local\Temp\aiflow-security-modules-bnyayvbf\archives\golang.org_x_exp@v0.0.0-20231006140011-7918f672742d.zip//golang.org/x/exp@v0.0.0-20231006140011-7918f672742d/shootout/chameneosredux.go	ok
2026-09-27 14:59:33	C:\Users\lehie\AppData\Local\Temp\aiflow-security-modules-bnyayvbf\archives\golang.org_x_image@v0.45.0.zip//golang.org/x/image@v0.45.0/font/testdata/fixed/7x13.2000	ok
2026-09-27 14:59:33	C:\Users\lehie\AppData\Local\Temp\aiflow-security-modules-bnyayvbf\archives\golang.org_x_exp@v0.0.0-20231006140011-7918f672742d.zip//golang.org/x/exp@v0.0.0-20231006140011-7918f672742d/shootout/chameneosredux.txt	ok
2026-09-27 14:59:33	C:\Users\lehie\AppData\Local\Temp\aiflow-security-modules-bnyayvbf\archives\golang.org_x_image@v0.45.0.zip//golang.org/x/image@v0.45.0/font/testdata/fixed/7x13.2100	ok
2026-09-27 14:59:33	C:\Users\lehie\AppData\Local\Temp\aiflow-security-modules-bnyayvbf\archives\golang.org_x_exp@v0.0.0-20231006140011-7918f672742d.zip//golang.org/x/exp@v0.0.0-20231006140011-7918f672742d/shootout/fannkuch-parallel.go	ok
2026-09-27 14:59:33	C:\Users\lehie\AppData\Local\Temp\aiflow-security-modules-bnyayvbf\archives\golang.org_x_image@v0.45.0.zip//golang.org/x/image@v0.45.0/font/testdata/fixed/7x13.2200	ok
2026-09-27 14:59:33	C:\Users\lehie\AppData\Local\Temp\aiflow-security-modules-bnyayvbf\archives\golang.org_x_image@v0.45.0.zip//golang.org/x/image@v0.45.0/font/testdata/fixed/7x13.2300	ok
2026-09-27 14:59:33	C:\Users\lehie\AppData\Local\Temp\aiflow-security-modules-bnyayvbf\archives\golang.org_x_exp@v0.0.0-20231006140011-7918f672742d.zip//golang.org/x/exp@v0.0.0-20231006140011-7918f672742d/shootout/fannkuch-parallel.txt	ok
2026-09-27 14:59:33	C:\Users\lehie\AppData\Local\Temp\aiflow-security-modules-bnyayvbf\archives\golang.org_x_image@v0.45.0.zip//golang.org/x/image@v0.45.0/font/testdata/fixed/7x13.2400	ok
2026-09-27 14:59:33	C:\Users\lehie\AppData\Local\Temp\aiflow-security-modules-bnyayvbf\archives\golang.org_x_exp@v0.0.0-20231006140011-7918f672742d.zip//golang.org/x/exp@v0.0.0-20231006140011-7918f672742d/shootout/fannkuch.c	ok
2026-09-27 14:59:33	C:\Users\lehie\AppData\Local\Temp\aiflow-security-modules-bnyayvbf\archives\golang.org_x_image@v0.45.0.zip//golang.org/x/image@v0.45.0/font/testdata/fixed/7x13.2500	ok
2026-09-27 14:59:33	C:\Users\lehie\AppData\Local\Temp\aiflow-security-modules-bnyayvbf\archives\golang.org_x_exp@v0.0.0-20231006140011-7918f672742d.zip//golang.org/x/exp@v0.0.0-20231006140011-7918f672742d/shootout/fannkuch.go	ok
2026-09-27 14:59:33	C:\Users\lehie\AppData\Local\Temp\aiflow-security-modules-bnyayvbf\archives\golang.org_x_image@v0.45.0.zip//golang.org/x/image@v0.45.0/font/testdata/fixed/7x13.2600	ok
2026-09-27 14:59:33	C:\Users\lehie\AppData\Local\Temp\aiflow-security-modules-bnyayvbf\archives\golang.org_x_image@v0.45.0.zip//golang.org/x/image@v0.45.0/font/testdata/fixed/7x13.2700	ok
2026-09-27 14:59:33	C:\Users\lehie\AppData\Local\Temp\aiflow-security-modules-bnyayvbf\archives\golang.org_x_exp@v0.0.0-20231006140011-7918f672742d.zip//golang.org/x/exp@v0.0.0-20231006140011-7918f672742d/shootout/fannkuch.txt	ok
2026-09-27 14:59:33	C:\Users\lehie\AppData\Local\Temp\aiflow-security-modules-bnyayvbf\archives\golang.org_x_image@v0.45.0.zip//golang.org/x/image@v0.45.0/font/testdata/fixed/7x13.2800	ok
2026-09-27 14:59:33	C:\Users\lehie\AppData\Local\Temp\aiflow-security-modules-bnyayvbf\archives\golang.org_x_exp@v0.0.0-20231006140011-7918f672742d.zip//golang.org/x/exp@v0.0.0-20231006140011-7918f672742d/shootout/fasta-1000.txt	ok
2026-09-27 14:59:33	C:\Users\lehie\AppData\Local\Temp\aiflow-security-modules-bnyayvbf\archives\golang.org_x_image@v0.45.0.zip//golang.org/x/image@v0.45.0/font/testdata/fixed/7x13.2A00	ok
2026-09-27 14:59:33	C:\Users\lehie\AppData\Local\Temp\aiflow-security-modules-bnyayvbf\archives\golang.org_x_image@v0.45.0.zip//golang.org/x/image@v0.45.0/font/testdata/fixed/7x13.3000	ok
2026-09-27 14:59:33	C:\Users\lehie\AppData\Local\Temp\aiflow-security-modules-bnyayvbf\archives\golang.org_x_exp@v0.0.0-20231006140011-7918f672742d.zip//golang.org/x/exp@v0.0.0-20231006140011-7918f672742d/shootout/fasta.c	ok
2026-09-27 14:59:33	C:\Users\lehie\AppData\Local\Temp\aiflow-security-modules-bnyayvbf\archives\golang.org_x_image@v0.45.0.zip//golang.org/x/image@v0.45.0/font/testdata/fixed/7x13.FB00	ok
2026-09-27 14:59:33	C:\Users\lehie\AppData\Local\Temp\aiflow-security-modules-bnyayvbf\archives\golang.org_x_image@v0.45.0.zip//golang.org/x/image@v0.45.0/font/testdata/fixed/7x13.FE00	ok
2026-09-27 14:59:33	C:\Users\lehie\AppData\Local\Temp\aiflow-security-modules-bnyayvbf\archives\golang.org_x_exp@v0.0.0-20231006140011-7918f672742d.zip//golang.org/x/exp@v0.0.0-20231006140011-7918f672742d/shootout/fasta.go	ok
2026-09-27 14:59:33	C:\Users\lehie\AppData\Local\Temp\aiflow-security-modules-bnyayvbf\archives\golang.org_x_image@v0.45.0.zip//golang.org/x/image@v0.45.0/font/testdata/fixed/7x13.FF00	ok
2026-09-27 14:59:33	C:\Users\lehie\AppData\Local\Temp\aiflow-security-modules-bnyayvbf\archives\golang.org_x_exp@v0.0.0-20231006140011-7918f672742d.zip//golang.org/x/exp@v0.0.0-20231006140011-7918f672742d/shootout/fasta.txt	ok
2026-09-27 14:59:33	C:\Users\lehie\AppData\Local\Temp\aiflow-security-modules-bnyayvbf\archives\golang.org_x_image@v0.45.0.zip//golang.org/x/image@v0.45.0/font/testdata/fixed/README	ok
2026-09-27 14:59:33	C:\Users\lehie\AppData\Local\Temp\aiflow-security-modules-bnyayvbf\archives\golang.org_x_exp@v0.0.0-20231006140011-7918f672742d.zip//golang.org/x/exp@v0.0.0-20231006140011-7918f672742d/shootout/k-nucleotide-parallel.go	ok
2026-09-27 14:59:33	C:\Users\lehie\AppData\Local\Temp\aiflow-security-modules-bnyayvbf\archives\golang.org_x_image@v0.45.0.zip//golang.org/x/image@v0.45.0/font/testdata/fixed/unicode.7x13.font	ok
2026-09-27 14:59:33	C:\Users\lehie\AppData\Local\Temp\aiflow-security-modules-bnyayvbf\archives\golang.org_x_exp@v0.0.0-20231006140011-7918f672742d.zip//golang.org/x/exp@v0.0.0-20231006140011-7918f672742d/shootout/k-nucleotide-parallel.txt	ok
2026-09-27 14:59:33	C:\Users\lehie\AppData\Local\Temp\aiflow-security-modules-bnyayvbf\archives\golang.org_x_image@v0.45.0.zip//golang.org/x/image@v0.45.0/font/testdata/glyfTest.sfd	ok
2026-09-27 14:59:33	C:\Users\lehie\AppData\Local\Temp\aiflow-security-modules-bnyayvbf\archives\golang.org_x_image@v0.45.0.zip//golang.org/x/image@v0.45.0/font/testdata/glyfTest.ttf	ok
2026-09-27 14:59:33	C:\Users\lehie\AppData\Local\Temp\aiflow-security-modules-bnyayvbf\archives\golang.org_x_exp@v0.0.0-20231006140011-7918f672742d.zip//golang.org/x/exp@v0.0.0-20231006140011-7918f672742d/shootout/k-nucleotide.c	ok
2026-09-27 14:59:33	C:\Users\lehie\AppData\Local\Temp\aiflow-security-modules-bnyayvbf\archives\golang.org_x_image@v0.45.0.zip//golang.org/x/image@v0.45.0/go.mod	ok
2026-09-27 14:59:33	C:\Users\lehie\AppData\Local\Temp\aiflow-security-modules-bnyayvbf\archives\golang.org_x_exp@v0.0.0-20231006140011-7918f672742d.zip//golang.org/x/exp@v0.0.0-20231006140011-7918f672742d/shootout/k-nucleotide.go	ok
2026-09-27 14:59:33	C:\Users\lehie\AppData\Local\Temp\aiflow-security-modules-bnyayvbf\archives\golang.org_x_image@v0.45.0.zip//golang.org/x/image@v0.45.0/go.sum	ok
2026-09-27 14:59:33	C:\Users\lehie\AppData\Local\Temp\aiflow-security-modules-bnyayvbf\archives\golang.org_x_exp@v0.0.0-20231006140011-7918f672742d.zip//golang.org/x/exp@v0.0.0-20231006140011-7918f672742d/shootout/k-nucleotide.txt	ok
2026-09-27 14:59:33	C:\Users\lehie\AppData\Local\Temp\aiflow-security-modules-bnyayvbf\archives\golang.org_x_image@v0.45.0.zip//golang.org/x/image@v0.45.0/internal/safemath/safemath.go	ok
2026-09-27 14:59:33	C:\Users\lehie\AppData\Local\Temp\aiflow-security-modules-bnyayvbf\archives\golang.org_x_exp@v0.0.0-20231006140011-7918f672742d.zip//golang.org/x/exp@v0.0.0-20231006140011-7918f672742d/shootout/mandelbrot.c	ok
2026-09-27 14:59:33	C:\Users\lehie\AppData\Local\Temp\aiflow-security-modules-bnyayvbf\archives\golang.org_x_image@v0.45.0.zip//golang.org/x/image@v0.45.0/math/f32/f32.go	ok
2026-09-27 14:59:33	C:\Users\lehie\AppData\Local\Temp\aiflow-security-modules-bnyayvbf\archives\golang.org_x_exp@v0.0.0-20231006140011-7918f672742d.zip//golang.org/x/exp@v0.0.0-20231006140011-7918f672742d/shootout/mandelbrot.go	ok
2026-09-27 14:59:33	C:\Users\lehie\AppData\Local\Temp\aiflow-security-modules-bnyayvbf\archives\golang.org_x_image@v0.45.0.zip//golang.org/x/image@v0.45.0/math/f64/f64.go	ok
2026-09-27 14:59:33	C:\Users\lehie\AppData\Local\Temp\aiflow-security-modules-bnyayvbf\archives\golang.org_x_exp@v0.0.0-20231006140011-7918f672742d.zip//golang.org/x/exp@v0.0.0-20231006140011-7918f672742d/shootout/mandelbrot.txt	ok
2026-09-27 14:59:33	C:\Users\lehie\AppData\Local\Temp\aiflow-security-modules-bnyayvbf\archives\golang.org_x_image@v0.45.0.zip//golang.org/x/image@v0.45.0/math/fixed/fixed.go	ok
2026-09-27 14:59:33	C:\Users\lehie\AppData\Local\Temp\aiflow-security-modules-bnyayvbf\archives\golang.org_x_exp@v0.0.0-20231006140011-7918f672742d.zip//golang.org/x/exp@v0.0.0-20231006140011-7918f672742d/shootout/meteor-contest.c	ok
2026-09-27 14:59:33	C:\Users\lehie\AppData\Local\Temp\aiflow-security-modules-bnyayvbf\archives\golang.org_x_image@v0.45.0.zip//golang.org/x/image@v0.45.0/math/fixed/fixed_test.go	ok
2026-09-27 14:59:33	C:\Users\lehie\AppData\Local\Temp\aiflow-security-modules-bnyayvbf\archives\golang.org_x_image@v0.45.0.zip//golang.org/x/image@v0.45.0/riff/example_test.go	ok
2026-09-27 14:59:33	C:\Users\lehie\AppData\Local\Temp\aiflow-security-modules-bnyayvbf\archives\golang.org_x_exp@v0.0.0-20231006140011-7918f672742d.zip//golang.org/x/exp@v0.0.0-20231006140011-7918f672742d/shootout/meteor-contest.go	ok
2026-09-27 14:59:33	C:\Users\lehie\AppData\Local\Temp\aiflow-security-modules-bnyayvbf\archives\golang.org_x_exp@v0.0.0-20231006140011-7918f672742d.zip//golang.org/x/exp@v0.0.0-20231006140011-7918f672742d/shootout/meteor-contest.txt	ok
2026-09-27 14:59:33	C:\Users\lehie\AppData\Local\Temp\aiflow-security-modules-bnyayvbf\archives\golang.org_x_image@v0.45.0.zip//golang.org/x/image@v0.45.0/riff/riff.go	ok
2026-09-27 14:59:33	C:\Users\lehie\AppData\Local\Temp\aiflow-security-modules-bnyayvbf\archives\golang.org_x_image@v0.45.0.zip//golang.org/x/image@v0.45.0/riff/riff_test.go	ok
2026-09-27 14:59:33	C:\Users\lehie\AppData\Local\Temp\aiflow-security-modules-bnyayvbf\archives\golang.org_x_exp@v0.0.0-20231006140011-7918f672742d.zip//golang.org/x/exp@v0.0.0-20231006140011-7918f672742d/shootout/nbody.c	ok
2026-09-27 14:59:33	C:\Users\lehie\AppData\Local\Temp\aiflow-security-modules-bnyayvbf\archives\golang.org_x_image@v0.45.0.zip//golang.org/x/image@v0.45.0/testdata/blue-purple-pink-large.lossless.webp	ok
2026-09-27 14:59:33	C:\Users\lehie\AppData\Local\Temp\aiflow-security-modules-bnyayvbf\archives\golang.org_x_exp@v0.0.0-20231006140011-7918f672742d.zip//golang.org/x/exp@v0.0.0-20231006140011-7918f672742d/shootout/nbody.go	ok
2026-09-27 14:59:33	C:\Users\lehie\AppData\Local\Temp\aiflow-security-modules-bnyayvbf\archives\golang.org_x_image@v0.45.0.zip//golang.org/x/image@v0.45.0/testdata/blue-purple-pink-large.no-filter.lossy.webp	ok
2026-09-27 14:59:33	C:\Users\lehie\AppData\Local\Temp\aiflow-security-modules-bnyayvbf\archives\golang.org_x_exp@v0.0.0-20231006140011-7918f672742d.zip//golang.org/x/exp@v0.0.0-20231006140011-7918f672742d/shootout/nbody.txt	ok
2026-09-27 14:59:33	C:\Users\lehie\AppData\Local\Temp\aiflow-security-modules-bnyayvbf\archives\golang.org_x_image@v0.45.0.zip//golang.org/x/image@v0.45.0/testdata/blue-purple-pink-large.no-filter.lossy.webp.ycbcr.png	ok
2026-09-27 14:59:33	C:\Users\lehie\AppData\Local\Temp\aiflow-security-modules-bnyayvbf\archives\golang.org_x_image@v0.45.0.zip//golang.org/x/image@v0.45.0/testdata/blue-purple-pink-large.normal-filter.lossy.webp	ok
2026-09-27 14:59:33	C:\Users\lehie\AppData\Local\Temp\aiflow-security-modules-bnyayvbf\archives\golang.org_x_exp@v0.0.0-20231006140011-7918f672742d.zip//golang.org/x/exp@v0.0.0-20231006140011-7918f672742d/shootout/pidigits.c	ok
2026-09-27 14:59:33	C:\Users\lehie\AppData\Local\Temp\aiflow-security-modules-bnyayvbf\archives\golang.org_x_image@v0.45.0.zip//golang.org/x/image@v0.45.0/testdata/blue-purple-pink-large.normal-filter.lossy.webp.ycbcr.png	ok
2026-09-27 14:59:33	C:\Users\lehie\AppData\Local\Temp\aiflow-security-modules-bnyayvbf\archives\golang.org_x_exp@v0.0.0-20231006140011-7918f672742d.zip//golang.org/x/exp@v0.0.0-20231006140011-7918f672742d/shootout/pidigits.go	ok
2026-09-27 14:59:33	C:\Users\lehie\AppData\Local\Temp\aiflow-security-modules-bnyayvbf\archives\golang.org_x_image@v0.45.0.zip//golang.org/x/image@v0.45.0/testdata/blue-purple-pink-large.png	ok
2026-09-27 14:59:33	C:\Users\lehie\AppData\Local\Temp\aiflow-security-modules-bnyayvbf\archives\golang.org_x_image@v0.45.0.zip//golang.org/x/image@v0.45.0/testdata/blue-purple-pink-large.simple-filter.lossy.webp	ok
2026-09-27 14:59:33	C:\Users\lehie\AppData\Local\Temp\aiflow-security-modules-bnyayvbf\archives\golang.org_x_exp@v0.0.0-20231006140011-7918f672742d.zip//golang.org/x/exp@v0.0.0-20231006140011-7918f672742d/shootout/pidigits.txt	ok
2026-09-27 14:59:33	C:\Users\lehie\AppData\Local\Temp\aiflow-security-modules-bnyayvbf\archives\golang.org_x_image@v0.45.0.zip//golang.org/x/image@v0.45.0/testdata/blue-purple-pink-large.simple-filter.lossy.webp.ycbcr.png	ok
2026-09-27 14:59:33	C:\Users\lehie\AppData\Local\Temp\aiflow-security-modules-bnyayvbf\archives\golang.org_x_exp@v0.0.0-20231006140011-7918f672742d.zip//golang.org/x/exp@v0.0.0-20231006140011-7918f672742d/shootout/regex-dna-parallel.go	ok
2026-09-27 14:59:33	C:\Users\lehie\AppData\Local\Temp\aiflow-security-modules-bnyayvbf\archives\golang.org_x_image@v0.45.0.zip//golang.org/x/image@v0.45.0/testdata/blue-purple-pink.lossless.webp	ok
2026-09-27 14:59:33	C:\Users\lehie\AppData\Local\Temp\aiflow-security-modules-bnyayvbf\archives\golang.org_x_exp@v0.0.0-20231006140011-7918f672742d.zip//golang.org/x/exp@v0.0.0-20231006140011-7918f672742d/shootout/regex-dna-parallel.txt	ok
2026-09-27 14:59:33	C:\Users\lehie\AppData\Local\Temp\aiflow-security-modules-bnyayvbf\archives\golang.org_x_image@v0.45.0.zip//golang.org/x/image@v0.45.0/testdata/blue-purple-pink.lossy.webp	ok
2026-09-27 14:59:33	C:\Users\lehie\AppData\Local\Temp\aiflow-security-modules-bnyayvbf\archives\golang.org_x_image@v0.45.0.zip//golang.org/x/image@v0.45.0/testdata/blue-purple-pink.lossy.webp.ycbcr.png	ok
2026-09-27 14:59:33	C:\Users\lehie\AppData\Local\Temp\aiflow-security-modules-bnyayvbf\archives\golang.org_x_exp@v0.0.0-20231006140011-7918f672742d.zip//golang.org/x/exp@v0.0.0-20231006140011-7918f672742d/shootout/regex-dna.c	ok
2026-09-27 14:59:33	C:\Users\lehie\AppData\Local\Temp\aiflow-security-modules-bnyayvbf\archives\golang.org_x_image@v0.45.0.zip//golang.org/x/image@v0.45.0/testdata/blue-purple-pink.lzwcompressed.tiff	ok
2026-09-27 14:59:33	C:\Users\lehie\AppData\Local\Temp\aiflow-security-modules-bnyayvbf\archives\golang.org_x_image@v0.45.0.zip//golang.org/x/image@v0.45.0/testdata/blue-purple-pink.png	ok
2026-09-27 14:59:33	C:\Users\lehie\AppData\Local\Temp\aiflow-security-modules-bnyayvbf\archives\golang.org_x_exp@v0.0.0-20231006140011-7918f672742d.zip//golang.org/x/exp@v0.0.0-20231006140011-7918f672742d/shootout/regex-dna.go	ok
2026-09-27 14:59:33	C:\Users\lehie\AppData\Local\Temp\aiflow-security-modules-bnyayvbf\archives\golang.org_x_image@v0.45.0.zip//golang.org/x/image@v0.45.0/testdata/bmp_1bpp.bmp	ok
2026-09-27 14:59:33	C:\Users\lehie\AppData\Local\Temp\aiflow-security-modules-bnyayvbf\archives\golang.org_x_exp@v0.0.0-20231006140011-7918f672742d.zip//golang.org/x/exp@v0.0.0-20231006140011-7918f672742d/shootout/regex-dna.txt	ok
2026-09-27 14:59:33	C:\Users\lehie\AppData\Local\Temp\aiflow-security-modules-bnyayvbf\archives\golang.org_x_image@v0.45.0.zip//golang.org/x/image@v0.45.0/testdata/bmp_1bpp.png	ok
2026-09-27 14:59:33	C:\Users\lehie\AppData\Local\Temp\aiflow-security-modules-bnyayvbf\archives\golang.org_x_exp@v0.0.0-20231006140011-7918f672742d.zip//golang.org/x/exp@v0.0.0-20231006140011-7918f672742d/shootout/reverse-complement.c	ok
2026-09-27 14:59:33	C:\Users\lehie\AppData\Local\Temp\aiflow-security-modules-bnyayvbf\archives\golang.org_x_image@v0.45.0.zip//golang.org/x/image@v0.45.0/testdata/bmp_4bpp.bmp	ok
2026-09-27 14:59:33	C:\Users\lehie\AppData\Local\Temp\aiflow-security-modules-bnyayvbf\archives\golang.org_x_image@v0.45.0.zip//golang.org/x/image@v0.45.0/testdata/bmp_4bpp.png	ok
2026-09-27 14:59:33	C:\Users\lehie\AppData\Local\Temp\aiflow-security-modules-bnyayvbf\archives\golang.org_x_exp@v0.0.0-20231006140011-7918f672742d.zip//golang.org/x/exp@v0.0.0-20231006140011-7918f672742d/shootout/reverse-complement.go	ok
2026-09-27 14:59:33	C:\Users\lehie\AppData\Local\Temp\aiflow-security-modules-bnyayvbf\archives\golang.org_x_image@v0.45.0.zip//golang.org/x/image@v0.45.0/testdata/bmp_8bpp.bmp	ok
2026-09-27 14:59:33	C:\Users\lehie\AppData\Local\Temp\aiflow-security-modules-bnyayvbf\archives\golang.org_x_exp@v0.0.0-20231006140011-7918f672742d.zip//golang.org/x/exp@v0.0.0-20231006140011-7918f672742d/shootout/reverse-complement.txt	ok
2026-09-27 14:59:33	C:\Users\lehie\AppData\Local\Temp\aiflow-security-modules-bnyayvbf\archives\golang.org_x_image@v0.45.0.zip//golang.org/x/image@v0.45.0/testdata/bmp_8bpp.png	ok
2026-09-27 14:59:33	C:\Users\lehie\AppData\Local\Temp\aiflow-security-modules-bnyayvbf\archives\golang.org_x_image@v0.45.0.zip//golang.org/x/image@v0.45.0/testdata/bw-deflate.tiff	ok
2026-09-27 14:59:33	C:\Users\lehie\AppData\Local\Temp\aiflow-security-modules-bnyayvbf\archives\golang.org_x_exp@v0.0.0-20231006140011-7918f672742d.zip//golang.org/x/exp@v0.0.0-20231006140011-7918f672742d/shootout/spectral-norm-parallel.go	ok
2026-09-27 14:59:33	C:\Users\lehie\AppData\Local\Temp\aiflow-security-modules-bnyayvbf\archives\golang.org_x_image@v0.45.0.zip//golang.org/x/image@v0.45.0/testdata/bw-gopher.png	ok
2026-09-27 14:59:33	C:\Users\lehie\AppData\Local\Temp\aiflow-security-modules-bnyayvbf\archives\golang.org_x_image@v0.45.0.zip//golang.org/x/image@v0.45.0/testdata/bw-gopher_ccittGroup3.tiff	ok
2026-09-27 14:59:33	C:\Users\lehie\AppData\Local\Temp\aiflow-security-modules-bnyayvbf\archives\golang.org_x_exp@v0.0.0-20231006140011-7918f672742d.zip//golang.org/x/exp@v0.0.0-20231006140011-7918f672742d/shootout/spectral-norm.c	ok
2026-09-27 14:59:33	C:\Users\lehie\AppData\Local\Temp\aiflow-security-modules-bnyayvbf\archives\golang.org_x_image@v0.45.0.zip//golang.org/x/image@v0.45.0/testdata/bw-gopher_ccittGroup4.tiff	ok
2026-09-27 14:59:33	C:\Users\lehie\AppData\Local\Temp\aiflow-security-modules-bnyayvbf\archives\golang.org_x_exp@v0.0.0-20231006140011-7918f672742d.zip//golang.org/x/exp@v0.0.0-20231006140011-7918f672742d/shootout/spectral-norm.go	ok
2026-09-27 14:59:33	C:\Users\lehie\AppData\Local\Temp\aiflow-security-modules-bnyayvbf\archives\golang.org_x_image@v0.45.0.zip//golang.org/x/image@v0.45.0/testdata/bw-packbits.tiff	ok
2026-09-27 14:59:33	C:\Users\lehie\AppData\Local\Temp\aiflow-security-modules-bnyayvbf\archives\golang.org_x_image@v0.45.0.zip//golang.org/x/image@v0.45.0/testdata/bw-uncompressed.tiff	ok
2026-09-27 14:59:33	C:\Users\lehie\AppData\Local\Temp\aiflow-security-modules-bnyayvbf\archives\golang.org_x_exp@v0.0.0-20231006140011-7918f672742d.zip//golang.org/x/exp@v0.0.0-20231006140011-7918f672742d/shootout/spectral-norm.txt	ok
2026-09-27 14:59:33	C:\Users\lehie\AppData\Local\Temp\aiflow-security-modules-bnyayvbf\archives\golang.org_x_image@v0.45.0.zip//golang.org/x/image@v0.45.0/testdata/colormap-0.bmp	ok
2026-09-27 14:59:33	C:\Users\lehie\AppData\Local\Temp\aiflow-security-modules-bnyayvbf\archives\golang.org_x_exp@v0.0.0-20231006140011-7918f672742d.zip//golang.org/x/exp@v0.0.0-20231006140011-7918f672742d/shootout/threadring.c	ok
2026-09-27 14:59:33	C:\Users\lehie\AppData\Local\Temp\aiflow-security-modules-bnyayvbf\archives\golang.org_x_image@v0.45.0.zip//golang.org/x/image@v0.45.0/testdata/colormap-0.png	ok
2026-09-27 14:59:33	C:\Users\lehie\AppData\Local\Temp\aiflow-security-modules-bnyayvbf\archives\golang.org_x_image@v0.45.0.zip//golang.org/x/image@v0.45.0/testdata/colormap-251.bmp	ok
2026-09-27 14:59:33	C:\Users\lehie\AppData\Local\Temp\aiflow-security-modules-bnyayvbf\archives\golang.org_x_exp@v0.0.0-20231006140011-7918f672742d.zip//golang.org/x/exp@v0.0.0-20231006140011-7918f672742d/shootout/threadring.go	ok
2026-09-27 14:59:33	C:\Users\lehie\AppData\Local\Temp\aiflow-security-modules-bnyayvbf\archives\golang.org_x_image@v0.45.0.zip//golang.org/x/image@v0.45.0/testdata/colormap-251.png	ok
2026-09-27 14:59:33	C:\Users\lehie\AppData\Local\Temp\aiflow-security-modules-bnyayvbf\archives\golang.org_x_exp@v0.0.0-20231006140011-7918f672742d.zip//golang.org/x/exp@v0.0.0-20231006140011-7918f672742d/shootout/threadring.txt	ok
2026-09-27 14:59:33	C:\Users\lehie\AppData\Local\Temp\aiflow-security-modules-bnyayvbf\archives\golang.org_x_image@v0.45.0.zip//golang.org/x/image@v0.45.0/testdata/colormap.bmp	ok
2026-09-27 14:59:33	C:\Users\lehie\AppData\Local\Temp\aiflow-security-modules-bnyayvbf\archives\golang.org_x_image@v0.45.0.zip//golang.org/x/image@v0.45.0/testdata/colormap.png	ok
2026-09-27 14:59:33	C:\Users\lehie\AppData\Local\Temp\aiflow-security-modules-bnyayvbf\archives\golang.org_x_image@v0.45.0.zip//golang.org/x/image@v0.45.0/testdata/go-turns-two-14x18.png	ok
2026-09-27 14:59:33	C:\Users\lehie\AppData\Local\Temp\aiflow-security-modules-bnyayvbf\archives\golang.org_x_exp@v0.0.0-20231006140011-7918f672742d.zip//golang.org/x/exp@v0.0.0-20231006140011-7918f672742d/shootout/timing.log	ok
2026-09-27 14:59:33	C:\Users\lehie\AppData\Local\Temp\aiflow-security-modules-bnyayvbf\archives\golang.org_x_image@v0.45.0.zip//golang.org/x/image@v0.45.0/testdata/go-turns-two-280x360.jpeg	ok
2026-09-27 14:59:33	C:\Users\lehie\AppData\Local\Temp\aiflow-security-modules-bnyayvbf\archives\golang.org_x_exp@v0.0.0-20231006140011-7918f672742d.zip//golang.org/x/exp@v0.0.0-20231006140011-7918f672742d/shootout/timing.sh	ok
2026-09-27 14:59:33	C:\Users\lehie\AppData\Local\Temp\aiflow-security-modules-bnyayvbf\archives\golang.org_x_image@v0.45.0.zip//golang.org/x/image@v0.45.0/testdata/go-turns-two-down-ab.png	ok
2026-09-27 14:59:33	C:\Users\lehie\AppData\Local\Temp\aiflow-security-modules-bnyayvbf\archives\golang.org_x_image@v0.45.0.zip//golang.org/x/image@v0.45.0/testdata/go-turns-two-down-bl.png	ok
2026-09-27 14:59:33	C:\Users\lehie\AppData\Local\Temp\aiflow-security-modules-bnyayvbf\archives\golang.org_x_exp@v0.0.0-20231006140011-7918f672742d.zip//golang.org/x/exp@v0.0.0-20231006140011-7918f672742d/slices/cmp.go	ok
2026-09-27 14:59:33	C:\Users\lehie\AppData\Local\Temp\aiflow-security-modules-bnyayvbf\archives\golang.org_x_image@v0.45.0.zip//golang.org/x/image@v0.45.0/testdata/go-turns-two-down-cr.png	ok
2026-09-27 14:59:33	C:\Users\lehie\AppData\Local\Temp\aiflow-security-modules-bnyayvbf\archives\golang.org_x_image@v0.45.0.zip//golang.org/x/image@v0.45.0/testdata/go-turns-two-down-nn.png	ok
2026-09-27 14:59:33	C:\Users\lehie\AppData\Local\Temp\aiflow-security-modules-bnyayvbf\archives\golang.org_x_exp@v0.0.0-20231006140011-7918f672742d.zip//golang.org/x/exp@v0.0.0-20231006140011-7918f672742d/slices/slices.go	ok
2026-09-27 14:59:33	C:\Users\lehie\AppData\Local\Temp\aiflow-security-modules-bnyayvbf\archives\golang.org_x_image@v0.45.0.zip//golang.org/x/image@v0.45.0/testdata/go-turns-two-rotate-ab.png	ok
2026-09-27 14:59:33	C:\Users\lehie\AppData\Local\Temp\aiflow-security-modules-bnyayvbf\archives\golang.org_x_exp@v0.0.0-20231006140011-7918f672742d.zip//golang.org/x/exp@v0.0.0-20231006140011-7918f672742d/slices/slices_race_test.go	ok
2026-09-27 14:59:33	C:\Users\lehie\AppData\Local\Temp\aiflow-security-modules-bnyayvbf\archives\golang.org_x_image@v0.45.0.zip//golang.org/x/image@v0.45.0/testdata/go-turns-two-rotate-bl.png	ok
2026-09-27 14:59:33	C:\Users\lehie\AppData\Local\Temp\aiflow-security-modules-bnyayvbf\archives\golang.org_x_image@v0.45.0.zip//golang.org/x/image@v0.45.0/testdata/go-turns-two-rotate-cr.png	ok
2026-09-27 14:59:33	C:\Users\lehie\AppData\Local\Temp\aiflow-security-modules-bnyayvbf\archives\golang.org_x_image@v0.45.0.zip//golang.org/x/image@v0.45.0/testdata/go-turns-two-rotate-nn.png	ok
2026-09-27 14:59:33	C:\Users\lehie\AppData\Local\Temp\aiflow-security-modules-bnyayvbf\archives\golang.org_x_exp@v0.0.0-20231006140011-7918f672742d.zip//golang.org/x/exp@v0.0.0-20231006140011-7918f672742d/slices/slices_test.go	ok
2026-09-27 14:59:33	C:\Users\lehie\AppData\Local\Temp\aiflow-security-modules-bnyayvbf\archives\golang.org_x_image@v0.45.0.zip//golang.org/x/image@v0.45.0/testdata/go-turns-two-up-ab.png	ok
2026-09-27 14:59:33	C:\Users\lehie\AppData\Local\Temp\aiflow-security-modules-bnyayvbf\archives\golang.org_x_image@v0.45.0.zip//golang.org/x/image@v0.45.0/testdata/go-turns-two-up-bl.png	ok
2026-09-27 14:59:33	C:\Users\lehie\AppData\Local\Temp\aiflow-security-modules-bnyayvbf\archives\golang.org_x_exp@v0.0.0-20231006140011-7918f672742d.zip//golang.org/x/exp@v0.0.0-20231006140011-7918f672742d/slices/sort.go	ok
2026-09-27 14:59:33	C:\Users\lehie\AppData\Local\Temp\aiflow-security-modules-bnyayvbf\archives\golang.org_x_image@v0.45.0.zip//golang.org/x/image@v0.45.0/testdata/go-turns-two-up-cr.png	ok
2026-09-27 14:59:33	C:\Users\lehie\AppData\Local\Temp\aiflow-security-modules-bnyayvbf\archives\golang.org_x_image@v0.45.0.zip//golang.org/x/image@v0.45.0/testdata/go-turns-two-up-nn.png	ok
2026-09-27 14:59:33	C:\Users\lehie\AppData\Local\Temp\aiflow-security-modules-bnyayvbf\archives\golang.org_x_exp@v0.0.0-20231006140011-7918f672742d.zip//golang.org/x/exp@v0.0.0-20231006140011-7918f672742d/slices/sort_benchmark_test.go	ok
2026-09-27 14:59:33	C:\Users\lehie\AppData\Local\Temp\aiflow-security-modules-bnyayvbf\archives\golang.org_x_image@v0.45.0.zip//golang.org/x/image@v0.45.0/testdata/gopher-doc.1bpp.lossless.webp	ok
2026-09-27 14:59:33	C:\Users\lehie\AppData\Local\Temp\aiflow-security-modules-bnyayvbf\archives\golang.org_x_image@v0.45.0.zip//golang.org/x/image@v0.45.0/testdata/gopher-doc.1bpp.png	ok
2026-09-27 14:59:33	C:\Users\lehie\AppData\Local\Temp\aiflow-security-modules-bnyayvbf\archives\golang.org_x_exp@v0.0.0-20231006140011-7918f672742d.zip//golang.org/x/exp@v0.0.0-20231006140011-7918f672742d/slices/sort_test.go	ok
2026-09-27 14:59:33	C:\Users\lehie\AppData\Local\Temp\aiflow-security-modules-bnyayvbf\archives\golang.org_x_image@v0.45.0.zip//golang.org/x/image@v0.45.0/testdata/gopher-doc.2bpp.lossless.webp	ok
2026-09-27 14:59:33	C:\Users\lehie\AppData\Local\Temp\aiflow-security-modules-bnyayvbf\archives\golang.org_x_image@v0.45.0.zip//golang.org/x/image@v0.45.0/testdata/gopher-doc.2bpp.png	ok
2026-09-27 14:59:33	C:\Users\lehie\AppData\Local\Temp\aiflow-security-modules-bnyayvbf\archives\golang.org_x_exp@v0.0.0-20231006140011-7918f672742d.zip//golang.org/x/exp@v0.0.0-20231006140011-7918f672742d/slices/zsortanyfunc.go	ok
2026-09-27 14:59:33	C:\Users\lehie\AppData\Local\Temp\aiflow-security-modules-bnyayvbf\archives\golang.org_x_image@v0.45.0.zip//golang.org/x/image@v0.45.0/testdata/gopher-doc.4bpp.lossless.webp	ok
2026-09-27 14:59:33	C:\Users\lehie\AppData\Local\Temp\aiflow-security-modules-bnyayvbf\archives\golang.org_x_image@v0.45.0.zip//golang.org/x/image@v0.45.0/testdata/gopher-doc.4bpp.png	ok
2026-09-27 14:59:33	C:\Users\lehie\AppData\Local\Temp\aiflow-security-modules-bnyayvbf\archives\golang.org_x_exp@v0.0.0-20231006140011-7918f672742d.zip//golang.org/x/exp@v0.0.0-20231006140011-7918f672742d/slices/zsortordered.go	ok
2026-09-27 14:59:33	C:\Users\lehie\AppData\Local\Temp\aiflow-security-modules-bnyayvbf\archives\golang.org_x_image@v0.45.0.zip//golang.org/x/image@v0.45.0/testdata/gopher-doc.8bpp.lossless.webp	ok
2026-09-27 14:59:33	C:\Users\lehie\AppData\Local\Temp\aiflow-security-modules-bnyayvbf\archives\golang.org_x_image@v0.45.0.zip//golang.org/x/image@v0.45.0/testdata/gopher-doc.8bpp.png	ok
2026-09-27 14:59:33	C:\Users\lehie\AppData\Local\Temp\aiflow-security-modules-bnyayvbf\archives\golang.org_x_exp@v0.0.0-20231006140011-7918f672742d.zip//golang.org/x/exp@v0.0.0-20231006140011-7918f672742d/slog/attr.go	ok
2026-09-27 14:59:33	C:\Users\lehie\AppData\Local\Temp\aiflow-security-modules-bnyayvbf\archives\golang.org_x_image@v0.45.0.zip//golang.org/x/image@v0.45.0/testdata/gopher-doc.skip-hgroup.lossless.webp	ok
2026-09-27 14:59:33	C:\Users\lehie\AppData\Local\Temp\aiflow-security-modules-bnyayvbf\archives\golang.org_x_exp@v0.0.0-20231006140011-7918f672742d.zip//golang.org/x/exp@v0.0.0-20231006140011-7918f672742d/slog/attr_test.go	ok
2026-09-27 14:59:33	C:\Users\lehie\AppData\Local\Temp\aiflow-security-modules-bnyayvbf\archives\golang.org_x_image@v0.45.0.zip//golang.org/x/image@v0.45.0/testdata/gopher-doc.with-alpha.lossless.webp	ok
2026-09-27 14:59:33	C:\Users\lehie\AppData\Local\Temp\aiflow-security-modules-bnyayvbf\archives\golang.org_x_image@v0.45.0.zip//golang.org/x/image@v0.45.0/testdata/gopher-doc.with-alpha.png	ok
2026-09-27 14:59:33	C:\Users\lehie\AppData\Local\Temp\aiflow-security-modules-bnyayvbf\archives\golang.org_x_exp@v0.0.0-20231006140011-7918f672742d.zip//golang.org/x/exp@v0.0.0-20231006140011-7918f672742d/slog/benchmarks/Makefile	ok
2026-09-27 14:59:33	C:\Users\lehie\AppData\Local\Temp\aiflow-security-modules-bnyayvbf\archives\golang.org_x_image@v0.45.0.zip//golang.org/x/image@v0.45.0/testdata/invalid-palette-ref.tiff	ok
2026-09-27 14:59:33	C:\Users\lehie\AppData\Local\Temp\aiflow-security-modules-bnyayvbf\archives\golang.org_x_exp@v0.0.0-20231006140011-7918f672742d.zip//golang.org/x/exp@v0.0.0-20231006140011-7918f672742d/slog/benchmarks/benchmarks.go	ok
2026-09-27 14:59:33 	C:\Users\lehie\AppData\Local\Temp\aiflow-security-modules-bnyayvbf\archives\golang.org_x_image@v0.45.0.zip//golang.org/x/image@v0.45.0/testdata/large-huffman-index.lossless.webp.bz2	archive	BZIP2
2026-09-27 14:59:33	C:\Users\lehie\AppData\Local\Temp\aiflow-security-modules-bnyayvbf\archives\golang.org_x_image@v0.45.0.zip//golang.org/x/image@v0.45.0/testdata/large-huffman-index.lossless.webp.bz2//large-huffman-index.lossless.webp	ok
2026-09-27 14:59:33	C:\Users\lehie\AppData\Local\Temp\aiflow-security-modules-bnyayvbf\archives\golang.org_x_exp@v0.0.0-20231006140011-7918f672742d.zip//golang.org/x/exp@v0.0.0-20231006140011-7918f672742d/slog/benchmarks/benchmarks_test.go	ok
2026-09-27 14:59:33	C:\Users\lehie\AppData\Local\Temp\aiflow-security-modules-bnyayvbf\archives\golang.org_x_image@v0.45.0.zip//golang.org/x/image@v0.45.0/testdata/large-huffman-index.lossless.webp.bz2	ok
2026-09-27 14:59:33	C:\Users\lehie\AppData\Local\Temp\aiflow-security-modules-bnyayvbf\archives\golang.org_x_image@v0.45.0.zip//golang.org/x/image@v0.45.0/testdata/no_compress.tiff	ok
2026-09-27 14:59:33	C:\Users\lehie\AppData\Local\Temp\aiflow-security-modules-bnyayvbf\archives\golang.org_x_exp@v0.0.0-20231006140011-7918f672742d.zip//golang.org/x/exp@v0.0.0-20231006140011-7918f672742d/slog/benchmarks/handlers.go	ok
2026-09-27 14:59:33	C:\Users\lehie\AppData\Local\Temp\aiflow-security-modules-bnyayvbf\archives\golang.org_x_image@v0.45.0.zip//golang.org/x/image@v0.45.0/testdata/no_rps.tiff	ok
2026-09-27 14:59:33	C:\Users\lehie\AppData\Local\Temp\aiflow-security-modules-bnyayvbf\archives\golang.org_x_image@v0.45.0.zip//golang.org/x/image@v0.45.0/testdata/testpattern.png	ok
2026-09-27 14:59:33	C:\Users\lehie\AppData\Local\Temp\aiflow-security-modules-bnyayvbf\archives\golang.org_x_exp@v0.0.0-20231006140011-7918f672742d.zip//golang.org/x/exp@v0.0.0-20231006140011-7918f672742d/slog/benchmarks/handlers_test.go	ok
2026-09-27 14:59:33	C:\Users\lehie\AppData\Local\Temp\aiflow-security-modules-bnyayvbf\archives\golang.org_x_image@v0.45.0.zip//golang.org/x/image@v0.45.0/testdata/tux-rotate-ab.png	ok
2026-09-27 14:59:33	C:\Users\lehie\AppData\Local\Temp\aiflow-security-modules-bnyayvbf\archives\golang.org_x_image@v0.45.0.zip//golang.org/x/image@v0.45.0/testdata/tux-rotate-bl.png	ok
2026-09-27 14:59:33	C:\Users\lehie\AppData\Local\Temp\aiflow-security-modules-bnyayvbf\archives\golang.org_x_exp@v0.0.0-20231006140011-7918f672742d.zip//golang.org/x/exp@v0.0.0-20231006140011-7918f672742d/slog/benchmarks/slog-nopc.bench	ok
2026-09-27 14:59:33	C:\Users\lehie\AppData\Local\Temp\aiflow-security-modules-bnyayvbf\archives\golang.org_x_image@v0.45.0.zip//golang.org/x/image@v0.45.0/testdata/tux-rotate-cr.png	ok
2026-09-27 14:59:33	C:\Users\lehie\AppData\Local\Temp\aiflow-security-modules-bnyayvbf\archives\golang.org_x_image@v0.45.0.zip//golang.org/x/image@v0.45.0/testdata/tux-rotate-nn.png	ok
2026-09-27 14:59:33	C:\Users\lehie\AppData\Local\Temp\aiflow-security-modules-bnyayvbf\archives\golang.org_x_exp@v0.0.0-20231006140011-7918f672742d.zip//golang.org/x/exp@v0.0.0-20231006140011-7918f672742d/slog/benchmarks/slog.bench	ok
2026-09-27 14:59:33	C:\Users\lehie\AppData\Local\Temp\aiflow-security-modules-bnyayvbf\archives\golang.org_x_image@v0.45.0.zip//golang.org/x/image@v0.45.0/testdata/tux.lossless.webp	ok
2026-09-27 14:59:33	C:\Users\lehie\AppData\Local\Temp\aiflow-security-modules-bnyayvbf\archives\golang.org_x_image@v0.45.0.zip//golang.org/x/image@v0.45.0/testdata/tux.png	ok
2026-09-27 14:59:33	C:\Users\lehie\AppData\Local\Temp\aiflow-security-modules-bnyayvbf\archives\golang.org_x_exp@v0.0.0-20231006140011-7918f672742d.zip//golang.org/x/exp@v0.0.0-20231006140011-7918f672742d/slog/doc.go	ok
2026-09-27 14:59:33	C:\Users\lehie\AppData\Local\Temp\aiflow-security-modules-bnyayvbf\archives\golang.org_x_image@v0.45.0.zip//golang.org/x/image@v0.45.0/testdata/video-001-16bit.tiff	ok
2026-09-27 14:59:33	C:\Users\lehie\AppData\Local\Temp\aiflow-security-modules-bnyayvbf\archives\golang.org_x_image@v0.45.0.zip//golang.org/x/image@v0.45.0/testdata/video-001-gray-16bit.tiff	ok
2026-09-27 14:59:33	C:\Users\lehie\AppData\Local\Temp\aiflow-security-modules-bnyayvbf\archives\golang.org_x_exp@v0.0.0-20231006140011-7918f672742d.zip//golang.org/x/exp@v0.0.0-20231006140011-7918f672742d/slog/example_custom_levels_test.go	ok
2026-09-27 14:59:33	C:\Users\lehie\AppData\Local\Temp\aiflow-security-modules-bnyayvbf\archives\golang.org_x_image@v0.45.0.zip//golang.org/x/image@v0.45.0/testdata/video-001-gray.tiff	ok
2026-09-27 14:59:33	C:\Users\lehie\AppData\Local\Temp\aiflow-security-modules-bnyayvbf\archives\golang.org_x_exp@v0.0.0-20231006140011-7918f672742d.zip//golang.org/x/exp@v0.0.0-20231006140011-7918f672742d/slog/example_level_handler_test.go	ok
2026-09-27 14:59:33	C:\Users\lehie\AppData\Local\Temp\aiflow-security-modules-bnyayvbf\archives\golang.org_x_image@v0.45.0.zip//golang.org/x/image@v0.45.0/testdata/video-001-paletted.tiff	ok
2026-09-27 14:59:33	C:\Users\lehie\AppData\Local\Temp\aiflow-security-modules-bnyayvbf\archives\golang.org_x_exp@v0.0.0-20231006140011-7918f672742d.zip//golang.org/x/exp@v0.0.0-20231006140011-7918f672742d/slog/example_logvaluer_group_test.go	ok
2026-09-27 14:59:33	C:\Users\lehie\AppData\Local\Temp\aiflow-security-modules-bnyayvbf\archives\golang.org_x_image@v0.45.0.zip//golang.org/x/image@v0.45.0/testdata/video-001-strip-64.tiff	ok
2026-09-27 14:59:33	C:\Users\lehie\AppData\Local\Temp\aiflow-security-modules-bnyayvbf\archives\golang.org_x_exp@v0.0.0-20231006140011-7918f672742d.zip//golang.org/x/exp@v0.0.0-20231006140011-7918f672742d/slog/example_logvaluer_secret_test.go	ok
2026-09-27 14:59:33	C:\Users\lehie\AppData\Local\Temp\aiflow-security-modules-bnyayvbf\archives\golang.org_x_image@v0.45.0.zip//golang.org/x/image@v0.45.0/testdata/video-001-tile-64x64.tiff	ok
2026-09-27 14:59:33	C:\Users\lehie\AppData\Local\Temp\aiflow-security-modules-bnyayvbf\archives\golang.org_x_exp@v0.0.0-20231006140011-7918f672742d.zip//golang.org/x/exp@v0.0.0-20231006140011-7918f672742d/slog/example_test.go	ok
2026-09-27 14:59:33	C:\Users\lehie\AppData\Local\Temp\aiflow-security-modules-bnyayvbf\archives\golang.org_x_image@v0.45.0.zip//golang.org/x/image@v0.45.0/testdata/video-001-uncompressed.tiff	ok
2026-09-27 14:59:33	C:\Users\lehie\AppData\Local\Temp\aiflow-security-modules-bnyayvbf\archives\golang.org_x_image@v0.45.0.zip//golang.org/x/image@v0.45.0/testdata/video-001.bmp	ok
2026-09-27 14:59:33	C:\Users\lehie\AppData\Local\Temp\aiflow-security-modules-bnyayvbf\archives\golang.org_x_exp@v0.0.0-20231006140011-7918f672742d.zip//golang.org/x/exp@v0.0.0-20231006140011-7918f672742d/slog/example_wrap_test.go	ok
2026-09-27 14:59:33	C:\Users\lehie\AppData\Local\Temp\aiflow-security-modules-bnyayvbf\archives\golang.org_x_image@v0.45.0.zip//golang.org/x/image@v0.45.0/testdata/video-001.lossy.webp	ok
2026-09-27 14:59:33	C:\Users\lehie\AppData\Local\Temp\aiflow-security-modules-bnyayvbf\archives\golang.org_x_image@v0.45.0.zip//golang.org/x/image@v0.45.0/testdata/video-001.lossy.webp.ycbcr.png	ok
2026-09-27 14:59:33	C:\Users\lehie\AppData\Local\Temp\aiflow-security-modules-bnyayvbf\archives\golang.org_x_exp@v0.0.0-20231006140011-7918f672742d.zip//golang.org/x/exp@v0.0.0-20231006140011-7918f672742d/slog/handler.go	ok
2026-09-27 14:59:33	C:\Users\lehie\AppData\Local\Temp\aiflow-security-modules-bnyayvbf\archives\golang.org_x_image@v0.45.0.zip//golang.org/x/image@v0.45.0/testdata/video-001.png	ok
2026-09-27 14:59:33	C:\Users\lehie\AppData\Local\Temp\aiflow-security-modules-bnyayvbf\archives\golang.org_x_image@v0.45.0.zip//golang.org/x/image@v0.45.0/testdata/video-001.tiff	ok
2026-09-27 14:59:33	C:\Users\lehie\AppData\Local\Temp\aiflow-security-modules-bnyayvbf\archives\golang.org_x_exp@v0.0.0-20231006140011-7918f672742d.zip//golang.org/x/exp@v0.0.0-20231006140011-7918f672742d/slog/handler_test.go	ok
2026-09-27 14:59:33	C:\Users\lehie\AppData\Local\Temp\aiflow-security-modules-bnyayvbf\archives\golang.org_x_image@v0.45.0.zip//golang.org/x/image@v0.45.0/testdata/yellow_rose-small-v5.bmp	ok
2026-09-27 14:59:33	C:\Users\lehie\AppData\Local\Temp\aiflow-security-modules-bnyayvbf\archives\golang.org_x_image@v0.45.0.zip//golang.org/x/image@v0.45.0/testdata/yellow_rose-small-v5.png	ok
2026-09-27 14:59:33	C:\Users\lehie\AppData\Local\Temp\aiflow-security-modules-bnyayvbf\archives\golang.org_x_exp@v0.0.0-20231006140011-7918f672742d.zip//golang.org/x/exp@v0.0.0-20231006140011-7918f672742d/slog/internal/buffer/buffer.go	ok
2026-09-27 14:59:33	C:\Users\lehie\AppData\Local\Temp\aiflow-security-modules-bnyayvbf\archives\golang.org_x_image@v0.45.0.zip//golang.org/x/image@v0.45.0/testdata/yellow_rose-small.bmp	ok
2026-09-27 14:59:33	C:\Users\lehie\AppData\Local\Temp\aiflow-security-modules-bnyayvbf\archives\golang.org_x_image@v0.45.0.zip//golang.org/x/image@v0.45.0/testdata/yellow_rose-small.png	ok
2026-09-27 14:59:33	C:\Users\lehie\AppData\Local\Temp\aiflow-security-modules-bnyayvbf\archives\golang.org_x_exp@v0.0.0-20231006140011-7918f672742d.zip//golang.org/x/exp@v0.0.0-20231006140011-7918f672742d/slog/internal/buffer/buffer_test.go	ok
2026-09-27 14:59:33	C:\Users\lehie\AppData\Local\Temp\aiflow-security-modules-bnyayvbf\archives\golang.org_x_image@v0.45.0.zip//golang.org/x/image@v0.45.0/testdata/yellow_rose.lossless.webp	ok
2026-09-27 14:59:33	C:\Users\lehie\AppData\Local\Temp\aiflow-security-modules-bnyayvbf\archives\golang.org_x_exp@v0.0.0-20231006140011-7918f672742d.zip//golang.org/x/exp@v0.0.0-20231006140011-7918f672742d/slog/internal/buffer/norace_test.go	ok
2026-09-27 14:59:33	C:\Users\lehie\AppData\Local\Temp\aiflow-security-modules-bnyayvbf\archives\golang.org_x_image@v0.45.0.zip//golang.org/x/image@v0.45.0/testdata/yellow_rose.lossy-with-alpha.webp	ok
2026-09-27 14:59:33	C:\Users\lehie\AppData\Local\Temp\aiflow-security-modules-bnyayvbf\archives\golang.org_x_image@v0.45.0.zip//golang.org/x/image@v0.45.0/testdata/yellow_rose.lossy-with-alpha.webp.nycbcra.png	ok
2026-09-27 14:59:33	C:\Users\lehie\AppData\Local\Temp\aiflow-security-modules-bnyayvbf\archives\golang.org_x_exp@v0.0.0-20231006140011-7918f672742d.zip//golang.org/x/exp@v0.0.0-20231006140011-7918f672742d/slog/internal/ignorepc.go	ok
2026-09-27 14:59:33	C:\Users\lehie\AppData\Local\Temp\aiflow-security-modules-bnyayvbf\archives\golang.org_x_image@v0.45.0.zip//golang.org/x/image@v0.45.0/testdata/yellow_rose.lossy.webp	ok
2026-09-27 14:59:33	C:\Users\lehie\AppData\Local\Temp\aiflow-security-modules-bnyayvbf\archives\golang.org_x_exp@v0.0.0-20231006140011-7918f672742d.zip//golang.org/x/exp@v0.0.0-20231006140011-7918f672742d/slog/internal/testutil/testutil.go	ok
2026-09-27 14:59:33	C:\Users\lehie\AppData\Local\Temp\aiflow-security-modules-bnyayvbf\archives\golang.org_x_image@v0.45.0.zip//golang.org/x/image@v0.45.0/testdata/yellow_rose.lossy.webp.ycbcr.png	ok
2026-09-27 14:59:33	C:\Users\lehie\AppData\Local\Temp\aiflow-security-modules-bnyayvbf\archives\golang.org_x_image@v0.45.0.zip//golang.org/x/image@v0.45.0/testdata/yellow_rose.png	ok
2026-09-27 14:59:33	C:\Users\lehie\AppData\Local\Temp\aiflow-security-modules-bnyayvbf\archives\golang.org_x_exp@v0.0.0-20231006140011-7918f672742d.zip//golang.org/x/exp@v0.0.0-20231006140011-7918f672742d/slog/json_handler.go	ok
2026-09-27 14:59:33	C:\Users\lehie\AppData\Local\Temp\aiflow-security-modules-bnyayvbf\archives\golang.org_x_image@v0.45.0.zip//golang.org/x/image@v0.45.0/tiff/buffer.go	ok
2026-09-27 14:59:33	C:\Users\lehie\AppData\Local\Temp\aiflow-security-modules-bnyayvbf\archives\golang.org_x_exp@v0.0.0-20231006140011-7918f672742d.zip//golang.org/x/exp@v0.0.0-20231006140011-7918f672742d/slog/json_handler_test.go	ok
2026-09-27 14:59:33	C:\Users\lehie\AppData\Local\Temp\aiflow-security-modules-bnyayvbf\archives\golang.org_x_image@v0.45.0.zip//golang.org/x/image@v0.45.0/tiff/buffer_test.go	ok
2026-09-27 14:59:33	C:\Users\lehie\AppData\Local\Temp\aiflow-security-modules-bnyayvbf\archives\golang.org_x_image@v0.45.0.zip//golang.org/x/image@v0.45.0/tiff/compress.go	ok
2026-09-27 14:59:33	C:\Users\lehie\AppData\Local\Temp\aiflow-security-modules-bnyayvbf\archives\golang.org_x_exp@v0.0.0-20231006140011-7918f672742d.zip//golang.org/x/exp@v0.0.0-20231006140011-7918f672742d/slog/level.go	ok
2026-09-27 14:59:33	C:\Users\lehie\AppData\Local\Temp\aiflow-security-modules-bnyayvbf\archives\golang.org_x_image@v0.45.0.zip//golang.org/x/image@v0.45.0/tiff/consts.go	ok
2026-09-27 14:59:33	C:\Users\lehie\AppData\Local\Temp\aiflow-security-modules-bnyayvbf\archives\golang.org_x_exp@v0.0.0-20231006140011-7918f672742d.zip//golang.org/x/exp@v0.0.0-20231006140011-7918f672742d/slog/level_test.go	ok
2026-09-27 14:59:33	C:\Users\lehie\AppData\Local\Temp\aiflow-security-modules-bnyayvbf\archives\golang.org_x_image@v0.45.0.zip//golang.org/x/image@v0.45.0/tiff/fuzz.go	ok
2026-09-27 14:59:33	C:\Users\lehie\AppData\Local\Temp\aiflow-security-modules-bnyayvbf\archives\golang.org_x_exp@v0.0.0-20231006140011-7918f672742d.zip//golang.org/x/exp@v0.0.0-20231006140011-7918f672742d/slog/logger.go	ok
2026-09-27 14:59:33	C:\Users\lehie\AppData\Local\Temp\aiflow-security-modules-bnyayvbf\archives\golang.org_x_image@v0.45.0.zip//golang.org/x/image@v0.45.0/tiff/lzw/reader.go	ok
2026-09-27 14:59:33	C:\Users\lehie\AppData\Local\Temp\aiflow-security-modules-bnyayvbf\archives\golang.org_x_exp@v0.0.0-20231006140011-7918f672742d.zip//golang.org/x/exp@v0.0.0-20231006140011-7918f672742d/slog/logger_test.go	ok
2026-09-27 14:59:33	C:\Users\lehie\AppData\Local\Temp\aiflow-security-modules-bnyayvbf\archives\golang.org_x_exp@v0.0.0-20231006140011-7918f672742d.zip//golang.org/x/exp@v0.0.0-20231006140011-7918f672742d/slog/noplog.bench	ok
2026-09-27 14:59:33	C:\Users\lehie\AppData\Local\Temp\aiflow-security-modules-bnyayvbf\archives\golang.org_x_image@v0.45.0.zip//golang.org/x/image@v0.45.0/tiff/reader.go	ok
2026-09-27 14:59:33	C:\Users\lehie\AppData\Local\Temp\aiflow-security-modules-bnyayvbf\archives\golang.org_x_exp@v0.0.0-20231006140011-7918f672742d.zip//golang.org/x/exp@v0.0.0-20231006140011-7918f672742d/slog/norace_test.go	ok
2026-09-27 14:59:33	C:\Users\lehie\AppData\Local\Temp\aiflow-security-modules-bnyayvbf\archives\golang.org_x_exp@v0.0.0-20231006140011-7918f672742d.zip//golang.org/x/exp@v0.0.0-20231006140011-7918f672742d/slog/race_test.go	ok
2026-09-27 14:59:33	C:\Users\lehie\AppData\Local\Temp\aiflow-security-modules-bnyayvbf\archives\golang.org_x_image@v0.45.0.zip//golang.org/x/image@v0.45.0/tiff/reader_test.go	ok
2026-09-27 14:59:33	C:\Users\lehie\AppData\Local\Temp\aiflow-security-modules-bnyayvbf\archives\golang.org_x_image@v0.45.0.zip//golang.org/x/image@v0.45.0/tiff/testdata/0x0.tiff	ok
2026-09-27 14:59:33	C:\Users\lehie\AppData\Local\Temp\aiflow-security-modules-bnyayvbf\archives\golang.org_x_exp@v0.0.0-20231006140011-7918f672742d.zip//golang.org/x/exp@v0.0.0-20231006140011-7918f672742d/slog/record.go	ok
2026-09-27 14:59:33	C:\Users\lehie\AppData\Local\Temp\aiflow-security-modules-bnyayvbf\archives\golang.org_x_image@v0.45.0.zip//golang.org/x/image@v0.45.0/tiff/testdata/0x1.tiff	ok
2026-09-27 14:59:33	C:\Users\lehie\AppData\Local\Temp\aiflow-security-modules-bnyayvbf\archives\golang.org_x_image@v0.45.0.zip//golang.org/x/image@v0.45.0/tiff/testdata/1x0.tiff	ok
2026-09-27 14:59:33	C:\Users\lehie\AppData\Local\Temp\aiflow-security-modules-bnyayvbf\archives\golang.org_x_exp@v0.0.0-20231006140011-7918f672742d.zip//golang.org/x/exp@v0.0.0-20231006140011-7918f672742d/slog/record_test.go	ok
2026-09-27 14:59:33 	C:\Users\lehie\AppData\Local\Temp\aiflow-security-modules-bnyayvbf\archives\golang.org_x_image@v0.45.0.zip//golang.org/x/image@v0.45.0/tiff/testdata/tiled-gray1-invert.tiff.bz2	archive	BZIP2
2026-09-27 14:59:33	C:\Users\lehie\AppData\Local\Temp\aiflow-security-modules-bnyayvbf\archives\golang.org_x_image@v0.45.0.zip//golang.org/x/image@v0.45.0/tiff/testdata/tiled-gray1-invert.tiff.bz2//tiled-gray1-invert.tiff	ok
2026-09-27 14:59:33	C:\Users\lehie\AppData\Local\Temp\aiflow-security-modules-bnyayvbf\archives\golang.org_x_exp@v0.0.0-20231006140011-7918f672742d.zip//golang.org/x/exp@v0.0.0-20231006140011-7918f672742d/slog/slogtest/example_test.go	ok
2026-09-27 14:59:33	C:\Users\lehie\AppData\Local\Temp\aiflow-security-modules-bnyayvbf\archives\golang.org_x_image@v0.45.0.zip//golang.org/x/image@v0.45.0/tiff/testdata/tiled-gray1-invert.tiff.bz2	ok
2026-09-27 14:59:33 	C:\Users\lehie\AppData\Local\Temp\aiflow-security-modules-bnyayvbf\archives\golang.org_x_image@v0.45.0.zip//golang.org/x/image@v0.45.0/tiff/testdata/tiled-gray1.tiff.bz2	archive	BZIP2
2026-09-27 14:59:33	C:\Users\lehie\AppData\Local\Temp\aiflow-security-modules-bnyayvbf\archives\golang.org_x_exp@v0.0.0-20231006140011-7918f672742d.zip//golang.org/x/exp@v0.0.0-20231006140011-7918f672742d/slog/slogtest/slogtest.go	ok
2026-09-27 14:59:33	C:\Users\lehie\AppData\Local\Temp\aiflow-security-modules-bnyayvbf\archives\golang.org_x_image@v0.45.0.zip//golang.org/x/image@v0.45.0/tiff/testdata/tiled-gray1.tiff.bz2//tiled-gray1.tiff	ok
2026-09-27 14:59:33	C:\Users\lehie\AppData\Local\Temp\aiflow-security-modules-bnyayvbf\archives\golang.org_x_image@v0.45.0.zip//golang.org/x/image@v0.45.0/tiff/testdata/tiled-gray1.tiff.bz2	ok
2026-09-27 14:59:33	C:\Users\lehie\AppData\Local\Temp\aiflow-security-modules-bnyayvbf\archives\golang.org_x_exp@v0.0.0-20231006140011-7918f672742d.zip//golang.org/x/exp@v0.0.0-20231006140011-7918f672742d/slog/slogtest/slogtest_119.go	ok
2026-09-27 14:59:33 	C:\Users\lehie\AppData\Local\Temp\aiflow-security-modules-bnyayvbf\archives\golang.org_x_image@v0.45.0.zip//golang.org/x/image@v0.45.0/tiff/testdata/tiled-gray16.tiff.bz2	archive	BZIP2
2026-09-27 14:59:33	C:\Users\lehie\AppData\Local\Temp\aiflow-security-modules-bnyayvbf\archives\golang.org_x_image@v0.45.0.zip//golang.org/x/image@v0.45.0/tiff/testdata/tiled-gray16.tiff.bz2//tiled-gray16.tiff	ok
2026-09-27 14:59:33	C:\Users\lehie\AppData\Local\Temp\aiflow-security-modules-bnyayvbf\archives\golang.org_x_exp@v0.0.0-20231006140011-7918f672742d.zip//golang.org/x/exp@v0.0.0-20231006140011-7918f672742d/slog/slogtest/slogtest_120.go	ok
2026-09-27 14:59:33	C:\Users\lehie\AppData\Local\Temp\aiflow-security-modules-bnyayvbf\archives\golang.org_x_image@v0.45.0.zip//golang.org/x/image@v0.45.0/tiff/testdata/tiled-gray16.tiff.bz2	ok
2026-09-27 14:59:33 	C:\Users\lehie\AppData\Local\Temp\aiflow-security-modules-bnyayvbf\archives\golang.org_x_image@v0.45.0.zip//golang.org/x/image@v0.45.0/tiff/testdata/tiled-gray8-invert.tiff.bz2	archive	BZIP2
2026-09-27 14:59:33	C:\Users\lehie\AppData\Local\Temp\aiflow-security-modules-bnyayvbf\archives\golang.org_x_exp@v0.0.0-20231006140011-7918f672742d.zip//golang.org/x/exp@v0.0.0-20231006140011-7918f672742d/slog/slogtest_test.go	ok
2026-09-27 14:59:33	C:\Users\lehie\AppData\Local\Temp\aiflow-security-modules-bnyayvbf\archives\golang.org_x_image@v0.45.0.zip//golang.org/x/image@v0.45.0/tiff/testdata/tiled-gray8-invert.tiff.bz2//tiled-gray8-invert.tiff	ok
2026-09-27 14:59:33	C:\Users\lehie\AppData\Local\Temp\aiflow-security-modules-bnyayvbf\archives\golang.org_x_image@v0.45.0.zip//golang.org/x/image@v0.45.0/tiff/testdata/tiled-gray8-invert.tiff.bz2	ok
2026-09-27 14:59:33 	C:\Users\lehie\AppData\Local\Temp\aiflow-security-modules-bnyayvbf\archives\golang.org_x_image@v0.45.0.zip//golang.org/x/image@v0.45.0/tiff/testdata/tiled-gray8.tiff.bz2	archive	BZIP2
2026-09-27 14:59:33	C:\Users\lehie\AppData\Local\Temp\aiflow-security-modules-bnyayvbf\archives\golang.org_x_exp@v0.0.0-20231006140011-7918f672742d.zip//golang.org/x/exp@v0.0.0-20231006140011-7918f672742d/slog/text_handler.go	ok
2026-09-27 14:59:33	C:\Users\lehie\AppData\Local\Temp\aiflow-security-modules-bnyayvbf\archives\golang.org_x_image@v0.45.0.zip//golang.org/x/image@v0.45.0/tiff/testdata/tiled-gray8.tiff.bz2//tiled-gray8.tiff	ok
2026-09-27 14:59:33	C:\Users\lehie\AppData\Local\Temp\aiflow-security-modules-bnyayvbf\archives\golang.org_x_image@v0.45.0.zip//golang.org/x/image@v0.45.0/tiff/testdata/tiled-gray8.tiff.bz2	ok
2026-09-27 14:59:33	C:\Users\lehie\AppData\Local\Temp\aiflow-security-modules-bnyayvbf\archives\golang.org_x_exp@v0.0.0-20231006140011-7918f672742d.zip//golang.org/x/exp@v0.0.0-20231006140011-7918f672742d/slog/text_handler_test.go	ok
2026-09-27 14:59:33 	C:\Users\lehie\AppData\Local\Temp\aiflow-security-modules-bnyayvbf\archives\golang.org_x_image@v0.45.0.zip//golang.org/x/image@v0.45.0/tiff/testdata/tiled-nrgba16.tiff.bz2	archive	BZIP2
2026-09-27 14:59:33	C:\Users\lehie\AppData\Local\Temp\aiflow-security-modules-bnyayvbf\archives\golang.org_x_image@v0.45.0.zip//golang.org/x/image@v0.45.0/tiff/testdata/tiled-nrgba16.tiff.bz2//tiled-nrgba16.tiff	ok
2026-09-27 14:59:33	C:\Users\lehie\AppData\Local\Temp\aiflow-security-modules-bnyayvbf\archives\golang.org_x_image@v0.45.0.zip//golang.org/x/image@v0.45.0/tiff/testdata/tiled-nrgba16.tiff.bz2	ok
2026-09-27 14:59:33	C:\Users\lehie\AppData\Local\Temp\aiflow-security-modules-bnyayvbf\archives\golang.org_x_exp@v0.0.0-20231006140011-7918f672742d.zip//golang.org/x/exp@v0.0.0-20231006140011-7918f672742d/slog/value.go	ok
2026-09-27 14:59:33 	C:\Users\lehie\AppData\Local\Temp\aiflow-security-modules-bnyayvbf\archives\golang.org_x_image@v0.45.0.zip//golang.org/x/image@v0.45.0/tiff/testdata/tiled-nrgba8.tiff.bz2	archive	BZIP2
2026-09-27 14:59:33	C:\Users\lehie\AppData\Local\Temp\aiflow-security-modules-bnyayvbf\archives\golang.org_x_exp@v0.0.0-20231006140011-7918f672742d.zip//golang.org/x/exp@v0.0.0-20231006140011-7918f672742d/slog/value_119.go	ok
2026-09-27 14:59:33	C:\Users\lehie\AppData\Local\Temp\aiflow-security-modules-bnyayvbf\archives\golang.org_x_image@v0.45.0.zip//golang.org/x/image@v0.45.0/tiff/testdata/tiled-nrgba8.tiff.bz2//tiled-nrgba8.tiff	ok
2026-09-27 14:59:33	C:\Users\lehie\AppData\Local\Temp\aiflow-security-modules-bnyayvbf\archives\golang.org_x_image@v0.45.0.zip//golang.org/x/image@v0.45.0/tiff/testdata/tiled-nrgba8.tiff.bz2	ok
2026-09-27 14:59:33	C:\Users\lehie\AppData\Local\Temp\aiflow-security-modules-bnyayvbf\archives\golang.org_x_exp@v0.0.0-20231006140011-7918f672742d.zip//golang.org/x/exp@v0.0.0-20231006140011-7918f672742d/slog/value_120.go	ok
2026-09-27 14:59:33 	C:\Users\lehie\AppData\Local\Temp\aiflow-security-modules-bnyayvbf\archives\golang.org_x_image@v0.45.0.zip//golang.org/x/image@v0.45.0/tiff/testdata/tiled-paletted1.tiff.bz2	archive	BZIP2
2026-09-27 14:59:33	C:\Users\lehie\AppData\Local\Temp\aiflow-security-modules-bnyayvbf\archives\golang.org_x_image@v0.45.0.zip//golang.org/x/image@v0.45.0/tiff/testdata/tiled-paletted1.tiff.bz2//tiled-paletted1.tiff	ok
2026-09-27 14:59:33	C:\Users\lehie\AppData\Local\Temp\aiflow-security-modules-bnyayvbf\archives\golang.org_x_image@v0.45.0.zip//golang.org/x/image@v0.45.0/tiff/testdata/tiled-paletted1.tiff.bz2	ok
2026-09-27 14:59:33	C:\Users\lehie\AppData\Local\Temp\aiflow-security-modules-bnyayvbf\archives\golang.org_x_exp@v0.0.0-20231006140011-7918f672742d.zip//golang.org/x/exp@v0.0.0-20231006140011-7918f672742d/slog/value_access_benchmark_test.go	ok
2026-09-27 14:59:33 	C:\Users\lehie\AppData\Local\Temp\aiflow-security-modules-bnyayvbf\archives\golang.org_x_image@v0.45.0.zip//golang.org/x/image@v0.45.0/tiff/testdata/tiled-paletted8.tiff.bz2	archive	BZIP2
2026-09-27 14:59:33	C:\Users\lehie\AppData\Local\Temp\aiflow-security-modules-bnyayvbf\archives\golang.org_x_image@v0.45.0.zip//golang.org/x/image@v0.45.0/tiff/testdata/tiled-paletted8.tiff.bz2//tiled-paletted8.tiff	ok
2026-09-27 14:59:33	C:\Users\lehie\AppData\Local\Temp\aiflow-security-modules-bnyayvbf\archives\golang.org_x_exp@v0.0.0-20231006140011-7918f672742d.zip//golang.org/x/exp@v0.0.0-20231006140011-7918f672742d/slog/value_test.go	ok
2026-09-27 14:59:33	C:\Users\lehie\AppData\Local\Temp\aiflow-security-modules-bnyayvbf\archives\golang.org_x_image@v0.45.0.zip//golang.org/x/image@v0.45.0/tiff/testdata/tiled-paletted8.tiff.bz2	ok
2026-09-27 14:59:33 	C:\Users\lehie\AppData\Local\Temp\aiflow-security-modules-bnyayvbf\archives\golang.org_x_image@v0.45.0.zip//golang.org/x/image@v0.45.0/tiff/testdata/tiled-rgb16.tiff.bz2	archive	BZIP2
2026-09-27 14:59:33	C:\Users\lehie\AppData\Local\Temp\aiflow-security-modules-bnyayvbf\archives\golang.org_x_exp@v0.0.0-20231006140011-7918f672742d.zip//golang.org/x/exp@v0.0.0-20231006140011-7918f672742d/utf8string/string.go	ok
2026-09-27 14:59:33	C:\Users\lehie\AppData\Local\Temp\aiflow-security-modules-bnyayvbf\archives\golang.org_x_image@v0.45.0.zip//golang.org/x/image@v0.45.0/tiff/testdata/tiled-rgb16.tiff.bz2//tiled-rgb16.tiff	ok
2026-09-27 14:59:33	C:\Users\lehie\AppData\Local\Temp\aiflow-security-modules-bnyayvbf\archives\golang.org_x_image@v0.45.0.zip//golang.org/x/image@v0.45.0/tiff/testdata/tiled-rgb16.tiff.bz2	ok
2026-09-27 14:59:33	C:\Users\lehie\AppData\Local\Temp\aiflow-security-modules-bnyayvbf\archives\golang.org_x_exp@v0.0.0-20231006140011-7918f672742d.zip//golang.org/x/exp@v0.0.0-20231006140011-7918f672742d/utf8string/string_test.go	ok
2026-09-27 14:59:33 	C:\Users\lehie\AppData\Local\Temp\aiflow-security-modules-bnyayvbf\archives\golang.org_x_image@v0.45.0.zip//golang.org/x/image@v0.45.0/tiff/testdata/tiled-rgb8.tiff.bz2	archive	BZIP2
2026-09-27 14:59:33	C:\Users\lehie\AppData\Local\Temp\aiflow-security-modules-bnyayvbf\archives\golang.org_x_exp@v0.0.0-20231006140011-7918f672742d.zip	ok
2026-09-27 14:59:33	C:\Users\lehie\AppData\Local\Temp\aiflow-security-modules-bnyayvbf\archives\golang.org_x_image@v0.45.0.zip//golang.org/x/image@v0.45.0/tiff/testdata/tiled-rgb8.tiff.bz2//tiled-rgb8.tiff	ok
2026-09-27 14:59:33	C:\Users\lehie\AppData\Local\Temp\aiflow-security-modules-bnyayvbf\archives\golang.org_x_image@v0.45.0.zip//golang.org/x/image@v0.45.0/tiff/testdata/tiled-rgb8.tiff.bz2	ok
2026-09-27 14:59:33 	C:\Users\lehie\AppData\Local\Temp\aiflow-security-modules-bnyayvbf\archives\golang.org_x_image@v0.45.0.zip//golang.org/x/image@v0.45.0/tiff/testdata/tiled-rgba16.tiff.bz2	archive	BZIP2
2026-09-27 14:59:33	C:\Users\lehie\AppData\Local\Temp\aiflow-security-modules-bnyayvbf\archives\golang.org_x_image@v0.45.0.zip//golang.org/x/image@v0.45.0/tiff/testdata/tiled-rgba16.tiff.bz2//tiled-rgba16.tiff	ok
2026-09-27 14:59:33	C:\Users\lehie\AppData\Local\Temp\aiflow-security-modules-bnyayvbf\archives\golang.org_x_image@v0.45.0.zip//golang.org/x/image@v0.45.0/tiff/testdata/tiled-rgba16.tiff.bz2	ok
2026-09-27 14:59:33 	C:\Users\lehie\AppData\Local\Temp\aiflow-security-modules-bnyayvbf\archives\golang.org_x_mod@v0.40.0.zip	archive	ZIP
2026-09-27 14:59:33 	C:\Users\lehie\AppData\Local\Temp\aiflow-security-modules-bnyayvbf\archives\golang.org_x_image@v0.45.0.zip//golang.org/x/image@v0.45.0/tiff/testdata/tiled-rgba8.tiff.bz2	archive	BZIP2
2026-09-27 14:59:33	C:\Users\lehie\AppData\Local\Temp\aiflow-security-modules-bnyayvbf\archives\golang.org_x_image@v0.45.0.zip//golang.org/x/image@v0.45.0/tiff/testdata/tiled-rgba8.tiff.bz2//tiled-rgba8.tiff	ok
2026-09-27 14:59:33	C:\Users\lehie\AppData\Local\Temp\aiflow-security-modules-bnyayvbf\archives\golang.org_x_mod@v0.40.0.zip//golang.org/x/mod@v0.40.0/LICENSE	ok
2026-09-27 14:59:33	C:\Users\lehie\AppData\Local\Temp\aiflow-security-modules-bnyayvbf\archives\golang.org_x_image@v0.45.0.zip//golang.org/x/image@v0.45.0/tiff/testdata/tiled-rgba8.tiff.bz2	ok
2026-09-27 14:59:33	C:\Users\lehie\AppData\Local\Temp\aiflow-security-modules-bnyayvbf\archives\golang.org_x_mod@v0.40.0.zip//golang.org/x/mod@v0.40.0/PATENTS	ok
2026-09-27 14:59:33	C:\Users\lehie\AppData\Local\Temp\aiflow-security-modules-bnyayvbf\archives\golang.org_x_image@v0.45.0.zip//golang.org/x/image@v0.45.0/tiff/writer.go	ok
2026-09-27 14:59:33	C:\Users\lehie\AppData\Local\Temp\aiflow-security-modules-bnyayvbf\archives\golang.org_x_mod@v0.40.0.zip//golang.org/x/mod@v0.40.0/README.md	ok
2026-09-27 14:59:33	C:\Users\lehie\AppData\Local\Temp\aiflow-security-modules-bnyayvbf\archives\golang.org_x_image@v0.45.0.zip//golang.org/x/image@v0.45.0/tiff/writer_test.go	ok
2026-09-27 14:59:33	C:\Users\lehie\AppData\Local\Temp\aiflow-security-modules-bnyayvbf\archives\golang.org_x_mod@v0.40.0.zip//golang.org/x/mod@v0.40.0/codereview.cfg	ok
2026-09-27 14:59:33	C:\Users\lehie\AppData\Local\Temp\aiflow-security-modules-bnyayvbf\archives\golang.org_x_image@v0.45.0.zip//golang.org/x/image@v0.45.0/vector/acc_amd64.go	ok
2026-09-27 14:59:33	C:\Users\lehie\AppData\Local\Temp\aiflow-security-modules-bnyayvbf\archives\golang.org_x_mod@v0.40.0.zip//golang.org/x/mod@v0.40.0/go.mod	ok
2026-09-27 14:59:33	C:\Users\lehie\AppData\Local\Temp\aiflow-security-modules-bnyayvbf\archives\golang.org_x_mod@v0.40.0.zip//golang.org/x/mod@v0.40.0/go.sum	ok
2026-09-27 14:59:33	C:\Users\lehie\AppData\Local\Temp\aiflow-security-modules-bnyayvbf\archives\golang.org_x_image@v0.45.0.zip//golang.org/x/image@v0.45.0/vector/acc_amd64.s	ok
2026-09-27 14:59:33	C:\Users\lehie\AppData\Local\Temp\aiflow-security-modules-bnyayvbf\archives\golang.org_x_image@v0.45.0.zip//golang.org/x/image@v0.45.0/vector/acc_other.go	ok
2026-09-27 14:59:33	C:\Users\lehie\AppData\Local\Temp\aiflow-security-modules-bnyayvbf\archives\golang.org_x_mod@v0.40.0.zip//golang.org/x/mod@v0.40.0/gosumcheck/main.go	ok
2026-09-27 14:59:33	C:\Users\lehie\AppData\Local\Temp\aiflow-security-modules-bnyayvbf\archives\golang.org_x_mod@v0.40.0.zip//golang.org/x/mod@v0.40.0/gosumcheck/test.bash	ok
2026-09-27 14:59:33	C:\Users\lehie\AppData\Local\Temp\aiflow-security-modules-bnyayvbf\archives\golang.org_x_image@v0.45.0.zip//golang.org/x/image@v0.45.0/vector/acc_test.go	ok
2026-09-27 14:59:33	C:\Users\lehie\AppData\Local\Temp\aiflow-security-modules-bnyayvbf\archives\golang.org_x_mod@v0.40.0.zip//golang.org/x/mod@v0.40.0/gosumcheck/test.sum	ok
2026-09-27 14:59:33	C:\Users\lehie\AppData\Local\Temp\aiflow-security-modules-bnyayvbf\archives\golang.org_x_image@v0.45.0.zip//golang.org/x/image@v0.45.0/vector/example_test.go	ok
2026-09-27 14:59:33	C:\Users\lehie\AppData\Local\Temp\aiflow-security-modules-bnyayvbf\archives\golang.org_x_mod@v0.40.0.zip//golang.org/x/mod@v0.40.0/internal/lazyregexp/lazyre.go	ok
2026-09-27 14:59:33	C:\Users\lehie\AppData\Local\Temp\aiflow-security-modules-bnyayvbf\archives\golang.org_x_mod@v0.40.0.zip//golang.org/x/mod@v0.40.0/modfile/print.go	ok
2026-09-27 14:59:33	C:\Users\lehie\AppData\Local\Temp\aiflow-security-modules-bnyayvbf\archives\golang.org_x_image@v0.45.0.zip//golang.org/x/image@v0.45.0/vector/gen.go	ok
2026-09-27 14:59:33	C:\Users\lehie\AppData\Local\Temp\aiflow-security-modules-bnyayvbf\archives\golang.org_x_image@v0.45.0.zip//golang.org/x/image@v0.45.0/vector/gen_acc_amd64.s.tmpl	ok
2026-09-27 14:59:33	C:\Users\lehie\AppData\Local\Temp\aiflow-security-modules-bnyayvbf\archives\golang.org_x_mod@v0.40.0.zip//golang.org/x/mod@v0.40.0/modfile/read.go	ok
2026-09-27 14:59:33	C:\Users\lehie\AppData\Local\Temp\aiflow-security-modules-bnyayvbf\archives\golang.org_x_image@v0.45.0.zip//golang.org/x/image@v0.45.0/vector/raster_fixed.go	ok
2026-09-27 14:59:33	C:\Users\lehie\AppData\Local\Temp\aiflow-security-modules-bnyayvbf\archives\golang.org_x_image@v0.45.0.zip//golang.org/x/image@v0.45.0/vector/raster_floating.go	ok
2026-09-27 14:59:33	C:\Users\lehie\AppData\Local\Temp\aiflow-security-modules-bnyayvbf\archives\golang.org_x_mod@v0.40.0.zip//golang.org/x/mod@v0.40.0/modfile/read_test.go	ok
2026-09-27 14:59:33	C:\Users\lehie\AppData\Local\Temp\aiflow-security-modules-bnyayvbf\archives\golang.org_x_image@v0.45.0.zip//golang.org/x/image@v0.45.0/vector/vector.go	ok
2026-09-27 14:59:33	C:\Users\lehie\AppData\Local\Temp\aiflow-security-modules-bnyayvbf\archives\golang.org_x_mod@v0.40.0.zip//golang.org/x/mod@v0.40.0/modfile/rule.go	ok
2026-09-27 14:59:33	C:\Users\lehie\AppData\Local\Temp\aiflow-security-modules-bnyayvbf\archives\golang.org_x_image@v0.45.0.zip//golang.org/x/image@v0.45.0/vector/vector_test.go	ok
2026-09-27 14:59:33	C:\Users\lehie\AppData\Local\Temp\aiflow-security-modules-bnyayvbf\archives\golang.org_x_image@v0.45.0.zip//golang.org/x/image@v0.45.0/vp8/decode.go	ok
2026-09-27 14:59:33	C:\Users\lehie\AppData\Local\Temp\aiflow-security-modules-bnyayvbf\archives\golang.org_x_mod@v0.40.0.zip//golang.org/x/mod@v0.40.0/modfile/rule_test.go	ok
2026-09-27 14:59:33	C:\Users\lehie\AppData\Local\Temp\aiflow-security-modules-bnyayvbf\archives\golang.org_x_image@v0.45.0.zip//golang.org/x/image@v0.45.0/vp8/filter.go	ok
2026-09-27 14:59:33	C:\Users\lehie\AppData\Local\Temp\aiflow-security-modules-bnyayvbf\archives\golang.org_x_mod@v0.40.0.zip//golang.org/x/mod@v0.40.0/modfile/testdata/block.golden	ok
2026-09-27 14:59:33	C:\Users\lehie\AppData\Local\Temp\aiflow-security-modules-bnyayvbf\archives\golang.org_x_mod@v0.40.0.zip//golang.org/x/mod@v0.40.0/modfile/testdata/block.in	ok
2026-09-27 14:59:33	C:\Users\lehie\AppData\Local\Temp\aiflow-security-modules-bnyayvbf\archives\golang.org_x_image@v0.45.0.zip//golang.org/x/image@v0.45.0/vp8/idct.go	ok
2026-09-27 14:59:33	C:\Users\lehie\AppData\Local\Temp\aiflow-security-modules-bnyayvbf\archives\golang.org_x_mod@v0.40.0.zip//golang.org/x/mod@v0.40.0/modfile/testdata/comment.golden	ok
2026-09-27 14:59:33	C:\Users\lehie\AppData\Local\Temp\aiflow-security-modules-bnyayvbf\archives\golang.org_x_image@v0.45.0.zip//golang.org/x/image@v0.45.0/vp8/partition.go	ok
2026-09-27 14:59:33	C:\Users\lehie\AppData\Local\Temp\aiflow-security-modules-bnyayvbf\archives\golang.org_x_mod@v0.40.0.zip//golang.org/x/mod@v0.40.0/modfile/testdata/comment.in	ok
2026-09-27 14:59:33	C:\Users\lehie\AppData\Local\Temp\aiflow-security-modules-bnyayvbf\archives\golang.org_x_image@v0.45.0.zip//golang.org/x/image@v0.45.0/vp8/pred.go	ok
2026-09-27 14:59:33	C:\Users\lehie\AppData\Local\Temp\aiflow-security-modules-bnyayvbf\archives\golang.org_x_mod@v0.40.0.zip//golang.org/x/mod@v0.40.0/modfile/testdata/empty.golden	ok
2026-09-27 14:59:33	C:\Users\lehie\AppData\Local\Temp\aiflow-security-modules-bnyayvbf\archives\golang.org_x_mod@v0.40.0.zip//golang.org/x/mod@v0.40.0/modfile/testdata/empty.in	ok
2026-09-27 14:59:33	C:\Users\lehie\AppData\Local\Temp\aiflow-security-modules-bnyayvbf\archives\golang.org_x_image@v0.45.0.zip//golang.org/x/image@v0.45.0/vp8/predfunc.go	ok
2026-09-27 14:59:33	C:\Users\lehie\AppData\Local\Temp\aiflow-security-modules-bnyayvbf\archives\golang.org_x_mod@v0.40.0.zip//golang.org/x/mod@v0.40.0/modfile/testdata/goline.golden	ok
2026-09-27 14:59:33	C:\Users\lehie\AppData\Local\Temp\aiflow-security-modules-bnyayvbf\archives\golang.org_x_image@v0.45.0.zip//golang.org/x/image@v0.45.0/vp8/quant.go	ok
2026-09-27 14:59:33	C:\Users\lehie\AppData\Local\Temp\aiflow-security-modules-bnyayvbf\archives\golang.org_x_mod@v0.40.0.zip//golang.org/x/mod@v0.40.0/modfile/testdata/goline.in	ok
2026-09-27 14:59:33	C:\Users\lehie\AppData\Local\Temp\aiflow-security-modules-bnyayvbf\archives\golang.org_x_mod@v0.40.0.zip//golang.org/x/mod@v0.40.0/modfile/testdata/gopkg.in.golden	ok
2026-09-27 14:59:33	C:\Users\lehie\AppData\Local\Temp\aiflow-security-modules-bnyayvbf\archives\golang.org_x_image@v0.45.0.zip//golang.org/x/image@v0.45.0/vp8/reconstruct.go	ok
2026-09-27 14:59:33	C:\Users\lehie\AppData\Local\Temp\aiflow-security-modules-bnyayvbf\archives\golang.org_x_mod@v0.40.0.zip//golang.org/x/mod@v0.40.0/modfile/testdata/issue70632.golden	ok
2026-09-27 14:59:33	C:\Users\lehie\AppData\Local\Temp\aiflow-security-modules-bnyayvbf\archives\golang.org_x_image@v0.45.0.zip//golang.org/x/image@v0.45.0/vp8/token.go	ok
2026-09-27 14:59:33	C:\Users\lehie\AppData\Local\Temp\aiflow-security-modules-bnyayvbf\archives\golang.org_x_mod@v0.40.0.zip//golang.org/x/mod@v0.40.0/modfile/testdata/issue70632.in	ok
2026-09-27 14:59:33	C:\Users\lehie\AppData\Local\Temp\aiflow-security-modules-bnyayvbf\archives\golang.org_x_mod@v0.40.0.zip//golang.org/x/mod@v0.40.0/modfile/testdata/module.golden	ok
2026-09-27 14:59:33	C:\Users\lehie\AppData\Local\Temp\aiflow-security-modules-bnyayvbf\archives\golang.org_x_image@v0.45.0.zip//golang.org/x/image@v0.45.0/vp8l/decode.go	ok
2026-09-27 14:59:33	C:\Users\lehie\AppData\Local\Temp\aiflow-security-modules-bnyayvbf\archives\golang.org_x_mod@v0.40.0.zip//golang.org/x/mod@v0.40.0/modfile/testdata/module.in	ok
2026-09-27 14:59:33	C:\Users\lehie\AppData\Local\Temp\aiflow-security-modules-bnyayvbf\archives\golang.org_x_mod@v0.40.0.zip//golang.org/x/mod@v0.40.0/modfile/testdata/replace.golden	ok
2026-09-27 14:59:33	C:\Users\lehie\AppData\Local\Temp\aiflow-security-modules-bnyayvbf\archives\golang.org_x_image@v0.45.0.zip//golang.org/x/image@v0.45.0/vp8l/huffman.go	ok
2026-09-27 14:59:33	C:\Users\lehie\AppData\Local\Temp\aiflow-security-modules-bnyayvbf\archives\golang.org_x_mod@v0.40.0.zip//golang.org/x/mod@v0.40.0/modfile/testdata/replace.in	ok
2026-09-27 14:59:33	C:\Users\lehie\AppData\Local\Temp\aiflow-security-modules-bnyayvbf\archives\golang.org_x_image@v0.45.0.zip//golang.org/x/image@v0.45.0/vp8l/transform.go	ok
2026-09-27 14:59:33	C:\Users\lehie\AppData\Local\Temp\aiflow-security-modules-bnyayvbf\archives\golang.org_x_mod@v0.40.0.zip//golang.org/x/mod@v0.40.0/modfile/testdata/replace2.golden	ok
2026-09-27 14:59:33	C:\Users\lehie\AppData\Local\Temp\aiflow-security-modules-bnyayvbf\archives\golang.org_x_mod@v0.40.0.zip//golang.org/x/mod@v0.40.0/modfile/testdata/replace2.in	ok
2026-09-27 14:59:33	C:\Users\lehie\AppData\Local\Temp\aiflow-security-modules-bnyayvbf\archives\golang.org_x_image@v0.45.0.zip//golang.org/x/image@v0.45.0/webp/decode.go	ok
2026-09-27 14:59:33	C:\Users\lehie\AppData\Local\Temp\aiflow-security-modules-bnyayvbf\archives\golang.org_x_mod@v0.40.0.zip//golang.org/x/mod@v0.40.0/modfile/testdata/retract.golden	ok
2026-09-27 14:59:33	C:\Users\lehie\AppData\Local\Temp\aiflow-security-modules-bnyayvbf\archives\golang.org_x_mod@v0.40.0.zip//golang.org/x/mod@v0.40.0/modfile/testdata/retract.in	ok
2026-09-27 14:59:33	C:\Users\lehie\AppData\Local\Temp\aiflow-security-modules-bnyayvbf\archives\golang.org_x_image@v0.45.0.zip//golang.org/x/image@v0.45.0/webp/decode_test.go	ok
2026-09-27 14:59:33	C:\Users\lehie\AppData\Local\Temp\aiflow-security-modules-bnyayvbf\archives\golang.org_x_mod@v0.40.0.zip//golang.org/x/mod@v0.40.0/modfile/testdata/rule1.golden	ok
2026-09-27 14:59:33	C:\Users\lehie\AppData\Local\Temp\aiflow-security-modules-bnyayvbf\archives\golang.org_x_image@v0.45.0.zip//golang.org/x/image@v0.45.0/webp/doc.go	ok
2026-09-27 14:59:33	C:\Users\lehie\AppData\Local\Temp\aiflow-security-modules-bnyayvbf\archives\golang.org_x_image@v0.45.0.zip	ok
2026-09-27 14:59:33	C:\Users\lehie\AppData\Local\Temp\aiflow-security-modules-bnyayvbf\archives\golang.org_x_mod@v0.40.0.zip//golang.org/x/mod@v0.40.0/modfile/testdata/work/comment.golden	ok
2026-09-27 14:59:33	C:\Users\lehie\AppData\Local\Temp\aiflow-security-modules-bnyayvbf\archives\golang.org_x_mod@v0.40.0.zip//golang.org/x/mod@v0.40.0/modfile/testdata/work/comment.in	ok
2026-09-27 14:59:33 	C:\Users\lehie\AppData\Local\Temp\aiflow-security-modules-bnyayvbf\archives\golang.org_x_sys@v0.0.0-20210809222454-d867a43fc93e.zip	archive	ZIP
2026-09-27 14:59:33	C:\Users\lehie\AppData\Local\Temp\aiflow-security-modules-bnyayvbf\archives\golang.org_x_mod@v0.40.0.zip//golang.org/x/mod@v0.40.0/modfile/testdata/work/empty.golden	ok
2026-09-27 14:59:33	C:\Users\lehie\AppData\Local\Temp\aiflow-security-modules-bnyayvbf\archives\golang.org_x_mod@v0.40.0.zip//golang.org/x/mod@v0.40.0/modfile/testdata/work/empty.in	ok
2026-09-27 14:59:33	C:\Users\lehie\AppData\Local\Temp\aiflow-security-modules-bnyayvbf\archives\golang.org_x_sys@v0.0.0-20210809222454-d867a43fc93e.zip//golang.org/x/sys@v0.0.0-20210809222454-d867a43fc93e/.gitattributes	ok
2026-09-27 14:59:33	C:\Users\lehie\AppData\Local\Temp\aiflow-security-modules-bnyayvbf\archives\golang.org_x_mod@v0.40.0.zip//golang.org/x/mod@v0.40.0/modfile/testdata/work/goline.golden	ok
2026-09-27 14:59:33	C:\Users\lehie\AppData\Local\Temp\aiflow-security-modules-bnyayvbf\archives\golang.org_x_sys@v0.0.0-20210809222454-d867a43fc93e.zip//golang.org/x/sys@v0.0.0-20210809222454-d867a43fc93e/.gitignore	ok
2026-09-27 14:59:33	C:\Users\lehie\AppData\Local\Temp\aiflow-security-modules-bnyayvbf\archives\golang.org_x_mod@v0.40.0.zip//golang.org/x/mod@v0.40.0/modfile/testdata/work/goline.in	ok
2026-09-27 14:59:33	C:\Users\lehie\AppData\Local\Temp\aiflow-security-modules-bnyayvbf\archives\golang.org_x_sys@v0.0.0-20210809222454-d867a43fc93e.zip//golang.org/x/sys@v0.0.0-20210809222454-d867a43fc93e/AUTHORS	ok
2026-09-27 14:59:33	C:\Users\lehie\AppData\Local\Temp\aiflow-security-modules-bnyayvbf\archives\golang.org_x_mod@v0.40.0.zip//golang.org/x/mod@v0.40.0/modfile/testdata/work/replace.golden	ok
2026-09-27 14:59:33	C:\Users\lehie\AppData\Local\Temp\aiflow-security-modules-bnyayvbf\archives\golang.org_x_sys@v0.0.0-20210809222454-d867a43fc93e.zip//golang.org/x/sys@v0.0.0-20210809222454-d867a43fc93e/CONTRIBUTING.md	ok
2026-09-27 14:59:33	C:\Users\lehie\AppData\Local\Temp\aiflow-security-modules-bnyayvbf\archives\golang.org_x_mod@v0.40.0.zip//golang.org/x/mod@v0.40.0/modfile/testdata/work/replace.in	ok
2026-09-27 14:59:33	C:\Users\lehie\AppData\Local\Temp\aiflow-security-modules-bnyayvbf\archives\golang.org_x_sys@v0.0.0-20210809222454-d867a43fc93e.zip//golang.org/x/sys@v0.0.0-20210809222454-d867a43fc93e/CONTRIBUTORS	ok
2026-09-27 14:59:33	C:\Users\lehie\AppData\Local\Temp\aiflow-security-modules-bnyayvbf\archives\golang.org_x_mod@v0.40.0.zip//golang.org/x/mod@v0.40.0/modfile/testdata/work/replace2.golden	ok
2026-09-27 14:59:33	C:\Users\lehie\AppData\Local\Temp\aiflow-security-modules-bnyayvbf\archives\golang.org_x_sys@v0.0.0-20210809222454-d867a43fc93e.zip//golang.org/x/sys@v0.0.0-20210809222454-d867a43fc93e/LICENSE	ok
2026-09-27 14:59:33	C:\Users\lehie\AppData\Local\Temp\aiflow-security-modules-bnyayvbf\archives\golang.org_x_mod@v0.40.0.zip//golang.org/x/mod@v0.40.0/modfile/testdata/work/replace2.in	ok
2026-09-27 14:59:33	C:\Users\lehie\AppData\Local\Temp\aiflow-security-modules-bnyayvbf\archives\golang.org_x_sys@v0.0.0-20210809222454-d867a43fc93e.zip//golang.org/x/sys@v0.0.0-20210809222454-d867a43fc93e/PATENTS	ok
2026-09-27 14:59:33	C:\Users\lehie\AppData\Local\Temp\aiflow-security-modules-bnyayvbf\archives\golang.org_x_mod@v0.40.0.zip//golang.org/x/mod@v0.40.0/modfile/testdata/work/use.golden	ok
2026-09-27 14:59:33	C:\Users\lehie\AppData\Local\Temp\aiflow-security-modules-bnyayvbf\archives\golang.org_x_sys@v0.0.0-20210809222454-d867a43fc93e.zip//golang.org/x/sys@v0.0.0-20210809222454-d867a43fc93e/README.md	ok
2026-09-27 14:59:33	C:\Users\lehie\AppData\Local\Temp\aiflow-security-modules-bnyayvbf\archives\golang.org_x_mod@v0.40.0.zip//golang.org/x/mod@v0.40.0/modfile/testdata/work/use.in	ok
2026-09-27 14:59:33	C:\Users\lehie\AppData\Local\Temp\aiflow-security-modules-bnyayvbf\archives\golang.org_x_sys@v0.0.0-20210809222454-d867a43fc93e.zip//golang.org/x/sys@v0.0.0-20210809222454-d867a43fc93e/codereview.cfg	ok
2026-09-27 14:59:33	C:\Users\lehie\AppData\Local\Temp\aiflow-security-modules-bnyayvbf\archives\golang.org_x_mod@v0.40.0.zip//golang.org/x/mod@v0.40.0/modfile/work.go	ok
2026-09-27 14:59:33	C:\Users\lehie\AppData\Local\Temp\aiflow-security-modules-bnyayvbf\archives\golang.org_x_sys@v0.0.0-20210809222454-d867a43fc93e.zip//golang.org/x/sys@v0.0.0-20210809222454-d867a43fc93e/cpu/asm_aix_ppc64.s	ok
2026-09-27 14:59:33	C:\Users\lehie\AppData\Local\Temp\aiflow-security-modules-bnyayvbf\archives\golang.org_x_sys@v0.0.0-20210809222454-d867a43fc93e.zip//golang.org/x/sys@v0.0.0-20210809222454-d867a43fc93e/cpu/byteorder.go	ok
2026-09-27 14:59:33	C:\Users\lehie\AppData\Local\Temp\aiflow-security-modules-bnyayvbf\archives\golang.org_x_mod@v0.40.0.zip//golang.org/x/mod@v0.40.0/modfile/work_test.go	ok
2026-09-27 14:59:33	C:\Users\lehie\AppData\Local\Temp\aiflow-security-modules-bnyayvbf\archives\golang.org_x_sys@v0.0.0-20210809222454-d867a43fc93e.zip//golang.org/x/sys@v0.0.0-20210809222454-d867a43fc93e/cpu/cpu.go	ok
2026-09-27 14:59:33	C:\Users\lehie\AppData\Local\Temp\aiflow-security-modules-bnyayvbf\archives\golang.org_x_mod@v0.40.0.zip//golang.org/x/mod@v0.40.0/module/module.go	ok
2026-09-27 14:59:33	C:\Users\lehie\AppData\Local\Temp\aiflow-security-modules-bnyayvbf\archives\golang.org_x_sys@v0.0.0-20210809222454-d867a43fc93e.zip//golang.org/x/sys@v0.0.0-20210809222454-d867a43fc93e/cpu/cpu_aix.go	ok
2026-09-27 14:59:33	C:\Users\lehie\AppData\Local\Temp\aiflow-security-modules-bnyayvbf\archives\golang.org_x_sys@v0.0.0-20210809222454-d867a43fc93e.zip//golang.org/x/sys@v0.0.0-20210809222454-d867a43fc93e/cpu/cpu_arm.go	ok
2026-09-27 14:59:33	C:\Users\lehie\AppData\Local\Temp\aiflow-security-modules-bnyayvbf\archives\golang.org_x_mod@v0.40.0.zip//golang.org/x/mod@v0.40.0/module/module_test.go	ok
2026-09-27 14:59:33	C:\Users\lehie\AppData\Local\Temp\aiflow-security-modules-bnyayvbf\archives\golang.org_x_sys@v0.0.0-20210809222454-d867a43fc93e.zip//golang.org/x/sys@v0.0.0-20210809222454-d867a43fc93e/cpu/cpu_arm64.go	ok
2026-09-27 14:59:33	C:\Users\lehie\AppData\Local\Temp\aiflow-security-modules-bnyayvbf\archives\golang.org_x_mod@v0.40.0.zip//golang.org/x/mod@v0.40.0/module/pseudo.go	ok
2026-09-27 14:59:33	C:\Users\lehie\AppData\Local\Temp\aiflow-security-modules-bnyayvbf\archives\golang.org_x_sys@v0.0.0-20210809222454-d867a43fc93e.zip//golang.org/x/sys@v0.0.0-20210809222454-d867a43fc93e/cpu/cpu_arm64.s	ok
2026-09-27 14:59:33	C:\Users\lehie\AppData\Local\Temp\aiflow-security-modules-bnyayvbf\archives\golang.org_x_mod@v0.40.0.zip//golang.org/x/mod@v0.40.0/module/pseudo_test.go	ok
2026-09-27 14:59:33	C:\Users\lehie\AppData\Local\Temp\aiflow-security-modules-bnyayvbf\archives\golang.org_x_sys@v0.0.0-20210809222454-d867a43fc93e.zip//golang.org/x/sys@v0.0.0-20210809222454-d867a43fc93e/cpu/cpu_gc_arm64.go	ok
2026-09-27 14:59:33	C:\Users\lehie\AppData\Local\Temp\aiflow-security-modules-bnyayvbf\archives\golang.org_x_sys@v0.0.0-20210809222454-d867a43fc93e.zip//golang.org/x/sys@v0.0.0-20210809222454-d867a43fc93e/cpu/cpu_gc_s390x.go	ok
2026-09-27 14:59:33	C:\Users\lehie\AppData\Local\Temp\aiflow-security-modules-bnyayvbf\archives\golang.org_x_mod@v0.40.0.zip//golang.org/x/mod@v0.40.0/semver/semver.go	ok
2026-09-27 14:59:33	C:\Users\lehie\AppData\Local\Temp\aiflow-security-modules-bnyayvbf\archives\golang.org_x_sys@v0.0.0-20210809222454-d867a43fc93e.zip//golang.org/x/sys@v0.0.0-20210809222454-d867a43fc93e/cpu/cpu_gc_x86.go	ok
2026-09-27 14:59:33	C:\Users\lehie\AppData\Local\Temp\aiflow-security-modules-bnyayvbf\archives\golang.org_x_mod@v0.40.0.zip//golang.org/x/mod@v0.40.0/semver/semver_test.go	ok
2026-09-27 14:59:33	C:\Users\lehie\AppData\Local\Temp\aiflow-security-modules-bnyayvbf\archives\golang.org_x_sys@v0.0.0-20210809222454-d867a43fc93e.zip//golang.org/x/sys@v0.0.0-20210809222454-d867a43fc93e/cpu/cpu_gccgo_arm64.go	ok
2026-09-27 14:59:33	C:\Users\lehie\AppData\Local\Temp\aiflow-security-modules-bnyayvbf\archives\golang.org_x_mod@v0.40.0.zip//golang.org/x/mod@v0.40.0/sumdb/cache.go	ok
2026-09-27 14:59:33	C:\Users\lehie\AppData\Local\Temp\aiflow-security-modules-bnyayvbf\archives\golang.org_x_sys@v0.0.0-20210809222454-d867a43fc93e.zip//golang.org/x/sys@v0.0.0-20210809222454-d867a43fc93e/cpu/cpu_gccgo_s390x.go	ok
2026-09-27 14:59:33	C:\Users\lehie\AppData\Local\Temp\aiflow-security-modules-bnyayvbf\archives\golang.org_x_sys@v0.0.0-20210809222454-d867a43fc93e.zip//golang.org/x/sys@v0.0.0-20210809222454-d867a43fc93e/cpu/cpu_gccgo_x86.c	ok
2026-09-27 14:59:33	C:\Users\lehie\AppData\Local\Temp\aiflow-security-modules-bnyayvbf\archives\golang.org_x_mod@v0.40.0.zip//golang.org/x/mod@v0.40.0/sumdb/client.go	ok
2026-09-27 14:59:33	C:\Users\lehie\AppData\Local\Temp\aiflow-security-modules-bnyayvbf\archives\golang.org_x_sys@v0.0.0-20210809222454-d867a43fc93e.zip//golang.org/x/sys@v0.0.0-20210809222454-d867a43fc93e/cpu/cpu_gccgo_x86.go	ok
2026-09-27 14:59:33	C:\Users\lehie\AppData\Local\Temp\aiflow-security-modules-bnyayvbf\archives\golang.org_x_mod@v0.40.0.zip//golang.org/x/mod@v0.40.0/sumdb/client_test.go	ok
2026-09-27 14:59:33	C:\Users\lehie\AppData\Local\Temp\aiflow-security-modules-bnyayvbf\archives\golang.org_x_sys@v0.0.0-20210809222454-d867a43fc93e.zip//golang.org/x/sys@v0.0.0-20210809222454-d867a43fc93e/cpu/cpu_linux.go	ok
2026-09-27 14:59:33	C:\Users\lehie\AppData\Local\Temp\aiflow-security-modules-bnyayvbf\archives\golang.org_x_mod@v0.40.0.zip//golang.org/x/mod@v0.40.0/sumdb/dirhash/hash.go	ok
2026-09-27 14:59:33	C:\Users\lehie\AppData\Local\Temp\aiflow-security-modules-bnyayvbf\archives\golang.org_x_sys@v0.0.0-20210809222454-d867a43fc93e.zip//golang.org/x/sys@v0.0.0-20210809222454-d867a43fc93e/cpu/cpu_linux_arm.go	ok
2026-09-27 14:59:33	C:\Users\lehie\AppData\Local\Temp\aiflow-security-modules-bnyayvbf\archives\golang.org_x_sys@v0.0.0-20210809222454-d867a43fc93e.zip//golang.org/x/sys@v0.0.0-20210809222454-d867a43fc93e/cpu/cpu_linux_arm64.go	ok
2026-09-27 14:59:33	C:\Users\lehie\AppData\Local\Temp\aiflow-security-modules-bnyayvbf\archives\golang.org_x_mod@v0.40.0.zip//golang.org/x/mod@v0.40.0/sumdb/dirhash/hash_test.go	ok
2026-09-27 14:59:33	C:\Users\lehie\AppData\Local\Temp\aiflow-security-modules-bnyayvbf\archives\golang.org_x_sys@v0.0.0-20210809222454-d867a43fc93e.zip//golang.org/x/sys@v0.0.0-20210809222454-d867a43fc93e/cpu/cpu_linux_mips64x.go	ok
2026-09-27 14:59:33	C:\Users\lehie\AppData\Local\Temp\aiflow-security-modules-bnyayvbf\archives\golang.org_x_mod@v0.40.0.zip//golang.org/x/mod@v0.40.0/sumdb/note/example_test.go	ok
2026-09-27 14:59:33	C:\Users\lehie\AppData\Local\Temp\aiflow-security-modules-bnyayvbf\archives\golang.org_x_sys@v0.0.0-20210809222454-d867a43fc93e.zip//golang.org/x/sys@v0.0.0-20210809222454-d867a43fc93e/cpu/cpu_linux_noinit.go	ok
2026-09-27 14:59:33	C:\Users\lehie\AppData\Local\Temp\aiflow-security-modules-bnyayvbf\archives\golang.org_x_sys@v0.0.0-20210809222454-d867a43fc93e.zip//golang.org/x/sys@v0.0.0-20210809222454-d867a43fc93e/cpu/cpu_linux_ppc64x.go	ok
2026-09-27 14:59:33	C:\Users\lehie\AppData\Local\Temp\aiflow-security-modules-bnyayvbf\archives\golang.org_x_mod@v0.40.0.zip//golang.org/x/mod@v0.40.0/sumdb/note/note.go	ok
2026-09-27 14:59:33	C:\Users\lehie\AppData\Local\Temp\aiflow-security-modules-bnyayvbf\archives\golang.org_x_sys@v0.0.0-20210809222454-d867a43fc93e.zip//golang.org/x/sys@v0.0.0-20210809222454-d867a43fc93e/cpu/cpu_linux_s390x.go	ok
2026-09-27 14:59:33	C:\Users\lehie\AppData\Local\Temp\aiflow-security-modules-bnyayvbf\archives\golang.org_x_mod@v0.40.0.zip//golang.org/x/mod@v0.40.0/sumdb/note/note_test.go	ok
2026-09-27 14:59:33	C:\Users\lehie\AppData\Local\Temp\aiflow-security-modules-bnyayvbf\archives\golang.org_x_sys@v0.0.0-20210809222454-d867a43fc93e.zip//golang.org/x/sys@v0.0.0-20210809222454-d867a43fc93e/cpu/cpu_mips64x.go	ok
2026-09-27 14:59:33	C:\Users\lehie\AppData\Local\Temp\aiflow-security-modules-bnyayvbf\archives\golang.org_x_sys@v0.0.0-20210809222454-d867a43fc93e.zip//golang.org/x/sys@v0.0.0-20210809222454-d867a43fc93e/cpu/cpu_mipsx.go	ok
2026-09-27 14:59:33	C:\Users\lehie\AppData\Local\Temp\aiflow-security-modules-bnyayvbf\archives\golang.org_x_mod@v0.40.0.zip//golang.org/x/mod@v0.40.0/sumdb/server.go	ok
2026-09-27 14:59:33	C:\Users\lehie\AppData\Local\Temp\aiflow-security-modules-bnyayvbf\archives\golang.org_x_mod@v0.40.0.zip//golang.org/x/mod@v0.40.0/sumdb/storage/mem.go	ok
2026-09-27 14:59:33	C:\Users\lehie\AppData\Local\Temp\aiflow-security-modules-bnyayvbf\archives\golang.org_x_sys@v0.0.0-20210809222454-d867a43fc93e.zip//golang.org/x/sys@v0.0.0-20210809222454-d867a43fc93e/cpu/cpu_netbsd_arm64.go	ok
2026-09-27 14:59:33	C:\Users\lehie\AppData\Local\Temp\aiflow-security-modules-bnyayvbf\archives\golang.org_x_mod@v0.40.0.zip//golang.org/x/mod@v0.40.0/sumdb/storage/mem_test.go	ok
2026-09-27 14:59:33	C:\Users\lehie\AppData\Local\Temp\aiflow-security-modules-bnyayvbf\archives\golang.org_x_sys@v0.0.0-20210809222454-d867a43fc93e.zip//golang.org/x/sys@v0.0.0-20210809222454-d867a43fc93e/cpu/cpu_other_arm.go	ok
2026-09-27 14:59:33	C:\Users\lehie\AppData\Local\Temp\aiflow-security-modules-bnyayvbf\archives\golang.org_x_sys@v0.0.0-20210809222454-d867a43fc93e.zip//golang.org/x/sys@v0.0.0-20210809222454-d867a43fc93e/cpu/cpu_other_arm64.go	ok
2026-09-27 14:59:33	C:\Users\lehie\AppData\Local\Temp\aiflow-security-modules-bnyayvbf\archives\golang.org_x_mod@v0.40.0.zip//golang.org/x/mod@v0.40.0/sumdb/storage/storage.go	ok
2026-09-27 14:59:33	C:\Users\lehie\AppData\Local\Temp\aiflow-security-modules-bnyayvbf\archives\golang.org_x_sys@v0.0.0-20210809222454-d867a43fc93e.zip//golang.org/x/sys@v0.0.0-20210809222454-d867a43fc93e/cpu/cpu_other_mips64x.go	ok
2026-09-27 14:59:33	C:\Users\lehie\AppData\Local\Temp\aiflow-security-modules-bnyayvbf\archives\golang.org_x_mod@v0.40.0.zip//golang.org/x/mod@v0.40.0/sumdb/storage/test.go	ok
2026-09-27 14:59:33	C:\Users\lehie\AppData\Local\Temp\aiflow-security-modules-bnyayvbf\archives\golang.org_x_sys@v0.0.0-20210809222454-d867a43fc93e.zip//golang.org/x/sys@v0.0.0-20210809222454-d867a43fc93e/cpu/cpu_ppc64x.go	ok
2026-09-27 14:59:33	C:\Users\lehie\AppData\Local\Temp\aiflow-security-modules-bnyayvbf\archives\golang.org_x_mod@v0.40.0.zip//golang.org/x/mod@v0.40.0/sumdb/test.go	ok
2026-09-27 14:59:33	C:\Users\lehie\AppData\Local\Temp\aiflow-security-modules-bnyayvbf\archives\golang.org_x_sys@v0.0.0-20210809222454-d867a43fc93e.zip//golang.org/x/sys@v0.0.0-20210809222454-d867a43fc93e/cpu/cpu_riscv64.go	ok
2026-09-27 14:59:33	C:\Users\lehie\AppData\Local\Temp\aiflow-security-modules-bnyayvbf\archives\golang.org_x_mod@v0.40.0.zip//golang.org/x/mod@v0.40.0/sumdb/tlog/ct_test.go	ok
2026-09-27 14:59:33	C:\Users\lehie\AppData\Local\Temp\aiflow-security-modules-bnyayvbf\archives\golang.org_x_sys@v0.0.0-20210809222454-d867a43fc93e.zip//golang.org/x/sys@v0.0.0-20210809222454-d867a43fc93e/cpu/cpu_s390x.go	ok
2026-09-27 14:59:33	C:\Users\lehie\AppData\Local\Temp\aiflow-security-modules-bnyayvbf\archives\golang.org_x_mod@v0.40.0.zip//golang.org/x/mod@v0.40.0/sumdb/tlog/note.go	ok
2026-09-27 14:59:33	C:\Users\lehie\AppData\Local\Temp\aiflow-security-modules-bnyayvbf\archives\golang.org_x_sys@v0.0.0-20210809222454-d867a43fc93e.zip//golang.org/x/sys@v0.0.0-20210809222454-d867a43fc93e/cpu/cpu_s390x.s	ok
2026-09-27 14:59:33	C:\Users\lehie\AppData\Local\Temp\aiflow-security-modules-bnyayvbf\archives\golang.org_x_mod@v0.40.0.zip//golang.org/x/mod@v0.40.0/sumdb/tlog/note_test.go	ok
2026-09-27 14:59:33	C:\Users\lehie\AppData\Local\Temp\aiflow-security-modules-bnyayvbf\archives\golang.org_x_sys@v0.0.0-20210809222454-d867a43fc93e.zip//golang.org/x/sys@v0.0.0-20210809222454-d867a43fc93e/cpu/cpu_s390x_test.go	ok
2026-09-27 14:59:33	C:\Users\lehie\AppData\Local\Temp\aiflow-security-modules-bnyayvbf\archives\golang.org_x_mod@v0.40.0.zip//golang.org/x/mod@v0.40.0/sumdb/tlog/tile.go	ok
2026-09-27 14:59:33	C:\Users\lehie\AppData\Local\Temp\aiflow-security-modules-bnyayvbf\archives\golang.org_x_sys@v0.0.0-20210809222454-d867a43fc93e.zip//golang.org/x/sys@v0.0.0-20210809222454-d867a43fc93e/cpu/cpu_test.go	ok
2026-09-27 14:59:33	C:\Users\lehie\AppData\Local\Temp\aiflow-security-modules-bnyayvbf\archives\golang.org_x_sys@v0.0.0-20210809222454-d867a43fc93e.zip//golang.org/x/sys@v0.0.0-20210809222454-d867a43fc93e/cpu/cpu_wasm.go	ok
2026-09-27 14:59:33	C:\Users\lehie\AppData\Local\Temp\aiflow-security-modules-bnyayvbf\archives\golang.org_x_mod@v0.40.0.zip//golang.org/x/mod@v0.40.0/sumdb/tlog/tile_test.go	ok
2026-09-27 14:59:33	C:\Users\lehie\AppData\Local\Temp\aiflow-security-modules-bnyayvbf\archives\golang.org_x_sys@v0.0.0-20210809222454-d867a43fc93e.zip//golang.org/x/sys@v0.0.0-20210809222454-d867a43fc93e/cpu/cpu_x86.go	ok
2026-09-27 14:59:33	C:\Users\lehie\AppData\Local\Temp\aiflow-security-modules-bnyayvbf\archives\golang.org_x_mod@v0.40.0.zip//golang.org/x/mod@v0.40.0/sumdb/tlog/tlog.go	ok
2026-09-27 14:59:33	C:\Users\lehie\AppData\Local\Temp\aiflow-security-modules-bnyayvbf\archives\golang.org_x_sys@v0.0.0-20210809222454-d867a43fc93e.zip//golang.org/x/sys@v0.0.0-20210809222454-d867a43fc93e/cpu/cpu_x86.s	ok
2026-09-27 14:59:33	C:\Users\lehie\AppData\Local\Temp\aiflow-security-modules-bnyayvbf\archives\golang.org_x_sys@v0.0.0-20210809222454-d867a43fc93e.zip//golang.org/x/sys@v0.0.0-20210809222454-d867a43fc93e/cpu/cpu_zos.go	ok
2026-09-27 14:59:33	C:\Users\lehie\AppData\Local\Temp\aiflow-security-modules-bnyayvbf\archives\golang.org_x_mod@v0.40.0.zip//golang.org/x/mod@v0.40.0/sumdb/tlog/tlog_test.go	ok
2026-09-27 14:59:33	C:\Users\lehie\AppData\Local\Temp\aiflow-security-modules-bnyayvbf\archives\golang.org_x_sys@v0.0.0-20210809222454-d867a43fc93e.zip//golang.org/x/sys@v0.0.0-20210809222454-d867a43fc93e/cpu/cpu_zos_s390x.go	ok
2026-09-27 14:59:33	C:\Users\lehie\AppData\Local\Temp\aiflow-security-modules-bnyayvbf\archives\golang.org_x_mod@v0.40.0.zip//golang.org/x/mod@v0.40.0/zip/testdata/check_dir/empty.txt	ok
2026-09-27 14:59:33	C:\Users\lehie\AppData\Local\Temp\aiflow-security-modules-bnyayvbf\archives\golang.org_x_mod@v0.40.0.zip//golang.org/x/mod@v0.40.0/zip/testdata/check_dir/various.txt	ok
2026-09-27 14:59:33	C:\Users\lehie\AppData\Local\Temp\aiflow-security-modules-bnyayvbf\archives\golang.org_x_sys@v0.0.0-20210809222454-d867a43fc93e.zip//golang.org/x/sys@v0.0.0-20210809222454-d867a43fc93e/cpu/hwcap_linux.go	ok
2026-09-27 14:59:33	C:\Users\lehie\AppData\Local\Temp\aiflow-security-modules-bnyayvbf\archives\golang.org_x_mod@v0.40.0.zip//golang.org/x/mod@v0.40.0/zip/testdata/check_dir/various_go123.txt	ok
2026-09-27 14:59:33	C:\Users\lehie\AppData\Local\Temp\aiflow-security-modules-bnyayvbf\archives\golang.org_x_sys@v0.0.0-20210809222454-d867a43fc93e.zip//golang.org/x/sys@v0.0.0-20210809222454-d867a43fc93e/cpu/syscall_aix_gccgo.go	ok
2026-09-27 14:59:33	C:\Users\lehie\AppData\Local\Temp\aiflow-security-modules-bnyayvbf\archives\golang.org_x_mod@v0.40.0.zip//golang.org/x/mod@v0.40.0/zip/testdata/check_dir/various_go124.txt	ok
2026-09-27 14:59:33	C:\Users\lehie\AppData\Local\Temp\aiflow-security-modules-bnyayvbf\archives\golang.org_x_sys@v0.0.0-20210809222454-d867a43fc93e.zip//golang.org/x/sys@v0.0.0-20210809222454-d867a43fc93e/cpu/syscall_aix_ppc64_gc.go	ok
2026-09-27 14:59:33	C:\Users\lehie\AppData\Local\Temp\aiflow-security-modules-bnyayvbf\archives\golang.org_x_mod@v0.40.0.zip//golang.org/x/mod@v0.40.0/zip/testdata/check_files/empty.txt	ok
2026-09-27 14:59:33	C:\Users\lehie\AppData\Local\Temp\aiflow-security-modules-bnyayvbf\archives\golang.org_x_mod@v0.40.0.zip//golang.org/x/mod@v0.40.0/zip/testdata/check_files/various.txt	ok
2026-09-27 14:59:33	C:\Users\lehie\AppData\Local\Temp\aiflow-security-modules-bnyayvbf\archives\golang.org_x_sys@v0.0.0-20210809222454-d867a43fc93e.zip//golang.org/x/sys@v0.0.0-20210809222454-d867a43fc93e/execabs/execabs.go	ok
2026-09-27 14:59:33	C:\Users\lehie\AppData\Local\Temp\aiflow-security-modules-bnyayvbf\archives\golang.org_x_mod@v0.40.0.zip//golang.org/x/mod@v0.40.0/zip/testdata/check_files/various_go123.txt	ok
2026-09-27 14:59:33	C:\Users\lehie\AppData\Local\Temp\aiflow-security-modules-bnyayvbf\archives\golang.org_x_sys@v0.0.0-20210809222454-d867a43fc93e.zip//golang.org/x/sys@v0.0.0-20210809222454-d867a43fc93e/execabs/execabs_test.go	ok
2026-09-27 14:59:33	C:\Users\lehie\AppData\Local\Temp\aiflow-security-modules-bnyayvbf\archives\golang.org_x_mod@v0.40.0.zip//golang.org/x/mod@v0.40.0/zip/testdata/check_files/various_go124.txt	ok
2026-09-27 14:59:33	C:\Users\lehie\AppData\Local\Temp\aiflow-security-modules-bnyayvbf\archives\golang.org_x_sys@v0.0.0-20210809222454-d867a43fc93e.zip//golang.org/x/sys@v0.0.0-20210809222454-d867a43fc93e/go.mod	ok
2026-09-27 14:59:33	C:\Users\lehie\AppData\Local\Temp\aiflow-security-modules-bnyayvbf\archives\golang.org_x_mod@v0.40.0.zip//golang.org/x/mod@v0.40.0/zip/testdata/check_zip/empty.txt	ok
2026-09-27 14:59:33	C:\Users\lehie\AppData\Local\Temp\aiflow-security-modules-bnyayvbf\archives\golang.org_x_sys@v0.0.0-20210809222454-d867a43fc93e.zip//golang.org/x/sys@v0.0.0-20210809222454-d867a43fc93e/internal/unsafeheader/unsafeheader.go	ok
2026-09-27 14:59:33	C:\Users\lehie\AppData\Local\Temp\aiflow-security-modules-bnyayvbf\archives\golang.org_x_mod@v0.40.0.zip//golang.org/x/mod@v0.40.0/zip/testdata/check_zip/various.txt	ok
2026-09-27 14:59:33	C:\Users\lehie\AppData\Local\Temp\aiflow-security-modules-bnyayvbf\archives\golang.org_x_sys@v0.0.0-20210809222454-d867a43fc93e.zip//golang.org/x/sys@v0.0.0-20210809222454-d867a43fc93e/internal/unsafeheader/unsafeheader_test.go	ok
2026-09-27 14:59:33	C:\Users\lehie\AppData\Local\Temp\aiflow-security-modules-bnyayvbf\archives\golang.org_x_mod@v0.40.0.zip//golang.org/x/mod@v0.40.0/zip/testdata/create/bad_file_path.txt	ok
2026-09-27 14:59:33	C:\Users\lehie\AppData\Local\Temp\aiflow-security-modules-bnyayvbf\archives\golang.org_x_sys@v0.0.0-20210809222454-d867a43fc93e.zip//golang.org/x/sys@v0.0.0-20210809222454-d867a43fc93e/plan9/asm.s	ok
2026-09-27 14:59:33	C:\Users\lehie\AppData\Local\Temp\aiflow-security-modules-bnyayvbf\archives\golang.org_x_mod@v0.40.0.zip//golang.org/x/mod@v0.40.0/zip/testdata/create/bad_gomod_case.txt	ok
2026-09-27 14:59:33	C:\Users\lehie\AppData\Local\Temp\aiflow-security-modules-bnyayvbf\archives\golang.org_x_sys@v0.0.0-20210809222454-d867a43fc93e.zip//golang.org/x/sys@v0.0.0-20210809222454-d867a43fc93e/plan9/asm_plan9_386.s	ok
2026-09-27 14:59:33	C:\Users\lehie\AppData\Local\Temp\aiflow-security-modules-bnyayvbf\archives\golang.org_x_mod@v0.40.0.zip//golang.org/x/mod@v0.40.0/zip/testdata/create/bad_mod_path.txt	ok
2026-09-27 14:59:33	C:\Users\lehie\AppData\Local\Temp\aiflow-security-modules-bnyayvbf\archives\golang.org_x_sys@v0.0.0-20210809222454-d867a43fc93e.zip//golang.org/x/sys@v0.0.0-20210809222454-d867a43fc93e/plan9/asm_plan9_amd64.s	ok
2026-09-27 14:59:33	C:\Users\lehie\AppData\Local\Temp\aiflow-security-modules-bnyayvbf\archives\golang.org_x_mod@v0.40.0.zip//golang.org/x/mod@v0.40.0/zip/testdata/create/bad_mod_path_version_suffix.txt	ok
2026-09-27 14:59:33	C:\Users\lehie\AppData\Local\Temp\aiflow-security-modules-bnyayvbf\archives\golang.org_x_sys@v0.0.0-20210809222454-d867a43fc93e.zip//golang.org/x/sys@v0.0.0-20210809222454-d867a43fc93e/plan9/asm_plan9_arm.s	ok
2026-09-27 14:59:33	C:\Users\lehie\AppData\Local\Temp\aiflow-security-modules-bnyayvbf\archives\golang.org_x_mod@v0.40.0.zip//golang.org/x/mod@v0.40.0/zip/testdata/create/bad_version.txt	ok
2026-09-27 14:59:33	C:\Users\lehie\AppData\Local\Temp\aiflow-security-modules-bnyayvbf\archives\golang.org_x_mod@v0.40.0.zip//golang.org/x/mod@v0.40.0/zip/testdata/create/dup_file.txt	ok
2026-09-27 14:59:33	C:\Users\lehie\AppData\Local\Temp\aiflow-security-modules-bnyayvbf\archives\golang.org_x_sys@v0.0.0-20210809222454-d867a43fc93e.zip//golang.org/x/sys@v0.0.0-20210809222454-d867a43fc93e/plan9/const_plan9.go	ok
2026-09-27 14:59:33	C:\Users\lehie\AppData\Local\Temp\aiflow-security-modules-bnyayvbf\archives\golang.org_x_mod@v0.40.0.zip//golang.org/x/mod@v0.40.0/zip/testdata/create/dup_file_and_dir.txt	ok
2026-09-27 14:59:33	C:\Users\lehie\AppData\Local\Temp\aiflow-security-modules-bnyayvbf\archives\golang.org_x_sys@v0.0.0-20210809222454-d867a43fc93e.zip//golang.org/x/sys@v0.0.0-20210809222454-d867a43fc93e/plan9/dir_plan9.go	ok
2026-09-27 14:59:33	C:\Users\lehie\AppData\Local\Temp\aiflow-security-modules-bnyayvbf\archives\golang.org_x_mod@v0.40.0.zip//golang.org/x/mod@v0.40.0/zip/testdata/create/empty.txt	ok
2026-09-27 14:59:33	C:\Users\lehie\AppData\Local\Temp\aiflow-security-modules-bnyayvbf\archives\golang.org_x_sys@v0.0.0-20210809222454-d867a43fc93e.zip//golang.org/x/sys@v0.0.0-20210809222454-d867a43fc93e/plan9/env_plan9.go	ok
2026-09-27 14:59:33	C:\Users\lehie\AppData\Local\Temp\aiflow-security-modules-bnyayvbf\archives\golang.org_x_mod@v0.40.0.zip//golang.org/x/mod@v0.40.0/zip/testdata/create/exclude_cap_go_mod_submodule.txt	ok
2026-09-27 14:59:33	C:\Users\lehie\AppData\Local\Temp\aiflow-security-modules-bnyayvbf\archives\golang.org_x_sys@v0.0.0-20210809222454-d867a43fc93e.zip//golang.org/x/sys@v0.0.0-20210809222454-d867a43fc93e/plan9/errors_plan9.go	ok
2026-09-27 14:59:33	C:\Users\lehie\AppData\Local\Temp\aiflow-security-modules-bnyayvbf\archives\golang.org_x_mod@v0.40.0.zip//golang.org/x/mod@v0.40.0/zip/testdata/create/exclude_submodule.txt	ok
2026-09-27 14:59:33	C:\Users\lehie\AppData\Local\Temp\aiflow-security-modules-bnyayvbf\archives\golang.org_x_mod@v0.40.0.zip//golang.org/x/mod@v0.40.0/zip/testdata/create/exclude_vendor.txt	ok
2026-09-27 14:59:33	C:\Users\lehie\AppData\Local\Temp\aiflow-security-modules-bnyayvbf\archives\golang.org_x_sys@v0.0.0-20210809222454-d867a43fc93e.zip//golang.org/x/sys@v0.0.0-20210809222454-d867a43fc93e/plan9/mkall.sh	ok
2026-09-27 14:59:33	C:\Users\lehie\AppData\Local\Temp\aiflow-security-modules-bnyayvbf\archives\golang.org_x_mod@v0.40.0.zip//golang.org/x/mod@v0.40.0/zip/testdata/create/exclude_vendor_go124.txt	ok
2026-09-27 14:59:33	C:\Users\lehie\AppData\Local\Temp\aiflow-security-modules-bnyayvbf\archives\golang.org_x_sys@v0.0.0-20210809222454-d867a43fc93e.zip//golang.org/x/sys@v0.0.0-20210809222454-d867a43fc93e/plan9/mkerrors.sh	ok
2026-09-27 14:59:33	C:\Users\lehie\AppData\Local\Temp\aiflow-security-modules-bnyayvbf\archives\golang.org_x_mod@v0.40.0.zip//golang.org/x/mod@v0.40.0/zip/testdata/create/file_case_conflict.txt	ok
2026-09-27 14:59:33	C:\Users\lehie\AppData\Local\Temp\aiflow-security-modules-bnyayvbf\archives\golang.org_x_mod@v0.40.0.zip//golang.org/x/mod@v0.40.0/zip/testdata/create/go_mod_dir.txt	ok
2026-09-27 14:59:33	C:\Users\lehie\AppData\Local\Temp\aiflow-security-modules-bnyayvbf\archives\golang.org_x_sys@v0.0.0-20210809222454-d867a43fc93e.zip//golang.org/x/sys@v0.0.0-20210809222454-d867a43fc93e/plan9/mksyscall.go	ok
2026-09-27 14:59:33	C:\Users\lehie\AppData\Local\Temp\aiflow-security-modules-bnyayvbf\archives\golang.org_x_mod@v0.40.0.zip//golang.org/x/mod@v0.40.0/zip/testdata/create/invalid_utf8_mod_path.txt	ok
2026-09-27 14:59:33	C:\Users\lehie\AppData\Local\Temp\aiflow-security-modules-bnyayvbf\archives\golang.org_x_sys@v0.0.0-20210809222454-d867a43fc93e.zip//golang.org/x/sys@v0.0.0-20210809222454-d867a43fc93e/plan9/mksysnum_plan9.sh	ok
2026-09-27 14:59:33	C:\Users\lehie\AppData\Local\Temp\aiflow-security-modules-bnyayvbf\archives\golang.org_x_mod@v0.40.0.zip//golang.org/x/mod@v0.40.0/zip/testdata/create/simple.txt	ok
2026-09-27 14:59:33	C:\Users\lehie\AppData\Local\Temp\aiflow-security-modules-bnyayvbf\archives\golang.org_x_sys@v0.0.0-20210809222454-d867a43fc93e.zip//golang.org/x/sys@v0.0.0-20210809222454-d867a43fc93e/plan9/pwd_go15_plan9.go	ok
2026-09-27 14:59:33	C:\Users\lehie\AppData\Local\Temp\aiflow-security-modules-bnyayvbf\archives\golang.org_x_mod@v0.40.0.zip//golang.org/x/mod@v0.40.0/zip/testdata/create_from_dir/bad_file_path.txt	ok
2026-09-27 14:59:33	C:\Users\lehie\AppData\Local\Temp\aiflow-security-modules-bnyayvbf\archives\golang.org_x_sys@v0.0.0-20210809222454-d867a43fc93e.zip//golang.org/x/sys@v0.0.0-20210809222454-d867a43fc93e/plan9/pwd_plan9.go	ok
2026-09-27 14:59:33	C:\Users\lehie\AppData\Local\Temp\aiflow-security-modules-bnyayvbf\archives\golang.org_x_mod@v0.40.0.zip//golang.org/x/mod@v0.40.0/zip/testdata/create_from_dir/bad_gomod_case.txt	ok
2026-09-27 14:59:33	C:\Users\lehie\AppData\Local\Temp\aiflow-security-modules-bnyayvbf\archives\golang.org_x_sys@v0.0.0-20210809222454-d867a43fc93e.zip//golang.org/x/sys@v0.0.0-20210809222454-d867a43fc93e/plan9/race.go	ok
2026-09-27 14:59:33	C:\Users\lehie\AppData\Local\Temp\aiflow-security-modules-bnyayvbf\archives\golang.org_x_mod@v0.40.0.zip//golang.org/x/mod@v0.40.0/zip/testdata/create_from_dir/bad_mod_path.txt	ok
2026-09-27 14:59:33	C:\Users\lehie\AppData\Local\Temp\aiflow-security-modules-bnyayvbf\archives\golang.org_x_sys@v0.0.0-20210809222454-d867a43fc93e.zip//golang.org/x/sys@v0.0.0-20210809222454-d867a43fc93e/plan9/race0.go	ok
2026-09-27 14:59:33	C:\Users\lehie\AppData\Local\Temp\aiflow-security-modules-bnyayvbf\archives\golang.org_x_mod@v0.40.0.zip//golang.org/x/mod@v0.40.0/zip/testdata/create_from_dir/bad_mod_path_version_suffix.txt	ok
2026-09-27 14:59:33	C:\Users\lehie\AppData\Local\Temp\aiflow-security-modules-bnyayvbf\archives\golang.org_x_sys@v0.0.0-20210809222454-d867a43fc93e.zip//golang.org/x/sys@v0.0.0-20210809222454-d867a43fc93e/plan9/str.go	ok
2026-09-27 14:59:33	C:\Users\lehie\AppData\Local\Temp\aiflow-security-modules-bnyayvbf\archives\golang.org_x_mod@v0.40.0.zip//golang.org/x/mod@v0.40.0/zip/testdata/create_from_dir/bad_version.txt	ok
2026-09-27 14:59:33	C:\Users\lehie\AppData\Local\Temp\aiflow-security-modules-bnyayvbf\archives\golang.org_x_mod@v0.40.0.zip//golang.org/x/mod@v0.40.0/zip/testdata/create_from_dir/empty.txt	ok
2026-09-27 14:59:33	C:\Users\lehie\AppData\Local\Temp\aiflow-security-modules-bnyayvbf\archives\golang.org_x_sys@v0.0.0-20210809222454-d867a43fc93e.zip//golang.org/x/sys@v0.0.0-20210809222454-d867a43fc93e/plan9/syscall.go	ok
2026-09-27 14:59:33	C:\Users\lehie\AppData\Local\Temp\aiflow-security-modules-bnyayvbf\archives\golang.org_x_mod@v0.40.0.zip//golang.org/x/mod@v0.40.0/zip/testdata/create_from_dir/exclude_submodule.txt	ok
2026-09-27 14:59:33	C:\Users\lehie\AppData\Local\Temp\aiflow-security-modules-bnyayvbf\archives\golang.org_x_sys@v0.0.0-20210809222454-d867a43fc93e.zip//golang.org/x/sys@v0.0.0-20210809222454-d867a43fc93e/plan9/syscall_plan9.go	ok
2026-09-27 14:59:33	C:\Users\lehie\AppData\Local\Temp\aiflow-security-modules-bnyayvbf\archives\golang.org_x_mod@v0.40.0.zip//golang.org/x/mod@v0.40.0/zip/testdata/create_from_dir/exclude_vcs.txt	ok
2026-09-27 14:59:33	C:\Users\lehie\AppData\Local\Temp\aiflow-security-modules-bnyayvbf\archives\golang.org_x_sys@v0.0.0-20210809222454-d867a43fc93e.zip//golang.org/x/sys@v0.0.0-20210809222454-d867a43fc93e/plan9/syscall_test.go	ok
2026-09-27 14:59:33	C:\Users\lehie\AppData\Local\Temp\aiflow-security-modules-bnyayvbf\archives\golang.org_x_mod@v0.40.0.zip//golang.org/x/mod@v0.40.0/zip/testdata/create_from_dir/exclude_vendor.txt	ok
2026-09-27 14:59:33	C:\Users\lehie\AppData\Local\Temp\aiflow-security-modules-bnyayvbf\archives\golang.org_x_mod@v0.40.0.zip//golang.org/x/mod@v0.40.0/zip/testdata/create_from_dir/exclude_vendor_go124.txt	ok
2026-09-27 14:59:33	C:\Users\lehie\AppData\Local\Temp\aiflow-security-modules-bnyayvbf\archives\golang.org_x_sys@v0.0.0-20210809222454-d867a43fc93e.zip//golang.org/x/sys@v0.0.0-20210809222454-d867a43fc93e/plan9/zsyscall_plan9_386.go	ok
2026-09-27 14:59:33	C:\Users\lehie\AppData\Local\Temp\aiflow-security-modules-bnyayvbf\archives\golang.org_x_mod@v0.40.0.zip//golang.org/x/mod@v0.40.0/zip/testdata/create_from_dir/go_mod_dir.txt	ok
2026-09-27 14:59:33	C:\Users\lehie\AppData\Local\Temp\aiflow-security-modules-bnyayvbf\archives\golang.org_x_sys@v0.0.0-20210809222454-d867a43fc93e.zip//golang.org/x/sys@v0.0.0-20210809222454-d867a43fc93e/plan9/zsyscall_plan9_amd64.go	ok
2026-09-27 14:59:33	C:\Users\lehie\AppData\Local\Temp\aiflow-security-modules-bnyayvbf\archives\golang.org_x_mod@v0.40.0.zip//golang.org/x/mod@v0.40.0/zip/testdata/create_from_dir/invalid_utf8_mod_path.txt	ok
2026-09-27 14:59:33	C:\Users\lehie\AppData\Local\Temp\aiflow-security-modules-bnyayvbf\archives\golang.org_x_sys@v0.0.0-20210809222454-d867a43fc93e.zip//golang.org/x/sys@v0.0.0-20210809222454-d867a43fc93e/plan9/zsyscall_plan9_arm.go	ok
2026-09-27 14:59:33	C:\Users\lehie\AppData\Local\Temp\aiflow-security-modules-bnyayvbf\archives\golang.org_x_mod@v0.40.0.zip//golang.org/x/mod@v0.40.0/zip/testdata/create_from_dir/simple.txt	ok
2026-09-27 14:59:33	C:\Users\lehie\AppData\Local\Temp\aiflow-security-modules-bnyayvbf\archives\golang.org_x_sys@v0.0.0-20210809222454-d867a43fc93e.zip//golang.org/x/sys@v0.0.0-20210809222454-d867a43fc93e/plan9/zsysnum_plan9.go	ok
2026-09-27 14:59:33	C:\Users\lehie\AppData\Local\Temp\aiflow-security-modules-bnyayvbf\archives\golang.org_x_mod@v0.40.0.zip//golang.org/x/mod@v0.40.0/zip/testdata/unzip/bad_file_path.txt	ok
2026-09-27 14:59:33	C:\Users\lehie\AppData\Local\Temp\aiflow-security-modules-bnyayvbf\archives\golang.org_x_mod@v0.40.0.zip//golang.org/x/mod@v0.40.0/zip/testdata/unzip/bad_gomod_case.txt	ok
2026-09-27 14:59:33	C:\Users\lehie\AppData\Local\Temp\aiflow-security-modules-bnyayvbf\archives\golang.org_x_sys@v0.0.0-20210809222454-d867a43fc93e.zip//golang.org/x/sys@v0.0.0-20210809222454-d867a43fc93e/unix/.gitignore	ok
2026-09-27 14:59:33	C:\Users\lehie\AppData\Local\Temp\aiflow-security-modules-bnyayvbf\archives\golang.org_x_mod@v0.40.0.zip//golang.org/x/mod@v0.40.0/zip/testdata/unzip/bad_mod_path.txt	ok
2026-09-27 14:59:33	C:\Users\lehie\AppData\Local\Temp\aiflow-security-modules-bnyayvbf\archives\golang.org_x_sys@v0.0.0-20210809222454-d867a43fc93e.zip//golang.org/x/sys@v0.0.0-20210809222454-d867a43fc93e/unix/README.md	ok
2026-09-27 14:59:33	C:\Users\lehie\AppData\Local\Temp\aiflow-security-modules-bnyayvbf\archives\golang.org_x_mod@v0.40.0.zip//golang.org/x/mod@v0.40.0/zip/testdata/unzip/bad_mod_path_version_suffix.txt	ok
2026-09-27 14:59:33	C:\Users\lehie\AppData\Local\Temp\aiflow-security-modules-bnyayvbf\archives\golang.org_x_sys@v0.0.0-20210809222454-d867a43fc93e.zip//golang.org/x/sys@v0.0.0-20210809222454-d867a43fc93e/unix/affinity_linux.go	ok
2026-09-27 14:59:33	C:\Users\lehie\AppData\Local\Temp\aiflow-security-modules-bnyayvbf\archives\golang.org_x_mod@v0.40.0.zip//golang.org/x/mod@v0.40.0/zip/testdata/unzip/bad_submodule.txt	ok
2026-09-27 14:59:33	C:\Users\lehie\AppData\Local\Temp\aiflow-security-modules-bnyayvbf\archives\golang.org_x_mod@v0.40.0.zip//golang.org/x/mod@v0.40.0/zip/testdata/unzip/bad_version.txt	ok
2026-09-27 14:59:33	C:\Users\lehie\AppData\Local\Temp\aiflow-security-modules-bnyayvbf\archives\golang.org_x_sys@v0.0.0-20210809222454-d867a43fc93e.zip//golang.org/x/sys@v0.0.0-20210809222454-d867a43fc93e/unix/aliases.go	ok
2026-09-27 14:59:33	C:\Users\lehie\AppData\Local\Temp\aiflow-security-modules-bnyayvbf\archives\golang.org_x_mod@v0.40.0.zip//golang.org/x/mod@v0.40.0/zip/testdata/unzip/cap_go_mod_not_submodule.txt	ok
2026-09-27 14:59:33	C:\Users\lehie\AppData\Local\Temp\aiflow-security-modules-bnyayvbf\archives\golang.org_x_sys@v0.0.0-20210809222454-d867a43fc93e.zip//golang.org/x/sys@v0.0.0-20210809222454-d867a43fc93e/unix/asm_aix_ppc64.s	ok
2026-09-27 14:59:33	C:\Users\lehie\AppData\Local\Temp\aiflow-security-modules-bnyayvbf\archives\golang.org_x_mod@v0.40.0.zip//golang.org/x/mod@v0.40.0/zip/testdata/unzip/dup_file.txt	ok
2026-09-27 14:59:33	C:\Users\lehie\AppData\Local\Temp\aiflow-security-modules-bnyayvbf\archives\golang.org_x_sys@v0.0.0-20210809222454-d867a43fc93e.zip//golang.org/x/sys@v0.0.0-20210809222454-d867a43fc93e/unix/asm_bsd_386.s	ok
2026-09-27 14:59:33	C:\Users\lehie\AppData\Local\Temp\aiflow-security-modules-bnyayvbf\archives\golang.org_x_mod@v0.40.0.zip//golang.org/x/mod@v0.40.0/zip/testdata/unzip/dup_file_and_dir.txt	ok
2026-09-27 14:59:33	C:\Users\lehie\AppData\Local\Temp\aiflow-security-modules-bnyayvbf\archives\golang.org_x_sys@v0.0.0-20210809222454-d867a43fc93e.zip//golang.org/x/sys@v0.0.0-20210809222454-d867a43fc93e/unix/asm_bsd_amd64.s	ok
2026-09-27 14:59:33	C:\Users\lehie\AppData\Local\Temp\aiflow-security-modules-bnyayvbf\archives\golang.org_x_mod@v0.40.0.zip//golang.org/x/mod@v0.40.0/zip/testdata/unzip/empty.txt	ok
2026-09-27 14:59:33	C:\Users\lehie\AppData\Local\Temp\aiflow-security-modules-bnyayvbf\archives\golang.org_x_sys@v0.0.0-20210809222454-d867a43fc93e.zip//golang.org/x/sys@v0.0.0-20210809222454-d867a43fc93e/unix/asm_bsd_arm.s	ok
2026-09-27 14:59:33	C:\Users\lehie\AppData\Local\Temp\aiflow-security-modules-bnyayvbf\archives\golang.org_x_mod@v0.40.0.zip//golang.org/x/mod@v0.40.0/zip/testdata/unzip/file_case_conflict.txt	ok
2026-09-27 14:59:33	C:\Users\lehie\AppData\Local\Temp\aiflow-security-modules-bnyayvbf\archives\golang.org_x_sys@v0.0.0-20210809222454-d867a43fc93e.zip//golang.org/x/sys@v0.0.0-20210809222454-d867a43fc93e/unix/asm_bsd_arm64.s	ok
2026-09-27 14:59:33	C:\Users\lehie\AppData\Local\Temp\aiflow-security-modules-bnyayvbf\archives\golang.org_x_mod@v0.40.0.zip//golang.org/x/mod@v0.40.0/zip/testdata/unzip/go_mod_dir.txt	ok
2026-09-27 14:59:33	C:\Users\lehie\AppData\Local\Temp\aiflow-security-modules-bnyayvbf\archives\golang.org_x_sys@v0.0.0-20210809222454-d867a43fc93e.zip//golang.org/x/sys@v0.0.0-20210809222454-d867a43fc93e/unix/asm_linux_386.s	ok
2026-09-27 14:59:33	C:\Users\lehie\AppData\Local\Temp\aiflow-security-modules-bnyayvbf\archives\golang.org_x_mod@v0.40.0.zip//golang.org/x/mod@v0.40.0/zip/testdata/unzip/invalid_utf8_mod_path.txt	ok
2026-09-27 14:59:33	C:\Users\lehie\AppData\Local\Temp\aiflow-security-modules-bnyayvbf\archives\golang.org_x_sys@v0.0.0-20210809222454-d867a43fc93e.zip//golang.org/x/sys@v0.0.0-20210809222454-d867a43fc93e/unix/asm_linux_amd64.s	ok
2026-09-27 14:59:33	C:\Users\lehie\AppData\Local\Temp\aiflow-security-modules-bnyayvbf\archives\golang.org_x_mod@v0.40.0.zip//golang.org/x/mod@v0.40.0/zip/testdata/unzip/prefix_only.txt	ok
2026-09-27 14:59:33	C:\Users\lehie\AppData\Local\Temp\aiflow-security-modules-bnyayvbf\archives\golang.org_x_sys@v0.0.0-20210809222454-d867a43fc93e.zip//golang.org/x/sys@v0.0.0-20210809222454-d867a43fc93e/unix/asm_linux_arm.s	ok
2026-09-27 14:59:33	C:\Users\lehie\AppData\Local\Temp\aiflow-security-modules-bnyayvbf\archives\golang.org_x_mod@v0.40.0.zip//golang.org/x/mod@v0.40.0/zip/testdata/unzip/simple.txt	ok
2026-09-27 14:59:33	C:\Users\lehie\AppData\Local\Temp\aiflow-security-modules-bnyayvbf\archives\golang.org_x_sys@v0.0.0-20210809222454-d867a43fc93e.zip//golang.org/x/sys@v0.0.0-20210809222454-d867a43fc93e/unix/asm_linux_arm64.s	ok
2026-09-27 14:59:33	C:\Users\lehie\AppData\Local\Temp\aiflow-security-modules-bnyayvbf\archives\golang.org_x_mod@v0.40.0.zip//golang.org/x/mod@v0.40.0/zip/vendor_test.go	ok
2026-09-27 14:59:33	C:\Users\lehie\AppData\Local\Temp\aiflow-security-modules-bnyayvbf\archives\golang.org_x_sys@v0.0.0-20210809222454-d867a43fc93e.zip//golang.org/x/sys@v0.0.0-20210809222454-d867a43fc93e/unix/asm_linux_mips64x.s	ok
2026-09-27 14:59:33	C:\Users\lehie\AppData\Local\Temp\aiflow-security-modules-bnyayvbf\archives\golang.org_x_sys@v0.0.0-20210809222454-d867a43fc93e.zip//golang.org/x/sys@v0.0.0-20210809222454-d867a43fc93e/unix/asm_linux_mipsx.s	ok
2026-09-27 14:59:33	C:\Users\lehie\AppData\Local\Temp\aiflow-security-modules-bnyayvbf\archives\golang.org_x_sys@v0.0.0-20210809222454-d867a43fc93e.zip//golang.org/x/sys@v0.0.0-20210809222454-d867a43fc93e/unix/asm_linux_ppc64x.s	ok
2026-09-27 14:59:33	C:\Users\lehie\AppData\Local\Temp\aiflow-security-modules-bnyayvbf\archives\golang.org_x_mod@v0.40.0.zip//golang.org/x/mod@v0.40.0/zip/zip.go	ok
2026-09-27 14:59:33	C:\Users\lehie\AppData\Local\Temp\aiflow-security-modules-bnyayvbf\archives\golang.org_x_sys@v0.0.0-20210809222454-d867a43fc93e.zip//golang.org/x/sys@v0.0.0-20210809222454-d867a43fc93e/unix/asm_linux_riscv64.s	ok
2026-09-27 14:59:33	C:\Users\lehie\AppData\Local\Temp\aiflow-security-modules-bnyayvbf\archives\golang.org_x_sys@v0.0.0-20210809222454-d867a43fc93e.zip//golang.org/x/sys@v0.0.0-20210809222454-d867a43fc93e/unix/asm_linux_s390x.s	ok
2026-09-27 14:59:33	C:\Users\lehie\AppData\Local\Temp\aiflow-security-modules-bnyayvbf\archives\golang.org_x_sys@v0.0.0-20210809222454-d867a43fc93e.zip//golang.org/x/sys@v0.0.0-20210809222454-d867a43fc93e/unix/asm_openbsd_mips64.s	ok
2026-09-27 14:59:33	C:\Users\lehie\AppData\Local\Temp\aiflow-security-modules-bnyayvbf\archives\golang.org_x_mod@v0.40.0.zip//golang.org/x/mod@v0.40.0/zip/zip_test.go	ok
2026-09-27 14:59:33	C:\Users\lehie\AppData\Local\Temp\aiflow-security-modules-bnyayvbf\archives\golang.org_x_mod@v0.40.0.zip	ok
2026-09-27 14:59:33	C:\Users\lehie\AppData\Local\Temp\aiflow-security-modules-bnyayvbf\archives\golang.org_x_sys@v0.0.0-20210809222454-d867a43fc93e.zip//golang.org/x/sys@v0.0.0-20210809222454-d867a43fc93e/unix/asm_solaris_amd64.s	ok
2026-09-27 14:59:33	C:\Users\lehie\AppData\Local\Temp\aiflow-security-modules-bnyayvbf\archives\golang.org_x_sys@v0.0.0-20210809222454-d867a43fc93e.zip//golang.org/x/sys@v0.0.0-20210809222454-d867a43fc93e/unix/asm_zos_s390x.s	ok
2026-09-27 14:59:33	C:\Users\lehie\AppData\Local\Temp\aiflow-security-modules-bnyayvbf\archives\golang.org_x_sys@v0.0.0-20210809222454-d867a43fc93e.zip//golang.org/x/sys@v0.0.0-20210809222454-d867a43fc93e/unix/bluetooth_linux.go	ok
2026-09-27 14:59:33	C:\Users\lehie\AppData\Local\Temp\aiflow-security-modules-bnyayvbf\archives\golang.org_x_sys@v0.0.0-20210809222454-d867a43fc93e.zip//golang.org/x/sys@v0.0.0-20210809222454-d867a43fc93e/unix/cap_freebsd.go	ok
2026-09-27 14:59:33	C:\Users\lehie\AppData\Local\Temp\aiflow-security-modules-bnyayvbf\archives\golang.org_x_sys@v0.0.0-20210809222454-d867a43fc93e.zip//golang.org/x/sys@v0.0.0-20210809222454-d867a43fc93e/unix/constants.go	ok
2026-09-27 14:59:33	C:\Users\lehie\AppData\Local\Temp\aiflow-security-modules-bnyayvbf\archives\golang.org_x_sys@v0.0.0-20210809222454-d867a43fc93e.zip//golang.org/x/sys@v0.0.0-20210809222454-d867a43fc93e/unix/creds_test.go	ok
2026-09-27 14:59:33	C:\Users\lehie\AppData\Local\Temp\aiflow-security-modules-bnyayvbf\archives\golang.org_x_sys@v0.0.0-20210809222454-d867a43fc93e.zip//golang.org/x/sys@v0.0.0-20210809222454-d867a43fc93e/unix/darwin_test.go	ok
2026-09-27 14:59:33 	C:\Users\lehie\AppData\Local\Temp\aiflow-security-modules-bnyayvbf\archives\golang.org_x_sys@v0.47.0.zip	archive	ZIP
2026-09-27 14:59:33	C:\Users\lehie\AppData\Local\Temp\aiflow-security-modules-bnyayvbf\archives\golang.org_x_sys@v0.0.0-20210809222454-d867a43fc93e.zip//golang.org/x/sys@v0.0.0-20210809222454-d867a43fc93e/unix/dev_aix_ppc.go	ok
2026-09-27 14:59:33	C:\Users\lehie\AppData\Local\Temp\aiflow-security-modules-bnyayvbf\archives\golang.org_x_sys@v0.47.0.zip//golang.org/x/sys@v0.47.0/.gitattributes	ok
2026-09-27 14:59:33	C:\Users\lehie\AppData\Local\Temp\aiflow-security-modules-bnyayvbf\archives\golang.org_x_sys@v0.0.0-20210809222454-d867a43fc93e.zip//golang.org/x/sys@v0.0.0-20210809222454-d867a43fc93e/unix/dev_aix_ppc64.go	ok
2026-09-27 14:59:33	C:\Users\lehie\AppData\Local\Temp\aiflow-security-modules-bnyayvbf\archives\golang.org_x_sys@v0.47.0.zip//golang.org/x/sys@v0.47.0/.gitignore	ok
2026-09-27 14:59:33	C:\Users\lehie\AppData\Local\Temp\aiflow-security-modules-bnyayvbf\archives\golang.org_x_sys@v0.0.0-20210809222454-d867a43fc93e.zip//golang.org/x/sys@v0.0.0-20210809222454-d867a43fc93e/unix/dev_darwin.go	ok
2026-09-27 14:59:33	C:\Users\lehie\AppData\Local\Temp\aiflow-security-modules-bnyayvbf\archives\golang.org_x_sys@v0.47.0.zip//golang.org/x/sys@v0.47.0/CONTRIBUTING.md	ok
2026-09-27 14:59:33	C:\Users\lehie\AppData\Local\Temp\aiflow-security-modules-bnyayvbf\archives\golang.org_x_sys@v0.0.0-20210809222454-d867a43fc93e.zip//golang.org/x/sys@v0.0.0-20210809222454-d867a43fc93e/unix/dev_dragonfly.go	ok
2026-09-27 14:59:33	C:\Users\lehie\AppData\Local\Temp\aiflow-security-modules-bnyayvbf\archives\golang.org_x_sys@v0.47.0.zip//golang.org/x/sys@v0.47.0/LICENSE	ok
2026-09-27 14:59:33	C:\Users\lehie\AppData\Local\Temp\aiflow-security-modules-bnyayvbf\archives\golang.org_x_sys@v0.0.0-20210809222454-d867a43fc93e.zip//golang.org/x/sys@v0.0.0-20210809222454-d867a43fc93e/unix/dev_freebsd.go	ok
2026-09-27 14:59:33	C:\Users\lehie\AppData\Local\Temp\aiflow-security-modules-bnyayvbf\archives\golang.org_x_sys@v0.47.0.zip//golang.org/x/sys@v0.47.0/PATENTS	ok
2026-09-27 14:59:33	C:\Users\lehie\AppData\Local\Temp\aiflow-security-modules-bnyayvbf\archives\golang.org_x_sys@v0.0.0-20210809222454-d867a43fc93e.zip//golang.org/x/sys@v0.0.0-20210809222454-d867a43fc93e/unix/dev_linux.go	ok
2026-09-27 14:59:33	C:\Users\lehie\AppData\Local\Temp\aiflow-security-modules-bnyayvbf\archives\golang.org_x_sys@v0.47.0.zip//golang.org/x/sys@v0.47.0/README.md	ok
2026-09-27 14:59:33	C:\Users\lehie\AppData\Local\Temp\aiflow-security-modules-bnyayvbf\archives\golang.org_x_sys@v0.0.0-20210809222454-d867a43fc93e.zip//golang.org/x/sys@v0.0.0-20210809222454-d867a43fc93e/unix/dev_linux_test.go	ok
2026-09-27 14:59:33	C:\Users\lehie\AppData\Local\Temp\aiflow-security-modules-bnyayvbf\archives\golang.org_x_sys@v0.47.0.zip//golang.org/x/sys@v0.47.0/codereview.cfg	ok
2026-09-27 14:59:33	C:\Users\lehie\AppData\Local\Temp\aiflow-security-modules-bnyayvbf\archives\golang.org_x_sys@v0.47.0.zip//golang.org/x/sys@v0.47.0/cpu/asm_aix_ppc64.s	ok
2026-09-27 14:59:33	C:\Users\lehie\AppData\Local\Temp\aiflow-security-modules-bnyayvbf\archives\golang.org_x_sys@v0.0.0-20210809222454-d867a43fc93e.zip//golang.org/x/sys@v0.0.0-20210809222454-d867a43fc93e/unix/dev_netbsd.go	ok
2026-09-27 14:59:33	C:\Users\lehie\AppData\Local\Temp\aiflow-security-modules-bnyayvbf\archives\golang.org_x_sys@v0.47.0.zip//golang.org/x/sys@v0.47.0/cpu/asm_darwin_arm64_gc.s	ok
2026-09-27 14:59:33	C:\Users\lehie\AppData\Local\Temp\aiflow-security-modules-bnyayvbf\archives\golang.org_x_sys@v0.0.0-20210809222454-d867a43fc93e.zip//golang.org/x/sys@v0.0.0-20210809222454-d867a43fc93e/unix/dev_openbsd.go	ok
2026-09-27 14:59:33	C:\Users\lehie\AppData\Local\Temp\aiflow-security-modules-bnyayvbf\archives\golang.org_x_sys@v0.47.0.zip//golang.org/x/sys@v0.47.0/cpu/asm_darwin_x86_gc.s	ok
2026-09-27 14:59:33	C:\Users\lehie\AppData\Local\Temp\aiflow-security-modules-bnyayvbf\archives\golang.org_x_sys@v0.0.0-20210809222454-d867a43fc93e.zip//golang.org/x/sys@v0.0.0-20210809222454-d867a43fc93e/unix/dev_zos.go	ok
2026-09-27 14:59:33	C:\Users\lehie\AppData\Local\Temp\aiflow-security-modules-bnyayvbf\archives\golang.org_x_sys@v0.47.0.zip//golang.org/x/sys@v0.47.0/cpu/byteorder.go	ok
2026-09-27 14:59:33	C:\Users\lehie\AppData\Local\Temp\aiflow-security-modules-bnyayvbf\archives\golang.org_x_sys@v0.0.0-20210809222454-d867a43fc93e.zip//golang.org/x/sys@v0.0.0-20210809222454-d867a43fc93e/unix/dev_zos_test.go	ok
2026-09-27 14:59:33	C:\Users\lehie\AppData\Local\Temp\aiflow-security-modules-bnyayvbf\archives\golang.org_x_sys@v0.0.0-20210809222454-d867a43fc93e.zip//golang.org/x/sys@v0.0.0-20210809222454-d867a43fc93e/unix/dirent.go	ok
2026-09-27 14:59:33	C:\Users\lehie\AppData\Local\Temp\aiflow-security-modules-bnyayvbf\archives\golang.org_x_sys@v0.47.0.zip//golang.org/x/sys@v0.47.0/cpu/cpu.go	ok
2026-09-27 14:59:33	C:\Users\lehie\AppData\Local\Temp\aiflow-security-modules-bnyayvbf\archives\golang.org_x_sys@v0.47.0.zip//golang.org/x/sys@v0.47.0/cpu/cpu_aix.go	ok
2026-09-27 14:59:33	C:\Users\lehie\AppData\Local\Temp\aiflow-security-modules-bnyayvbf\archives\golang.org_x_sys@v0.0.0-20210809222454-d867a43fc93e.zip//golang.org/x/sys@v0.0.0-20210809222454-d867a43fc93e/unix/dirent_test.go	ok
2026-09-27 14:59:33	C:\Users\lehie\AppData\Local\Temp\aiflow-security-modules-bnyayvbf\archives\golang.org_x_sys@v0.47.0.zip//golang.org/x/sys@v0.47.0/cpu/cpu_arm.go	ok
2026-09-27 14:59:33	C:\Users\lehie\AppData\Local\Temp\aiflow-security-modules-bnyayvbf\archives\golang.org_x_sys@v0.0.0-20210809222454-d867a43fc93e.zip//golang.org/x/sys@v0.0.0-20210809222454-d867a43fc93e/unix/endian_big.go	ok
2026-09-27 14:59:33	C:\Users\lehie\AppData\Local\Temp\aiflow-security-modules-bnyayvbf\archives\golang.org_x_sys@v0.47.0.zip//golang.org/x/sys@v0.47.0/cpu/cpu_arm64.go	ok
2026-09-27 14:59:33	C:\Users\lehie\AppData\Local\Temp\aiflow-security-modules-bnyayvbf\archives\golang.org_x_sys@v0.0.0-20210809222454-d867a43fc93e.zip//golang.org/x/sys@v0.0.0-20210809222454-d867a43fc93e/unix/endian_little.go	ok
2026-09-27 14:59:33	C:\Users\lehie\AppData\Local\Temp\aiflow-security-modules-bnyayvbf\archives\golang.org_x_sys@v0.47.0.zip//golang.org/x/sys@v0.47.0/cpu/cpu_arm64.s	ok
2026-09-27 14:59:33	C:\Users\lehie\AppData\Local\Temp\aiflow-security-modules-bnyayvbf\archives\golang.org_x_sys@v0.0.0-20210809222454-d867a43fc93e.zip//golang.org/x/sys@v0.0.0-20210809222454-d867a43fc93e/unix/env_unix.go	ok
2026-09-27 14:59:33	C:\Users\lehie\AppData\Local\Temp\aiflow-security-modules-bnyayvbf\archives\golang.org_x_sys@v0.47.0.zip//golang.org/x/sys@v0.47.0/cpu/cpu_darwin_arm64.go	ok
2026-09-27 14:59:33	C:\Users\lehie\AppData\Local\Temp\aiflow-security-modules-bnyayvbf\archives\golang.org_x_sys@v0.0.0-20210809222454-d867a43fc93e.zip//golang.org/x/sys@v0.0.0-20210809222454-d867a43fc93e/unix/epoll_zos.go	ok
2026-09-27 14:59:33	C:\Users\lehie\AppData\Local\Temp\aiflow-security-modules-bnyayvbf\archives\golang.org_x_sys@v0.47.0.zip//golang.org/x/sys@v0.47.0/cpu/cpu_darwin_arm64_other.go	ok
2026-09-27 14:59:33	C:\Users\lehie\AppData\Local\Temp\aiflow-security-modules-bnyayvbf\archives\golang.org_x_sys@v0.0.0-20210809222454-d867a43fc93e.zip//golang.org/x/sys@v0.0.0-20210809222454-d867a43fc93e/unix/epoll_zos_test.go	ok
2026-09-27 14:59:33	C:\Users\lehie\AppData\Local\Temp\aiflow-security-modules-bnyayvbf\archives\golang.org_x_sys@v0.47.0.zip//golang.org/x/sys@v0.47.0/cpu/cpu_darwin_x86.go	ok
2026-09-27 14:59:33	C:\Users\lehie\AppData\Local\Temp\aiflow-security-modules-bnyayvbf\archives\golang.org_x_sys@v0.0.0-20210809222454-d867a43fc93e.zip//golang.org/x/sys@v0.0.0-20210809222454-d867a43fc93e/unix/errors_freebsd_386.go	ok
2026-09-27 14:59:33	C:\Users\lehie\AppData\Local\Temp\aiflow-security-modules-bnyayvbf\archives\golang.org_x_sys@v0.47.0.zip//golang.org/x/sys@v0.47.0/cpu/cpu_gc_arm64.go	ok
2026-09-27 14:59:33	C:\Users\lehie\AppData\Local\Temp\aiflow-security-modules-bnyayvbf\archives\golang.org_x_sys@v0.0.0-20210809222454-d867a43fc93e.zip//golang.org/x/sys@v0.0.0-20210809222454-d867a43fc93e/unix/errors_freebsd_amd64.go	ok
2026-09-27 14:59:33	C:\Users\lehie\AppData\Local\Temp\aiflow-security-modules-bnyayvbf\archives\golang.org_x_sys@v0.47.0.zip//golang.org/x/sys@v0.47.0/cpu/cpu_gc_s390x.go	ok
2026-09-27 14:59:33	C:\Users\lehie\AppData\Local\Temp\aiflow-security-modules-bnyayvbf\archives\golang.org_x_sys@v0.47.0.zip//golang.org/x/sys@v0.47.0/cpu/cpu_gc_x86.go	ok
2026-09-27 14:59:33	C:\Users\lehie\AppData\Local\Temp\aiflow-security-modules-bnyayvbf\archives\golang.org_x_sys@v0.0.0-20210809222454-d867a43fc93e.zip//golang.org/x/sys@v0.0.0-20210809222454-d867a43fc93e/unix/errors_freebsd_arm.go	ok
2026-09-27 14:59:33	C:\Users\lehie\AppData\Local\Temp\aiflow-security-modules-bnyayvbf\archives\golang.org_x_sys@v0.47.0.zip//golang.org/x/sys@v0.47.0/cpu/cpu_gc_x86.s	ok
2026-09-27 14:59:33	C:\Users\lehie\AppData\Local\Temp\aiflow-security-modules-bnyayvbf\archives\golang.org_x_sys@v0.0.0-20210809222454-d867a43fc93e.zip//golang.org/x/sys@v0.0.0-20210809222454-d867a43fc93e/unix/errors_freebsd_arm64.go	ok
2026-09-27 14:59:33	C:\Users\lehie\AppData\Local\Temp\aiflow-security-modules-bnyayvbf\archives\golang.org_x_sys@v0.47.0.zip//golang.org/x/sys@v0.47.0/cpu/cpu_gccgo_arm64.go	ok
2026-09-27 14:59:33	C:\Users\lehie\AppData\Local\Temp\aiflow-security-modules-bnyayvbf\archives\golang.org_x_sys@v0.0.0-20210809222454-d867a43fc93e.zip//golang.org/x/sys@v0.0.0-20210809222454-d867a43fc93e/unix/example_exec_test.go	ok
2026-09-27 14:59:33	C:\Users\lehie\AppData\Local\Temp\aiflow-security-modules-bnyayvbf\archives\golang.org_x_sys@v0.47.0.zip//golang.org/x/sys@v0.47.0/cpu/cpu_gccgo_s390x.go	ok
2026-09-27 14:59:33	C:\Users\lehie\AppData\Local\Temp\aiflow-security-modules-bnyayvbf\archives\golang.org_x_sys@v0.0.0-20210809222454-d867a43fc93e.zip//golang.org/x/sys@v0.0.0-20210809222454-d867a43fc93e/unix/example_flock_test.go	ok
2026-09-27 14:59:33	C:\Users\lehie\AppData\Local\Temp\aiflow-security-modules-bnyayvbf\archives\golang.org_x_sys@v0.47.0.zip//golang.org/x/sys@v0.47.0/cpu/cpu_gccgo_x86.c	ok
2026-09-27 14:59:33	C:\Users\lehie\AppData\Local\Temp\aiflow-security-modules-bnyayvbf\archives\golang.org_x_sys@v0.0.0-20210809222454-d867a43fc93e.zip//golang.org/x/sys@v0.0.0-20210809222454-d867a43fc93e/unix/export_test.go	ok
2026-09-27 14:59:33	C:\Users\lehie\AppData\Local\Temp\aiflow-security-modules-bnyayvbf\archives\golang.org_x_sys@v0.47.0.zip//golang.org/x/sys@v0.47.0/cpu/cpu_gccgo_x86.go	ok
2026-09-27 14:59:33	C:\Users\lehie\AppData\Local\Temp\aiflow-security-modules-bnyayvbf\archives\golang.org_x_sys@v0.0.0-20210809222454-d867a43fc93e.zip//golang.org/x/sys@v0.0.0-20210809222454-d867a43fc93e/unix/fcntl.go	ok
2026-09-27 14:59:33	C:\Users\lehie\AppData\Local\Temp\aiflow-security-modules-bnyayvbf\archives\golang.org_x_sys@v0.47.0.zip//golang.org/x/sys@v0.47.0/cpu/cpu_linux.go	ok
2026-09-27 14:59:33	C:\Users\lehie\AppData\Local\Temp\aiflow-security-modules-bnyayvbf\archives\golang.org_x_sys@v0.0.0-20210809222454-d867a43fc93e.zip//golang.org/x/sys@v0.0.0-20210809222454-d867a43fc93e/unix/fcntl_darwin.go	ok
2026-09-27 14:59:33	C:\Users\lehie\AppData\Local\Temp\aiflow-security-modules-bnyayvbf\archives\golang.org_x_sys@v0.47.0.zip//golang.org/x/sys@v0.47.0/cpu/cpu_linux_arm.go	ok
2026-09-27 14:59:33	C:\Users\lehie\AppData\Local\Temp\aiflow-security-modules-bnyayvbf\archives\golang.org_x_sys@v0.0.0-20210809222454-d867a43fc93e.zip//golang.org/x/sys@v0.0.0-20210809222454-d867a43fc93e/unix/fcntl_linux_32bit.go	ok
2026-09-27 14:59:33	C:\Users\lehie\AppData\Local\Temp\aiflow-security-modules-bnyayvbf\archives\golang.org_x_sys@v0.47.0.zip//golang.org/x/sys@v0.47.0/cpu/cpu_linux_arm64.go	ok
2026-09-27 14:59:33	C:\Users\lehie\AppData\Local\Temp\aiflow-security-modules-bnyayvbf\archives\golang.org_x_sys@v0.0.0-20210809222454-d867a43fc93e.zip//golang.org/x/sys@v0.0.0-20210809222454-d867a43fc93e/unix/fdset.go	ok
2026-09-27 14:59:33	C:\Users\lehie\AppData\Local\Temp\aiflow-security-modules-bnyayvbf\archives\golang.org_x_sys@v0.47.0.zip//golang.org/x/sys@v0.47.0/cpu/cpu_linux_loong64.go	ok
2026-09-27 14:59:33	C:\Users\lehie\AppData\Local\Temp\aiflow-security-modules-bnyayvbf\archives\golang.org_x_sys@v0.0.0-20210809222454-d867a43fc93e.zip//golang.org/x/sys@v0.0.0-20210809222454-d867a43fc93e/unix/fdset_test.go	ok
2026-09-27 14:59:33	C:\Users\lehie\AppData\Local\Temp\aiflow-security-modules-bnyayvbf\archives\golang.org_x_sys@v0.47.0.zip//golang.org/x/sys@v0.47.0/cpu/cpu_linux_mips64x.go	ok
2026-09-27 14:59:33	C:\Users\lehie\AppData\Local\Temp\aiflow-security-modules-bnyayvbf\archives\golang.org_x_sys@v0.0.0-20210809222454-d867a43fc93e.zip//golang.org/x/sys@v0.0.0-20210809222454-d867a43fc93e/unix/fstatfs_zos.go	ok
2026-09-27 14:59:33	C:\Users\lehie\AppData\Local\Temp\aiflow-security-modules-bnyayvbf\archives\golang.org_x_sys@v0.47.0.zip//golang.org/x/sys@v0.47.0/cpu/cpu_linux_noinit.go	ok
2026-09-27 14:59:33	C:\Users\lehie\AppData\Local\Temp\aiflow-security-modules-bnyayvbf\archives\golang.org_x_sys@v0.0.0-20210809222454-d867a43fc93e.zip//golang.org/x/sys@v0.0.0-20210809222454-d867a43fc93e/unix/fstatfs_zos_test.go	ok
2026-09-27 14:59:33	C:\Users\lehie\AppData\Local\Temp\aiflow-security-modules-bnyayvbf\archives\golang.org_x_sys@v0.47.0.zip//golang.org/x/sys@v0.47.0/cpu/cpu_linux_ppc64x.go	ok
2026-09-27 14:59:33	C:\Users\lehie\AppData\Local\Temp\aiflow-security-modules-bnyayvbf\archives\golang.org_x_sys@v0.0.0-20210809222454-d867a43fc93e.zip//golang.org/x/sys@v0.0.0-20210809222454-d867a43fc93e/unix/gccgo.go	ok
2026-09-27 14:59:33	C:\Users\lehie\AppData\Local\Temp\aiflow-security-modules-bnyayvbf\archives\golang.org_x_sys@v0.0.0-20210809222454-d867a43fc93e.zip//golang.org/x/sys@v0.0.0-20210809222454-d867a43fc93e/unix/gccgo_c.c	ok
2026-09-27 14:59:33	C:\Users\lehie\AppData\Local\Temp\aiflow-security-modules-bnyayvbf\archives\golang.org_x_sys@v0.47.0.zip//golang.org/x/sys@v0.47.0/cpu/cpu_linux_riscv64.go	ok
2026-09-27 14:59:33	C:\Users\lehie\AppData\Local\Temp\aiflow-security-modules-bnyayvbf\archives\golang.org_x_sys@v0.47.0.zip//golang.org/x/sys@v0.47.0/cpu/cpu_linux_s390x.go	ok
2026-09-27 14:59:33	C:\Users\lehie\AppData\Local\Temp\aiflow-security-modules-bnyayvbf\archives\golang.org_x_sys@v0.0.0-20210809222454-d867a43fc93e.zip//golang.org/x/sys@v0.0.0-20210809222454-d867a43fc93e/unix/gccgo_linux_amd64.go	ok
2026-09-27 14:59:33	C:\Users\lehie\AppData\Local\Temp\aiflow-security-modules-bnyayvbf\archives\golang.org_x_sys@v0.0.0-20210809222454-d867a43fc93e.zip//golang.org/x/sys@v0.0.0-20210809222454-d867a43fc93e/unix/getdirentries_test.go	ok
2026-09-27 14:59:33	C:\Users\lehie\AppData\Local\Temp\aiflow-security-modules-bnyayvbf\archives\golang.org_x_sys@v0.47.0.zip//golang.org/x/sys@v0.47.0/cpu/cpu_loong64.go	ok
2026-09-27 14:59:33	C:\Users\lehie\AppData\Local\Temp\aiflow-security-modules-bnyayvbf\archives\golang.org_x_sys@v0.0.0-20210809222454-d867a43fc93e.zip//golang.org/x/sys@v0.0.0-20210809222454-d867a43fc93e/unix/ifreq_linux.go	ok
2026-09-27 14:59:33	C:\Users\lehie\AppData\Local\Temp\aiflow-security-modules-bnyayvbf\archives\golang.org_x_sys@v0.47.0.zip//golang.org/x/sys@v0.47.0/cpu/cpu_loong64.s	ok
2026-09-27 14:59:33	C:\Users\lehie\AppData\Local\Temp\aiflow-security-modules-bnyayvbf\archives\golang.org_x_sys@v0.47.0.zip//golang.org/x/sys@v0.47.0/cpu/cpu_mips64x.go	ok
2026-09-27 14:59:33	C:\Users\lehie\AppData\Local\Temp\aiflow-security-modules-bnyayvbf\archives\golang.org_x_sys@v0.0.0-20210809222454-d867a43fc93e.zip//golang.org/x/sys@v0.0.0-20210809222454-d867a43fc93e/unix/ioctl.go	ok
2026-09-27 14:59:33	C:\Users\lehie\AppData\Local\Temp\aiflow-security-modules-bnyayvbf\archives\golang.org_x_sys@v0.47.0.zip//golang.org/x/sys@v0.47.0/cpu/cpu_mipsx.go	ok
2026-09-27 14:59:33	C:\Users\lehie\AppData\Local\Temp\aiflow-security-modules-bnyayvbf\archives\golang.org_x_sys@v0.0.0-20210809222454-d867a43fc93e.zip//golang.org/x/sys@v0.0.0-20210809222454-d867a43fc93e/unix/ioctl_linux.go	ok
2026-09-27 14:59:33	C:\Users\lehie\AppData\Local\Temp\aiflow-security-modules-bnyayvbf\archives\golang.org_x_sys@v0.47.0.zip//golang.org/x/sys@v0.47.0/cpu/cpu_netbsd_arm64.go	ok
2026-09-27 14:59:33	C:\Users\lehie\AppData\Local\Temp\aiflow-security-modules-bnyayvbf\archives\golang.org_x_sys@v0.0.0-20210809222454-d867a43fc93e.zip//golang.org/x/sys@v0.0.0-20210809222454-d867a43fc93e/unix/ioctl_zos.go	ok
2026-09-27 14:59:33	C:\Users\lehie\AppData\Local\Temp\aiflow-security-modules-bnyayvbf\archives\golang.org_x_sys@v0.47.0.zip//golang.org/x/sys@v0.47.0/cpu/cpu_openbsd_arm64.go	ok
2026-09-27 14:59:33	C:\Users\lehie\AppData\Local\Temp\aiflow-security-modules-bnyayvbf\archives\golang.org_x_sys@v0.0.0-20210809222454-d867a43fc93e.zip//golang.org/x/sys@v0.0.0-20210809222454-d867a43fc93e/unix/linux/Dockerfile	ok
2026-09-27 14:59:33	C:\Users\lehie\AppData\Local\Temp\aiflow-security-modules-bnyayvbf\archives\golang.org_x_sys@v0.47.0.zip//golang.org/x/sys@v0.47.0/cpu/cpu_openbsd_arm64.s	ok
2026-09-27 14:59:33	C:\Users\lehie\AppData\Local\Temp\aiflow-security-modules-bnyayvbf\archives\golang.org_x_sys@v0.47.0.zip//golang.org/x/sys@v0.47.0/cpu/cpu_other_arm.go	ok
2026-09-27 14:59:33	C:\Users\lehie\AppData\Local\Temp\aiflow-security-modules-bnyayvbf\archives\golang.org_x_sys@v0.0.0-20210809222454-d867a43fc93e.zip//golang.org/x/sys@v0.0.0-20210809222454-d867a43fc93e/unix/linux/mkall.go	ok
2026-09-27 14:59:33	C:\Users\lehie\AppData\Local\Temp\aiflow-security-modules-bnyayvbf\archives\golang.org_x_sys@v0.47.0.zip//golang.org/x/sys@v0.47.0/cpu/cpu_other_arm64.go	ok
2026-09-27 14:59:33	C:\Users\lehie\AppData\Local\Temp\aiflow-security-modules-bnyayvbf\archives\golang.org_x_sys@v0.47.0.zip//golang.org/x/sys@v0.47.0/cpu/cpu_other_mips64x.go	ok
2026-09-27 14:59:33	C:\Users\lehie\AppData\Local\Temp\aiflow-security-modules-bnyayvbf\archives\golang.org_x_sys@v0.0.0-20210809222454-d867a43fc93e.zip//golang.org/x/sys@v0.0.0-20210809222454-d867a43fc93e/unix/linux/mksysnum.go	ok
2026-09-27 14:59:33	C:\Users\lehie\AppData\Local\Temp\aiflow-security-modules-bnyayvbf\archives\golang.org_x_sys@v0.47.0.zip//golang.org/x/sys@v0.47.0/cpu/cpu_other_ppc64x.go	ok
2026-09-27 14:59:33	C:\Users\lehie\AppData\Local\Temp\aiflow-security-modules-bnyayvbf\archives\golang.org_x_sys@v0.47.0.zip//golang.org/x/sys@v0.47.0/cpu/cpu_other_riscv64.go	ok
2026-09-27 14:59:33	C:\Users\lehie\AppData\Local\Temp\aiflow-security-modules-bnyayvbf\archives\golang.org_x_sys@v0.47.0.zip//golang.org/x/sys@v0.47.0/cpu/cpu_other_x86.go	ok
2026-09-27 14:59:33	C:\Users\lehie\AppData\Local\Temp\aiflow-security-modules-bnyayvbf\archives\golang.org_x_sys@v0.0.0-20210809222454-d867a43fc93e.zip//golang.org/x/sys@v0.0.0-20210809222454-d867a43fc93e/unix/linux/types.go	ok
2026-09-27 14:59:33	C:\Users\lehie\AppData\Local\Temp\aiflow-security-modules-bnyayvbf\archives\golang.org_x_sys@v0.47.0.zip//golang.org/x/sys@v0.47.0/cpu/cpu_ppc64x.go	ok
2026-09-27 14:59:33	C:\Users\lehie\AppData\Local\Temp\aiflow-security-modules-bnyayvbf\archives\golang.org_x_sys@v0.47.0.zip//golang.org/x/sys@v0.47.0/cpu/cpu_riscv64.go	ok
2026-09-27 14:59:33	C:\Users\lehie\AppData\Local\Temp\aiflow-security-modules-bnyayvbf\archives\golang.org_x_sys@v0.0.0-20210809222454-d867a43fc93e.zip//golang.org/x/sys@v0.0.0-20210809222454-d867a43fc93e/unix/mkall.sh	ok
2026-09-27 14:59:33	C:\Users\lehie\AppData\Local\Temp\aiflow-security-modules-bnyayvbf\archives\golang.org_x_sys@v0.47.0.zip//golang.org/x/sys@v0.47.0/cpu/cpu_s390x.go	ok
2026-09-27 14:59:33	C:\Users\lehie\AppData\Local\Temp\aiflow-security-modules-bnyayvbf\archives\golang.org_x_sys@v0.0.0-20210809222454-d867a43fc93e.zip//golang.org/x/sys@v0.0.0-20210809222454-d867a43fc93e/unix/mkasm_darwin.go	ok
2026-09-27 14:59:33	C:\Users\lehie\AppData\Local\Temp\aiflow-security-modules-bnyayvbf\archives\golang.org_x_sys@v0.47.0.zip//golang.org/x/sys@v0.47.0/cpu/cpu_s390x.s	ok
2026-09-27 14:59:33	C:\Users\lehie\AppData\Local\Temp\aiflow-security-modules-bnyayvbf\archives\golang.org_x_sys@v0.47.0.zip//golang.org/x/sys@v0.47.0/cpu/cpu_s390x_test.go	ok
2026-09-27 14:59:33	C:\Users\lehie\AppData\Local\Temp\aiflow-security-modules-bnyayvbf\archives\golang.org_x_sys@v0.0.0-20210809222454-d867a43fc93e.zip//golang.org/x/sys@v0.0.0-20210809222454-d867a43fc93e/unix/mkerrors.sh	ok
2026-09-27 14:59:33	C:\Users\lehie\AppData\Local\Temp\aiflow-security-modules-bnyayvbf\archives\golang.org_x_sys@v0.47.0.zip//golang.org/x/sys@v0.47.0/cpu/cpu_test.go	ok
2026-09-27 14:59:33	C:\Users\lehie\AppData\Local\Temp\aiflow-security-modules-bnyayvbf\archives\golang.org_x_sys@v0.47.0.zip//golang.org/x/sys@v0.47.0/cpu/cpu_wasm.go	ok
2026-09-27 14:59:33	C:\Users\lehie\AppData\Local\Temp\aiflow-security-modules-bnyayvbf\archives\golang.org_x_sys@v0.0.0-20210809222454-d867a43fc93e.zip//golang.org/x/sys@v0.0.0-20210809222454-d867a43fc93e/unix/mkmerge.go	ok
2026-09-27 14:59:33	C:\Users\lehie\AppData\Local\Temp\aiflow-security-modules-bnyayvbf\archives\golang.org_x_sys@v0.47.0.zip//golang.org/x/sys@v0.47.0/cpu/cpu_windows.go	ok
2026-09-27 14:59:33	C:\Users\lehie\AppData\Local\Temp\aiflow-security-modules-bnyayvbf\archives\golang.org_x_sys@v0.0.0-20210809222454-d867a43fc93e.zip//golang.org/x/sys@v0.0.0-20210809222454-d867a43fc93e/unix/mkmerge_test.go	ok
2026-09-27 14:59:33	C:\Users\lehie\AppData\Local\Temp\aiflow-security-modules-bnyayvbf\archives\golang.org_x_sys@v0.47.0.zip//golang.org/x/sys@v0.47.0/cpu/cpu_windows_arm64.go	ok
2026-09-27 14:59:33	C:\Users\lehie\AppData\Local\Temp\aiflow-security-modules-bnyayvbf\archives\golang.org_x_sys@v0.47.0.zip//golang.org/x/sys@v0.47.0/cpu/cpu_x86.go	ok
2026-09-27 14:59:33	C:\Users\lehie\AppData\Local\Temp\aiflow-security-modules-bnyayvbf\archives\golang.org_x_sys@v0.0.0-20210809222454-d867a43fc93e.zip//golang.org/x/sys@v0.0.0-20210809222454-d867a43fc93e/unix/mkpost.go	ok
2026-09-27 14:59:33	C:\Users\lehie\AppData\Local\Temp\aiflow-security-modules-bnyayvbf\archives\golang.org_x_sys@v0.47.0.zip//golang.org/x/sys@v0.47.0/cpu/cpu_zos.go	ok
2026-09-27 14:59:33	C:\Users\lehie\AppData\Local\Temp\aiflow-security-modules-bnyayvbf\archives\golang.org_x_sys@v0.0.0-20210809222454-d867a43fc93e.zip//golang.org/x/sys@v0.0.0-20210809222454-d867a43fc93e/unix/mksyscall.go	ok
2026-09-27 14:59:33	C:\Users\lehie\AppData\Local\Temp\aiflow-security-modules-bnyayvbf\archives\golang.org_x_sys@v0.47.0.zip//golang.org/x/sys@v0.47.0/cpu/cpu_zos_s390x.go	ok
2026-09-27 14:59:33	C:\Users\lehie\AppData\Local\Temp\aiflow-security-modules-bnyayvbf\archives\golang.org_x_sys@v0.47.0.zip//golang.org/x/sys@v0.47.0/cpu/endian_big.go	ok
2026-09-27 14:59:33	C:\Users\lehie\AppData\Local\Temp\aiflow-security-modules-bnyayvbf\archives\golang.org_x_sys@v0.0.0-20210809222454-d867a43fc93e.zip//golang.org/x/sys@v0.0.0-20210809222454-d867a43fc93e/unix/mksyscall_aix_ppc.go	ok
2026-09-27 14:59:33	C:\Users\lehie\AppData\Local\Temp\aiflow-security-modules-bnyayvbf\archives\golang.org_x_sys@v0.47.0.zip//golang.org/x/sys@v0.47.0/cpu/endian_little.go	ok
2026-09-27 14:59:33	C:\Users\lehie\AppData\Local\Temp\aiflow-security-modules-bnyayvbf\archives\golang.org_x_sys@v0.47.0.zip//golang.org/x/sys@v0.47.0/cpu/endian_test.go	ok
2026-09-27 14:59:33	C:\Users\lehie\AppData\Local\Temp\aiflow-security-modules-bnyayvbf\archives\golang.org_x_sys@v0.0.0-20210809222454-d867a43fc93e.zip//golang.org/x/sys@v0.0.0-20210809222454-d867a43fc93e/unix/mksyscall_aix_ppc64.go	ok
2026-09-27 14:59:33	C:\Users\lehie\AppData\Local\Temp\aiflow-security-modules-bnyayvbf\archives\golang.org_x_sys@v0.47.0.zip//golang.org/x/sys@v0.47.0/cpu/hwcap_linux.go	ok
2026-09-27 14:59:33	C:\Users\lehie\AppData\Local\Temp\aiflow-security-modules-bnyayvbf\archives\golang.org_x_sys@v0.0.0-20210809222454-d867a43fc93e.zip//golang.org/x/sys@v0.0.0-20210809222454-d867a43fc93e/unix/mksyscall_solaris.go	ok
2026-09-27 14:59:33	C:\Users\lehie\AppData\Local\Temp\aiflow-security-modules-bnyayvbf\archives\golang.org_x_sys@v0.47.0.zip//golang.org/x/sys@v0.47.0/cpu/parse.go	ok
2026-09-27 14:59:33	C:\Users\lehie\AppData\Local\Temp\aiflow-security-modules-bnyayvbf\archives\golang.org_x_sys@v0.0.0-20210809222454-d867a43fc93e.zip//golang.org/x/sys@v0.0.0-20210809222454-d867a43fc93e/unix/mksysctl_openbsd.go	ok
2026-09-27 14:59:33	C:\Users\lehie\AppData\Local\Temp\aiflow-security-modules-bnyayvbf\archives\golang.org_x_sys@v0.47.0.zip//golang.org/x/sys@v0.47.0/cpu/parse_test.go	ok
2026-09-27 14:59:33	C:\Users\lehie\AppData\Local\Temp\aiflow-security-modules-bnyayvbf\archives\golang.org_x_sys@v0.47.0.zip//golang.org/x/sys@v0.47.0/cpu/proc_cpuinfo_linux.go	ok
2026-09-27 14:59:33	C:\Users\lehie\AppData\Local\Temp\aiflow-security-modules-bnyayvbf\archives\golang.org_x_sys@v0.0.0-20210809222454-d867a43fc93e.zip//golang.org/x/sys@v0.0.0-20210809222454-d867a43fc93e/unix/mksysnum.go	ok
2026-09-27 14:59:33	C:\Users\lehie\AppData\Local\Temp\aiflow-security-modules-bnyayvbf\archives\golang.org_x_sys@v0.47.0.zip//golang.org/x/sys@v0.47.0/cpu/runtime_auxv.go	ok
2026-09-27 14:59:33	C:\Users\lehie\AppData\Local\Temp\aiflow-security-modules-bnyayvbf\archives\golang.org_x_sys@v0.0.0-20210809222454-d867a43fc93e.zip//golang.org/x/sys@v0.0.0-20210809222454-d867a43fc93e/unix/mmap_unix_test.go	ok
2026-09-27 14:59:33	C:\Users\lehie\AppData\Local\Temp\aiflow-security-modules-bnyayvbf\archives\golang.org_x_sys@v0.47.0.zip//golang.org/x/sys@v0.47.0/cpu/runtime_auxv_go121.go	ok
2026-09-27 14:59:33	C:\Users\lehie\AppData\Local\Temp\aiflow-security-modules-bnyayvbf\archives\golang.org_x_sys@v0.0.0-20210809222454-d867a43fc93e.zip//golang.org/x/sys@v0.0.0-20210809222454-d867a43fc93e/unix/mmap_zos_test.go	ok
2026-09-27 14:59:33	C:\Users\lehie\AppData\Local\Temp\aiflow-security-modules-bnyayvbf\archives\golang.org_x_sys@v0.47.0.zip//golang.org/x/sys@v0.47.0/cpu/runtime_auxv_go121_test.go	ok
2026-09-27 14:59:33	C:\Users\lehie\AppData\Local\Temp\aiflow-security-modules-bnyayvbf\archives\golang.org_x_sys@v0.0.0-20210809222454-d867a43fc93e.zip//golang.org/x/sys@v0.0.0-20210809222454-d867a43fc93e/unix/openbsd_test.go	ok
2026-09-27 14:59:33	C:\Users\lehie\AppData\Local\Temp\aiflow-security-modules-bnyayvbf\archives\golang.org_x_sys@v0.47.0.zip//golang.org/x/sys@v0.47.0/cpu/syscall_aix_gccgo.go	ok
2026-09-27 14:59:33	C:\Users\lehie\AppData\Local\Temp\aiflow-security-modules-bnyayvbf\archives\golang.org_x_sys@v0.0.0-20210809222454-d867a43fc93e.zip//golang.org/x/sys@v0.0.0-20210809222454-d867a43fc93e/unix/pagesize_unix.go	ok
2026-09-27 14:59:33	C:\Users\lehie\AppData\Local\Temp\aiflow-security-modules-bnyayvbf\archives\golang.org_x_sys@v0.47.0.zip//golang.org/x/sys@v0.47.0/cpu/syscall_aix_ppc64_gc.go	ok
2026-09-27 14:59:33	C:\Users\lehie\AppData\Local\Temp\aiflow-security-modules-bnyayvbf\archives\golang.org_x_sys@v0.0.0-20210809222454-d867a43fc93e.zip//golang.org/x/sys@v0.0.0-20210809222454-d867a43fc93e/unix/pipe2_test.go	ok
2026-09-27 14:59:33	C:\Users\lehie\AppData\Local\Temp\aiflow-security-modules-bnyayvbf\archives\golang.org_x_sys@v0.47.0.zip//golang.org/x/sys@v0.47.0/cpu/syscall_darwin_arm64_gc.go	ok
2026-09-27 14:59:33	C:\Users\lehie\AppData\Local\Temp\aiflow-security-modules-bnyayvbf\archives\golang.org_x_sys@v0.47.0.zip//golang.org/x/sys@v0.47.0/cpu/syscall_darwin_x86_gc.go	ok
2026-09-27 14:59:33	C:\Users\lehie\AppData\Local\Temp\aiflow-security-modules-bnyayvbf\archives\golang.org_x_sys@v0.0.0-20210809222454-d867a43fc93e.zip//golang.org/x/sys@v0.0.0-20210809222454-d867a43fc93e/unix/pledge_openbsd.go	ok
2026-09-27 14:59:33	C:\Users\lehie\AppData\Local\Temp\aiflow-security-modules-bnyayvbf\archives\golang.org_x_sys@v0.47.0.zip//golang.org/x/sys@v0.47.0/cpu/zcpu_windows.go	ok
2026-09-27 14:59:33	C:\Users\lehie\AppData\Local\Temp\aiflow-security-modules-bnyayvbf\archives\golang.org_x_sys@v0.0.0-20210809222454-d867a43fc93e.zip//golang.org/x/sys@v0.0.0-20210809222454-d867a43fc93e/unix/ptrace_darwin.go	ok
2026-09-27 14:59:33	C:\Users\lehie\AppData\Local\Temp\aiflow-security-modules-bnyayvbf\archives\golang.org_x_sys@v0.0.0-20210809222454-d867a43fc93e.zip//golang.org/x/sys@v0.0.0-20210809222454-d867a43fc93e/unix/ptrace_ios.go	ok
2026-09-27 14:59:33	C:\Users\lehie\AppData\Local\Temp\aiflow-security-modules-bnyayvbf\archives\golang.org_x_sys@v0.47.0.zip//golang.org/x/sys@v0.47.0/execabs/execabs.go	ok
2026-09-27 14:59:33	C:\Users\lehie\AppData\Local\Temp\aiflow-security-modules-bnyayvbf\archives\golang.org_x_sys@v0.0.0-20210809222454-d867a43fc93e.zip//golang.org/x/sys@v0.0.0-20210809222454-d867a43fc93e/unix/race.go	ok
2026-09-27 14:59:33	C:\Users\lehie\AppData\Local\Temp\aiflow-security-modules-bnyayvbf\archives\golang.org_x_sys@v0.47.0.zip//golang.org/x/sys@v0.47.0/execabs/execabs_go118.go	ok
2026-09-27 14:59:33	C:\Users\lehie\AppData\Local\Temp\aiflow-security-modules-bnyayvbf\archives\golang.org_x_sys@v0.0.0-20210809222454-d867a43fc93e.zip//golang.org/x/sys@v0.0.0-20210809222454-d867a43fc93e/unix/race0.go	ok
2026-09-27 14:59:33	C:\Users\lehie\AppData\Local\Temp\aiflow-security-modules-bnyayvbf\archives\golang.org_x_sys@v0.47.0.zip//golang.org/x/sys@v0.47.0/execabs/execabs_go119.go	ok
2026-09-27 14:59:33	C:\Users\lehie\AppData\Local\Temp\aiflow-security-modules-bnyayvbf\archives\golang.org_x_sys@v0.0.0-20210809222454-d867a43fc93e.zip//golang.org/x/sys@v0.0.0-20210809222454-d867a43fc93e/unix/readdirent_getdents.go	ok
2026-09-27 14:59:33	C:\Users\lehie\AppData\Local\Temp\aiflow-security-modules-bnyayvbf\archives\golang.org_x_sys@v0.47.0.zip//golang.org/x/sys@v0.47.0/execabs/execabs_test.go	ok
2026-09-27 14:59:33	C:\Users\lehie\AppData\Local\Temp\aiflow-security-modules-bnyayvbf\archives\golang.org_x_sys@v0.0.0-20210809222454-d867a43fc93e.zip//golang.org/x/sys@v0.0.0-20210809222454-d867a43fc93e/unix/readdirent_getdirentries.go	ok
2026-09-27 14:59:33	C:\Users\lehie\AppData\Local\Temp\aiflow-security-modules-bnyayvbf\archives\golang.org_x_sys@v0.47.0.zip//golang.org/x/sys@v0.47.0/go.mod	ok
2026-09-27 14:59:33	C:\Users\lehie\AppData\Local\Temp\aiflow-security-modules-bnyayvbf\archives\golang.org_x_sys@v0.47.0.zip//golang.org/x/sys@v0.47.0/plan9/asm.s	ok
2026-09-27 14:59:33	C:\Users\lehie\AppData\Local\Temp\aiflow-security-modules-bnyayvbf\archives\golang.org_x_sys@v0.0.0-20210809222454-d867a43fc93e.zip//golang.org/x/sys@v0.0.0-20210809222454-d867a43fc93e/unix/sendfile_test.go	ok
2026-09-27 14:59:33	C:\Users\lehie\AppData\Local\Temp\aiflow-security-modules-bnyayvbf\archives\golang.org_x_sys@v0.47.0.zip//golang.org/x/sys@v0.47.0/plan9/asm_plan9_386.s	ok
2026-09-27 14:59:33	C:\Users\lehie\AppData\Local\Temp\aiflow-security-modules-bnyayvbf\archives\golang.org_x_sys@v0.0.0-20210809222454-d867a43fc93e.zip//golang.org/x/sys@v0.0.0-20210809222454-d867a43fc93e/unix/sockcmsg_dragonfly.go	ok
2026-09-27 14:59:33	C:\Users\lehie\AppData\Local\Temp\aiflow-security-modules-bnyayvbf\archives\golang.org_x_sys@v0.47.0.zip//golang.org/x/sys@v0.47.0/plan9/asm_plan9_amd64.s	ok
2026-09-27 14:59:33	C:\Users\lehie\AppData\Local\Temp\aiflow-security-modules-bnyayvbf\archives\golang.org_x_sys@v0.0.0-20210809222454-d867a43fc93e.zip//golang.org/x/sys@v0.0.0-20210809222454-d867a43fc93e/unix/sockcmsg_linux.go	ok
2026-09-27 14:59:33	C:\Users\lehie\AppData\Local\Temp\aiflow-security-modules-bnyayvbf\archives\golang.org_x_sys@v0.47.0.zip//golang.org/x/sys@v0.47.0/plan9/asm_plan9_arm.s	ok
2026-09-27 14:59:33	C:\Users\lehie\AppData\Local\Temp\aiflow-security-modules-bnyayvbf\archives\golang.org_x_sys@v0.0.0-20210809222454-d867a43fc93e.zip//golang.org/x/sys@v0.0.0-20210809222454-d867a43fc93e/unix/sockcmsg_unix.go	ok
2026-09-27 14:59:33	C:\Users\lehie\AppData\Local\Temp\aiflow-security-modules-bnyayvbf\archives\golang.org_x_sys@v0.47.0.zip//golang.org/x/sys@v0.47.0/plan9/const_plan9.go	ok
2026-09-27 14:59:33	C:\Users\lehie\AppData\Local\Temp\aiflow-security-modules-bnyayvbf\archives\golang.org_x_sys@v0.0.0-20210809222454-d867a43fc93e.zip//golang.org/x/sys@v0.0.0-20210809222454-d867a43fc93e/unix/sockcmsg_unix_other.go	ok
2026-09-27 14:59:33	C:\Users\lehie\AppData\Local\Temp\aiflow-security-modules-bnyayvbf\archives\golang.org_x_sys@v0.47.0.zip//golang.org/x/sys@v0.47.0/plan9/dir_plan9.go	ok
2026-09-27 14:59:33	C:\Users\lehie\AppData\Local\Temp\aiflow-security-modules-bnyayvbf\archives\golang.org_x_sys@v0.0.0-20210809222454-d867a43fc93e.zip//golang.org/x/sys@v0.0.0-20210809222454-d867a43fc93e/unix/str.go	ok
2026-09-27 14:59:33	C:\Users\lehie\AppData\Local\Temp\aiflow-security-modules-bnyayvbf\archives\golang.org_x_sys@v0.47.0.zip//golang.org/x/sys@v0.47.0/plan9/env_plan9.go	ok
2026-09-27 14:59:33	C:\Users\lehie\AppData\Local\Temp\aiflow-security-modules-bnyayvbf\archives\golang.org_x_sys@v0.0.0-20210809222454-d867a43fc93e.zip//golang.org/x/sys@v0.0.0-20210809222454-d867a43fc93e/unix/syscall.go	ok
2026-09-27 14:59:33	C:\Users\lehie\AppData\Local\Temp\aiflow-security-modules-bnyayvbf\archives\golang.org_x_sys@v0.47.0.zip//golang.org/x/sys@v0.47.0/plan9/errors_plan9.go	ok
2026-09-27 14:59:33	C:\Users\lehie\AppData\Local\Temp\aiflow-security-modules-bnyayvbf\archives\golang.org_x_sys@v0.0.0-20210809222454-d867a43fc93e.zip//golang.org/x/sys@v0.0.0-20210809222454-d867a43fc93e/unix/syscall_aix.go	ok
2026-09-27 14:59:33	C:\Users\lehie\AppData\Local\Temp\aiflow-security-modules-bnyayvbf\archives\golang.org_x_sys@v0.47.0.zip//golang.org/x/sys@v0.47.0/plan9/mkall.sh	ok
2026-09-27 14:59:33	C:\Users\lehie\AppData\Local\Temp\aiflow-security-modules-bnyayvbf\archives\golang.org_x_sys@v0.0.0-20210809222454-d867a43fc93e.zip//golang.org/x/sys@v0.0.0-20210809222454-d867a43fc93e/unix/syscall_aix_ppc.go	ok
2026-09-27 14:59:33	C:\Users\lehie\AppData\Local\Temp\aiflow-security-modules-bnyayvbf\archives\golang.org_x_sys@v0.47.0.zip//golang.org/x/sys@v0.47.0/plan9/mkerrors.sh	ok
2026-09-27 14:59:33	C:\Users\lehie\AppData\Local\Temp\aiflow-security-modules-bnyayvbf\archives\golang.org_x_sys@v0.0.0-20210809222454-d867a43fc93e.zip//golang.org/x/sys@v0.0.0-20210809222454-d867a43fc93e/unix/syscall_aix_ppc64.go	ok
2026-09-27 14:59:33	C:\Users\lehie\AppData\Local\Temp\aiflow-security-modules-bnyayvbf\archives\golang.org_x_sys@v0.47.0.zip//golang.org/x/sys@v0.47.0/plan9/mksyscall.go	ok
2026-09-27 14:59:33	C:\Users\lehie\AppData\Local\Temp\aiflow-security-modules-bnyayvbf\archives\golang.org_x_sys@v0.0.0-20210809222454-d867a43fc93e.zip//golang.org/x/sys@v0.0.0-20210809222454-d867a43fc93e/unix/syscall_aix_test.go	ok
2026-09-27 14:59:33	C:\Users\lehie\AppData\Local\Temp\aiflow-security-modules-bnyayvbf\archives\golang.org_x_sys@v0.47.0.zip//golang.org/x/sys@v0.47.0/plan9/mksysnum_plan9.sh	ok
2026-09-27 14:59:33	C:\Users\lehie\AppData\Local\Temp\aiflow-security-modules-bnyayvbf\archives\golang.org_x_sys@v0.47.0.zip//golang.org/x/sys@v0.47.0/plan9/pwd_plan9.go	ok
2026-09-27 14:59:33	C:\Users\lehie\AppData\Local\Temp\aiflow-security-modules-bnyayvbf\archives\golang.org_x_sys@v0.0.0-20210809222454-d867a43fc93e.zip//golang.org/x/sys@v0.0.0-20210809222454-d867a43fc93e/unix/syscall_bsd.go	ok
2026-09-27 14:59:33	C:\Users\lehie\AppData\Local\Temp\aiflow-security-modules-bnyayvbf\archives\golang.org_x_sys@v0.47.0.zip//golang.org/x/sys@v0.47.0/plan9/race.go	ok
2026-09-27 14:59:33	C:\Users\lehie\AppData\Local\Temp\aiflow-security-modules-bnyayvbf\archives\golang.org_x_sys@v0.0.0-20210809222454-d867a43fc93e.zip//golang.org/x/sys@v0.0.0-20210809222454-d867a43fc93e/unix/syscall_bsd_test.go	ok
2026-09-27 14:59:33	C:\Users\lehie\AppData\Local\Temp\aiflow-security-modules-bnyayvbf\archives\golang.org_x_sys@v0.47.0.zip//golang.org/x/sys@v0.47.0/plan9/race0.go	ok
2026-09-27 14:59:33	C:\Users\lehie\AppData\Local\Temp\aiflow-security-modules-bnyayvbf\archives\golang.org_x_sys@v0.0.0-20210809222454-d867a43fc93e.zip//golang.org/x/sys@v0.0.0-20210809222454-d867a43fc93e/unix/syscall_darwin.1_12.go	ok
2026-09-27 14:59:33	C:\Users\lehie\AppData\Local\Temp\aiflow-security-modules-bnyayvbf\archives\golang.org_x_sys@v0.47.0.zip//golang.org/x/sys@v0.47.0/plan9/str.go	ok
2026-09-27 14:59:33	C:\Users\lehie\AppData\Local\Temp\aiflow-security-modules-bnyayvbf\archives\golang.org_x_sys@v0.0.0-20210809222454-d867a43fc93e.zip//golang.org/x/sys@v0.0.0-20210809222454-d867a43fc93e/unix/syscall_darwin.1_13.go	ok
2026-09-27 14:59:33	C:\Users\lehie\AppData\Local\Temp\aiflow-security-modules-bnyayvbf\archives\golang.org_x_sys@v0.47.0.zip//golang.org/x/sys@v0.47.0/plan9/syscall.go	ok
2026-09-27 14:59:33	C:\Users\lehie\AppData\Local\Temp\aiflow-security-modules-bnyayvbf\archives\golang.org_x_sys@v0.0.0-20210809222454-d867a43fc93e.zip//golang.org/x/sys@v0.0.0-20210809222454-d867a43fc93e/unix/syscall_darwin.go	ok
2026-09-27 14:59:33	C:\Users\lehie\AppData\Local\Temp\aiflow-security-modules-bnyayvbf\archives\golang.org_x_sys@v0.47.0.zip//golang.org/x/sys@v0.47.0/plan9/syscall_plan9.go	ok
2026-09-27 14:59:33	C:\Users\lehie\AppData\Local\Temp\aiflow-security-modules-bnyayvbf\archives\golang.org_x_sys@v0.0.0-20210809222454-d867a43fc93e.zip//golang.org/x/sys@v0.0.0-20210809222454-d867a43fc93e/unix/syscall_darwin_amd64.go	ok
2026-09-27 14:59:33	C:\Users\lehie\AppData\Local\Temp\aiflow-security-modules-bnyayvbf\archives\golang.org_x_sys@v0.47.0.zip//golang.org/x/sys@v0.47.0/plan9/syscall_test.go	ok
2026-09-27 14:59:33	C:\Users\lehie\AppData\Local\Temp\aiflow-security-modules-bnyayvbf\archives\golang.org_x_sys@v0.0.0-20210809222454-d867a43fc93e.zip//golang.org/x/sys@v0.0.0-20210809222454-d867a43fc93e/unix/syscall_darwin_arm64.go	ok
2026-09-27 14:59:33	C:\Users\lehie\AppData\Local\Temp\aiflow-security-modules-bnyayvbf\archives\golang.org_x_sys@v0.47.0.zip//golang.org/x/sys@v0.47.0/plan9/zsyscall_plan9_386.go	ok
2026-09-27 14:59:33	C:\Users\lehie\AppData\Local\Temp\aiflow-security-modules-bnyayvbf\archives\golang.org_x_sys@v0.0.0-20210809222454-d867a43fc93e.zip//golang.org/x/sys@v0.0.0-20210809222454-d867a43fc93e/unix/syscall_darwin_libSystem.go	ok
2026-09-27 14:59:33	C:\Users\lehie\AppData\Local\Temp\aiflow-security-modules-bnyayvbf\archives\golang.org_x_sys@v0.47.0.zip//golang.org/x/sys@v0.47.0/plan9/zsyscall_plan9_amd64.go	ok
2026-09-27 14:59:33	C:\Users\lehie\AppData\Local\Temp\aiflow-security-modules-bnyayvbf\archives\golang.org_x_sys@v0.0.0-20210809222454-d867a43fc93e.zip//golang.org/x/sys@v0.0.0-20210809222454-d867a43fc93e/unix/syscall_darwin_test.go	ok
2026-09-27 14:59:33	C:\Users\lehie\AppData\Local\Temp\aiflow-security-modules-bnyayvbf\archives\golang.org_x_sys@v0.47.0.zip//golang.org/x/sys@v0.47.0/plan9/zsyscall_plan9_arm.go	ok
2026-09-27 14:59:33	C:\Users\lehie\AppData\Local\Temp\aiflow-security-modules-bnyayvbf\archives\golang.org_x_sys@v0.0.0-20210809222454-d867a43fc93e.zip//golang.org/x/sys@v0.0.0-20210809222454-d867a43fc93e/unix/syscall_dragonfly.go	ok
2026-09-27 14:59:33	C:\Users\lehie\AppData\Local\Temp\aiflow-security-modules-bnyayvbf\archives\golang.org_x_sys@v0.47.0.zip//golang.org/x/sys@v0.47.0/plan9/zsysnum_plan9.go	ok
2026-09-27 14:59:33	C:\Users\lehie\AppData\Local\Temp\aiflow-security-modules-bnyayvbf\archives\golang.org_x_sys@v0.0.0-20210809222454-d867a43fc93e.zip//golang.org/x/sys@v0.0.0-20210809222454-d867a43fc93e/unix/syscall_dragonfly_amd64.go	ok
2026-09-27 14:59:33	C:\Users\lehie\AppData\Local\Temp\aiflow-security-modules-bnyayvbf\archives\golang.org_x_sys@v0.47.0.zip//golang.org/x/sys@v0.47.0/unix/.gitignore	ok
2026-09-27 14:59:33	C:\Users\lehie\AppData\Local\Temp\aiflow-security-modules-bnyayvbf\archives\golang.org_x_sys@v0.47.0.zip//golang.org/x/sys@v0.47.0/unix/README.md	ok
2026-09-27 14:59:33	C:\Users\lehie\AppData\Local\Temp\aiflow-security-modules-bnyayvbf\archives\golang.org_x_sys@v0.0.0-20210809222454-d867a43fc93e.zip//golang.org/x/sys@v0.0.0-20210809222454-d867a43fc93e/unix/syscall_freebsd.go	ok
2026-09-27 14:59:33	C:\Users\lehie\AppData\Local\Temp\aiflow-security-modules-bnyayvbf\archives\golang.org_x_sys@v0.47.0.zip//golang.org/x/sys@v0.47.0/unix/affinity_linux.go	ok
2026-09-27 14:59:33	C:\Users\lehie\AppData\Local\Temp\aiflow-security-modules-bnyayvbf\archives\golang.org_x_sys@v0.0.0-20210809222454-d867a43fc93e.zip//golang.org/x/sys@v0.0.0-20210809222454-d867a43fc93e/unix/syscall_freebsd_386.go	ok
2026-09-27 14:59:33	C:\Users\lehie\AppData\Local\Temp\aiflow-security-modules-bnyayvbf\archives\golang.org_x_sys@v0.47.0.zip//golang.org/x/sys@v0.47.0/unix/aliases.go	ok
2026-09-27 14:59:33	C:\Users\lehie\AppData\Local\Temp\aiflow-security-modules-bnyayvbf\archives\golang.org_x_sys@v0.0.0-20210809222454-d867a43fc93e.zip//golang.org/x/sys@v0.0.0-20210809222454-d867a43fc93e/unix/syscall_freebsd_amd64.go	ok
2026-09-27 14:59:33	C:\Users\lehie\AppData\Local\Temp\aiflow-security-modules-bnyayvbf\archives\golang.org_x_sys@v0.47.0.zip//golang.org/x/sys@v0.47.0/unix/asm_aix_ppc64.s	ok
2026-09-27 14:59:33	C:\Users\lehie\AppData\Local\Temp\aiflow-security-modules-bnyayvbf\archives\golang.org_x_sys@v0.0.0-20210809222454-d867a43fc93e.zip//golang.org/x/sys@v0.0.0-20210809222454-d867a43fc93e/unix/syscall_freebsd_arm.go	ok
2026-09-27 14:59:33	C:\Users\lehie\AppData\Local\Temp\aiflow-security-modules-bnyayvbf\archives\golang.org_x_sys@v0.47.0.zip//golang.org/x/sys@v0.47.0/unix/asm_bsd_386.s	ok
2026-09-27 14:59:33	C:\Users\lehie\AppData\Local\Temp\aiflow-security-modules-bnyayvbf\archives\golang.org_x_sys@v0.0.0-20210809222454-d867a43fc93e.zip//golang.org/x/sys@v0.0.0-20210809222454-d867a43fc93e/unix/syscall_freebsd_arm64.go	ok
2026-09-27 14:59:33	C:\Users\lehie\AppData\Local\Temp\aiflow-security-modules-bnyayvbf\archives\golang.org_x_sys@v0.47.0.zip//golang.org/x/sys@v0.47.0/unix/asm_bsd_amd64.s	ok
2026-09-27 14:59:33	C:\Users\lehie\AppData\Local\Temp\aiflow-security-modules-bnyayvbf\archives\golang.org_x_sys@v0.0.0-20210809222454-d867a43fc93e.zip//golang.org/x/sys@v0.0.0-20210809222454-d867a43fc93e/unix/syscall_freebsd_test.go	ok
2026-09-27 14:59:33	C:\Users\lehie\AppData\Local\Temp\aiflow-security-modules-bnyayvbf\archives\golang.org_x_sys@v0.47.0.zip//golang.org/x/sys@v0.47.0/unix/asm_bsd_arm.s	ok
2026-09-27 14:59:33	C:\Users\lehie\AppData\Local\Temp\aiflow-security-modules-bnyayvbf\archives\golang.org_x_sys@v0.0.0-20210809222454-d867a43fc93e.zip//golang.org/x/sys@v0.0.0-20210809222454-d867a43fc93e/unix/syscall_illumos.go	ok
2026-09-27 14:59:33	C:\Users\lehie\AppData\Local\Temp\aiflow-security-modules-bnyayvbf\archives\golang.org_x_sys@v0.47.0.zip//golang.org/x/sys@v0.47.0/unix/asm_bsd_arm64.s	ok
2026-09-27 14:59:33	C:\Users\lehie\AppData\Local\Temp\aiflow-security-modules-bnyayvbf\archives\golang.org_x_sys@v0.0.0-20210809222454-d867a43fc93e.zip//golang.org/x/sys@v0.0.0-20210809222454-d867a43fc93e/unix/syscall_illumos_test.go	ok
2026-09-27 14:59:33	C:\Users\lehie\AppData\Local\Temp\aiflow-security-modules-bnyayvbf\archives\golang.org_x_sys@v0.47.0.zip//golang.org/x/sys@v0.47.0/unix/asm_bsd_ppc64.s	ok
2026-09-27 14:59:33	C:\Users\lehie\AppData\Local\Temp\aiflow-security-modules-bnyayvbf\archives\golang.org_x_sys@v0.47.0.zip//golang.org/x/sys@v0.47.0/unix/asm_bsd_riscv64.s	ok
2026-09-27 14:59:33	C:\Users\lehie\AppData\Local\Temp\aiflow-security-modules-bnyayvbf\archives\golang.org_x_sys@v0.0.0-20210809222454-d867a43fc93e.zip//golang.org/x/sys@v0.0.0-20210809222454-d867a43fc93e/unix/syscall_internal_bsd_test.go	ok
2026-09-27 14:59:33	C:\Users\lehie\AppData\Local\Temp\aiflow-security-modules-bnyayvbf\archives\golang.org_x_sys@v0.47.0.zip//golang.org/x/sys@v0.47.0/unix/asm_linux_386.s	ok
2026-09-27 14:59:33	C:\Users\lehie\AppData\Local\Temp\aiflow-security-modules-bnyayvbf\archives\golang.org_x_sys@v0.0.0-20210809222454-d867a43fc93e.zip//golang.org/x/sys@v0.0.0-20210809222454-d867a43fc93e/unix/syscall_internal_darwin_test.go	ok
2026-09-27 14:59:33	C:\Users\lehie\AppData\Local\Temp\aiflow-security-modules-bnyayvbf\archives\golang.org_x_sys@v0.47.0.zip//golang.org/x/sys@v0.47.0/unix/asm_linux_amd64.s	ok
2026-09-27 14:59:33	C:\Users\lehie\AppData\Local\Temp\aiflow-security-modules-bnyayvbf\archives\golang.org_x_sys@v0.47.0.zip//golang.org/x/sys@v0.47.0/unix/asm_linux_arm.s	ok
2026-09-27 14:59:33	C:\Users\lehie\AppData\Local\Temp\aiflow-security-modules-bnyayvbf\archives\golang.org_x_sys@v0.0.0-20210809222454-d867a43fc93e.zip//golang.org/x/sys@v0.0.0-20210809222454-d867a43fc93e/unix/syscall_internal_linux_test.go	ok
2026-09-27 14:59:33	C:\Users\lehie\AppData\Local\Temp\aiflow-security-modules-bnyayvbf\archives\golang.org_x_sys@v0.47.0.zip//golang.org/x/sys@v0.47.0/unix/asm_linux_arm64.s	ok
2026-09-27 14:59:33	C:\Users\lehie\AppData\Local\Temp\aiflow-security-modules-bnyayvbf\archives\golang.org_x_sys@v0.47.0.zip//golang.org/x/sys@v0.47.0/unix/asm_linux_loong64.s	ok
2026-09-27 14:59:33	C:\Users\lehie\AppData\Local\Temp\aiflow-security-modules-bnyayvbf\archives\golang.org_x_sys@v0.47.0.zip//golang.org/x/sys@v0.47.0/unix/asm_linux_mips64x.s	ok
2026-09-27 14:59:34	C:\Users\lehie\AppData\Local\Temp\aiflow-security-modules-bnyayvbf\archives\golang.org_x_sys@v0.0.0-20210809222454-d867a43fc93e.zip//golang.org/x/sys@v0.0.0-20210809222454-d867a43fc93e/unix/syscall_linux.go	ok
2026-09-27 14:59:34	C:\Users\lehie\AppData\Local\Temp\aiflow-security-modules-bnyayvbf\archives\golang.org_x_sys@v0.47.0.zip//golang.org/x/sys@v0.47.0/unix/asm_linux_mipsx.s	ok
2026-09-27 14:59:34	C:\Users\lehie\AppData\Local\Temp\aiflow-security-modules-bnyayvbf\archives\golang.org_x_sys@v0.0.0-20210809222454-d867a43fc93e.zip//golang.org/x/sys@v0.0.0-20210809222454-d867a43fc93e/unix/syscall_linux_386.go	ok
2026-09-27 14:59:34	C:\Users\lehie\AppData\Local\Temp\aiflow-security-modules-bnyayvbf\archives\golang.org_x_sys@v0.47.0.zip//golang.org/x/sys@v0.47.0/unix/asm_linux_ppc64x.s	ok
2026-09-27 14:59:34	C:\Users\lehie\AppData\Local\Temp\aiflow-security-modules-bnyayvbf\archives\golang.org_x_sys@v0.47.0.zip//golang.org/x/sys@v0.47.0/unix/asm_linux_riscv64.s	ok
2026-09-27 14:59:34	C:\Users\lehie\AppData\Local\Temp\aiflow-security-modules-bnyayvbf\archives\golang.org_x_sys@v0.0.0-20210809222454-d867a43fc93e.zip//golang.org/x/sys@v0.0.0-20210809222454-d867a43fc93e/unix/syscall_linux_amd64.go	ok
2026-09-27 14:59:34	C:\Users\lehie\AppData\Local\Temp\aiflow-security-modules-bnyayvbf\archives\golang.org_x_sys@v0.47.0.zip//golang.org/x/sys@v0.47.0/unix/asm_linux_s390x.s	ok
2026-09-27 14:59:34	C:\Users\lehie\AppData\Local\Temp\aiflow-security-modules-bnyayvbf\archives\golang.org_x_sys@v0.0.0-20210809222454-d867a43fc93e.zip//golang.org/x/sys@v0.0.0-20210809222454-d867a43fc93e/unix/syscall_linux_amd64_gc.go	ok
2026-09-27 14:59:34	C:\Users\lehie\AppData\Local\Temp\aiflow-security-modules-bnyayvbf\archives\golang.org_x_sys@v0.47.0.zip//golang.org/x/sys@v0.47.0/unix/asm_openbsd_mips64.s	ok
2026-09-27 14:59:34	C:\Users\lehie\AppData\Local\Temp\aiflow-security-modules-bnyayvbf\archives\golang.org_x_sys@v0.0.0-20210809222454-d867a43fc93e.zip//golang.org/x/sys@v0.0.0-20210809222454-d867a43fc93e/unix/syscall_linux_arm.go	ok
2026-09-27 14:59:34	C:\Users\lehie\AppData\Local\Temp\aiflow-security-modules-bnyayvbf\archives\golang.org_x_sys@v0.47.0.zip//golang.org/x/sys@v0.47.0/unix/asm_solaris_amd64.s	ok
2026-09-27 14:59:34	C:\Users\lehie\AppData\Local\Temp\aiflow-security-modules-bnyayvbf\archives\golang.org_x_sys@v0.0.0-20210809222454-d867a43fc93e.zip//golang.org/x/sys@v0.0.0-20210809222454-d867a43fc93e/unix/syscall_linux_arm64.go	ok
2026-09-27 14:59:34	C:\Users\lehie\AppData\Local\Temp\aiflow-security-modules-bnyayvbf\archives\golang.org_x_sys@v0.47.0.zip//golang.org/x/sys@v0.47.0/unix/asm_zos_s390x.s	ok
2026-09-27 14:59:34	C:\Users\lehie\AppData\Local\Temp\aiflow-security-modules-bnyayvbf\archives\golang.org_x_sys@v0.0.0-20210809222454-d867a43fc93e.zip//golang.org/x/sys@v0.0.0-20210809222454-d867a43fc93e/unix/syscall_linux_gc.go	ok
2026-09-27 14:59:34	C:\Users\lehie\AppData\Local\Temp\aiflow-security-modules-bnyayvbf\archives\golang.org_x_sys@v0.47.0.zip//golang.org/x/sys@v0.47.0/unix/auxv.go	ok
2026-09-27 14:59:34	C:\Users\lehie\AppData\Local\Temp\aiflow-security-modules-bnyayvbf\archives\golang.org_x_sys@v0.0.0-20210809222454-d867a43fc93e.zip//golang.org/x/sys@v0.0.0-20210809222454-d867a43fc93e/unix/syscall_linux_gc_386.go	ok
2026-09-27 14:59:34	C:\Users\lehie\AppData\Local\Temp\aiflow-security-modules-bnyayvbf\archives\golang.org_x_sys@v0.47.0.zip//golang.org/x/sys@v0.47.0/unix/auxv_linux_test.go	ok
2026-09-27 14:59:34	C:\Users\lehie\AppData\Local\Temp\aiflow-security-modules-bnyayvbf\archives\golang.org_x_sys@v0.0.0-20210809222454-d867a43fc93e.zip//golang.org/x/sys@v0.0.0-20210809222454-d867a43fc93e/unix/syscall_linux_gc_arm.go	ok
2026-09-27 14:59:34	C:\Users\lehie\AppData\Local\Temp\aiflow-security-modules-bnyayvbf\archives\golang.org_x_sys@v0.47.0.zip//golang.org/x/sys@v0.47.0/unix/auxv_unsupported.go	ok
2026-09-27 14:59:34	C:\Users\lehie\AppData\Local\Temp\aiflow-security-modules-bnyayvbf\archives\golang.org_x_sys@v0.0.0-20210809222454-d867a43fc93e.zip//golang.org/x/sys@v0.0.0-20210809222454-d867a43fc93e/unix/syscall_linux_gccgo_386.go	ok
2026-09-27 14:59:34	C:\Users\lehie\AppData\Local\Temp\aiflow-security-modules-bnyayvbf\archives\golang.org_x_sys@v0.47.0.zip//golang.org/x/sys@v0.47.0/unix/bluetooth_linux.go	ok
2026-09-27 14:59:34	C:\Users\lehie\AppData\Local\Temp\aiflow-security-modules-bnyayvbf\archives\golang.org_x_sys@v0.0.0-20210809222454-d867a43fc93e.zip//golang.org/x/sys@v0.0.0-20210809222454-d867a43fc93e/unix/syscall_linux_gccgo_arm.go	ok
2026-09-27 14:59:34	C:\Users\lehie\AppData\Local\Temp\aiflow-security-modules-bnyayvbf\archives\golang.org_x_sys@v0.47.0.zip//golang.org/x/sys@v0.47.0/unix/bpxsvc_zos.go	ok
2026-09-27 14:59:34	C:\Users\lehie\AppData\Local\Temp\aiflow-security-modules-bnyayvbf\archives\golang.org_x_sys@v0.0.0-20210809222454-d867a43fc93e.zip//golang.org/x/sys@v0.0.0-20210809222454-d867a43fc93e/unix/syscall_linux_mips64x.go	ok
2026-09-27 14:59:34	C:\Users\lehie\AppData\Local\Temp\aiflow-security-modules-bnyayvbf\archives\golang.org_x_sys@v0.47.0.zip//golang.org/x/sys@v0.47.0/unix/bpxsvc_zos.s	ok
2026-09-27 14:59:34	C:\Users\lehie\AppData\Local\Temp\aiflow-security-modules-bnyayvbf\archives\golang.org_x_sys@v0.0.0-20210809222454-d867a43fc93e.zip//golang.org/x/sys@v0.0.0-20210809222454-d867a43fc93e/unix/syscall_linux_mipsx.go	ok
2026-09-27 14:59:34	C:\Users\lehie\AppData\Local\Temp\aiflow-security-modules-bnyayvbf\archives\golang.org_x_sys@v0.47.0.zip//golang.org/x/sys@v0.47.0/unix/cap_freebsd.go	ok
2026-09-27 14:59:34	C:\Users\lehie\AppData\Local\Temp\aiflow-security-modules-bnyayvbf\archives\golang.org_x_sys@v0.47.0.zip//golang.org/x/sys@v0.47.0/unix/constants.go	ok
2026-09-27 14:59:34	C:\Users\lehie\AppData\Local\Temp\aiflow-security-modules-bnyayvbf\archives\golang.org_x_sys@v0.0.0-20210809222454-d867a43fc93e.zip//golang.org/x/sys@v0.0.0-20210809222454-d867a43fc93e/unix/syscall_linux_ppc.go	ok
2026-09-27 14:59:34	C:\Users\lehie\AppData\Local\Temp\aiflow-security-modules-bnyayvbf\archives\golang.org_x_sys@v0.47.0.zip//golang.org/x/sys@v0.47.0/unix/creds_test.go	ok
2026-09-27 14:59:34	C:\Users\lehie\AppData\Local\Temp\aiflow-security-modules-bnyayvbf\archives\golang.org_x_sys@v0.0.0-20210809222454-d867a43fc93e.zip//golang.org/x/sys@v0.0.0-20210809222454-d867a43fc93e/unix/syscall_linux_ppc64x.go	ok
2026-09-27 14:59:34	C:\Users\lehie\AppData\Local\Temp\aiflow-security-modules-bnyayvbf\archives\golang.org_x_sys@v0.47.0.zip//golang.org/x/sys@v0.47.0/unix/darwin_amd64_test.go	ok
2026-09-27 14:59:34	C:\Users\lehie\AppData\Local\Temp\aiflow-security-modules-bnyayvbf\archives\golang.org_x_sys@v0.0.0-20210809222454-d867a43fc93e.zip//golang.org/x/sys@v0.0.0-20210809222454-d867a43fc93e/unix/syscall_linux_riscv64.go	ok
2026-09-27 14:59:34	C:\Users\lehie\AppData\Local\Temp\aiflow-security-modules-bnyayvbf\archives\golang.org_x_sys@v0.47.0.zip//golang.org/x/sys@v0.47.0/unix/darwin_arm64_test.go	ok
2026-09-27 14:59:34	C:\Users\lehie\AppData\Local\Temp\aiflow-security-modules-bnyayvbf\archives\golang.org_x_sys@v0.0.0-20210809222454-d867a43fc93e.zip//golang.org/x/sys@v0.0.0-20210809222454-d867a43fc93e/unix/syscall_linux_s390x.go	ok
2026-09-27 14:59:34	C:\Users\lehie\AppData\Local\Temp\aiflow-security-modules-bnyayvbf\archives\golang.org_x_sys@v0.47.0.zip//golang.org/x/sys@v0.47.0/unix/darwin_test.go	ok
2026-09-27 14:59:34	C:\Users\lehie\AppData\Local\Temp\aiflow-security-modules-bnyayvbf\archives\golang.org_x_sys@v0.47.0.zip//golang.org/x/sys@v0.47.0/unix/dev_aix_ppc.go	ok
2026-09-27 14:59:34	C:\Users\lehie\AppData\Local\Temp\aiflow-security-modules-bnyayvbf\archives\golang.org_x_sys@v0.0.0-20210809222454-d867a43fc93e.zip//golang.org/x/sys@v0.0.0-20210809222454-d867a43fc93e/unix/syscall_linux_sparc64.go	ok
2026-09-27 14:59:34	C:\Users\lehie\AppData\Local\Temp\aiflow-security-modules-bnyayvbf\archives\golang.org_x_sys@v0.47.0.zip//golang.org/x/sys@v0.47.0/unix/dev_aix_ppc64.go	ok
2026-09-27 14:59:34	C:\Users\lehie\AppData\Local\Temp\aiflow-security-modules-bnyayvbf\archives\golang.org_x_sys@v0.47.0.zip//golang.org/x/sys@v0.47.0/unix/dev_darwin.go	ok
2026-09-27 14:59:34	C:\Users\lehie\AppData\Local\Temp\aiflow-security-modules-bnyayvbf\archives\golang.org_x_sys@v0.0.0-20210809222454-d867a43fc93e.zip//golang.org/x/sys@v0.0.0-20210809222454-d867a43fc93e/unix/syscall_linux_test.go	ok
2026-09-27 14:59:34	C:\Users\lehie\AppData\Local\Temp\aiflow-security-modules-bnyayvbf\archives\golang.org_x_sys@v0.47.0.zip//golang.org/x/sys@v0.47.0/unix/dev_dragonfly.go	ok
2026-09-27 14:59:34	C:\Users\lehie\AppData\Local\Temp\aiflow-security-modules-bnyayvbf\archives\golang.org_x_sys@v0.0.0-20210809222454-d867a43fc93e.zip//golang.org/x/sys@v0.0.0-20210809222454-d867a43fc93e/unix/syscall_netbsd.go	ok
2026-09-27 14:59:34	C:\Users\lehie\AppData\Local\Temp\aiflow-security-modules-bnyayvbf\archives\golang.org_x_sys@v0.47.0.zip//golang.org/x/sys@v0.47.0/unix/dev_freebsd.go	ok
2026-09-27 14:59:34	C:\Users\lehie\AppData\Local\Temp\aiflow-security-modules-bnyayvbf\archives\golang.org_x_sys@v0.0.0-20210809222454-d867a43fc93e.zip//golang.org/x/sys@v0.0.0-20210809222454-d867a43fc93e/unix/syscall_netbsd_386.go	ok
2026-09-27 14:59:34	C:\Users\lehie\AppData\Local\Temp\aiflow-security-modules-bnyayvbf\archives\golang.org_x_sys@v0.47.0.zip//golang.org/x/sys@v0.47.0/unix/dev_linux.go	ok
2026-09-27 14:59:34	C:\Users\lehie\AppData\Local\Temp\aiflow-security-modules-bnyayvbf\archives\golang.org_x_sys@v0.0.0-20210809222454-d867a43fc93e.zip//golang.org/x/sys@v0.0.0-20210809222454-d867a43fc93e/unix/syscall_netbsd_amd64.go	ok
2026-09-27 14:59:34	C:\Users\lehie\AppData\Local\Temp\aiflow-security-modules-bnyayvbf\archives\golang.org_x_sys@v0.47.0.zip//golang.org/x/sys@v0.47.0/unix/dev_linux_test.go	ok
2026-09-27 14:59:34	C:\Users\lehie\AppData\Local\Temp\aiflow-security-modules-bnyayvbf\archives\golang.org_x_sys@v0.0.0-20210809222454-d867a43fc93e.zip//golang.org/x/sys@v0.0.0-20210809222454-d867a43fc93e/unix/syscall_netbsd_arm.go	ok
2026-09-27 14:59:34	C:\Users\lehie\AppData\Local\Temp\aiflow-security-modules-bnyayvbf\archives\golang.org_x_sys@v0.47.0.zip//golang.org/x/sys@v0.47.0/unix/dev_netbsd.go	ok
2026-09-27 14:59:34	C:\Users\lehie\AppData\Local\Temp\aiflow-security-modules-bnyayvbf\archives\golang.org_x_sys@v0.0.0-20210809222454-d867a43fc93e.zip//golang.org/x/sys@v0.0.0-20210809222454-d867a43fc93e/unix/syscall_netbsd_arm64.go	ok
2026-09-27 14:59:34	C:\Users\lehie\AppData\Local\Temp\aiflow-security-modules-bnyayvbf\archives\golang.org_x_sys@v0.47.0.zip//golang.org/x/sys@v0.47.0/unix/dev_openbsd.go	ok
2026-09-27 14:59:34	C:\Users\lehie\AppData\Local\Temp\aiflow-security-modules-bnyayvbf\archives\golang.org_x_sys@v0.0.0-20210809222454-d867a43fc93e.zip//golang.org/x/sys@v0.0.0-20210809222454-d867a43fc93e/unix/syscall_netbsd_test.go	ok
2026-09-27 14:59:34	C:\Users\lehie\AppData\Local\Temp\aiflow-security-modules-bnyayvbf\archives\golang.org_x_sys@v0.47.0.zip//golang.org/x/sys@v0.47.0/unix/dev_zos.go	ok
2026-09-27 14:59:34	C:\Users\lehie\AppData\Local\Temp\aiflow-security-modules-bnyayvbf\archives\golang.org_x_sys@v0.0.0-20210809222454-d867a43fc93e.zip//golang.org/x/sys@v0.0.0-20210809222454-d867a43fc93e/unix/syscall_openbsd.go	ok
2026-09-27 14:59:34	C:\Users\lehie\AppData\Local\Temp\aiflow-security-modules-bnyayvbf\archives\golang.org_x_sys@v0.47.0.zip//golang.org/x/sys@v0.47.0/unix/dev_zos_test.go	ok
2026-09-27 14:59:34	C:\Users\lehie\AppData\Local\Temp\aiflow-security-modules-bnyayvbf\archives\golang.org_x_sys@v0.0.0-20210809222454-d867a43fc93e.zip//golang.org/x/sys@v0.0.0-20210809222454-d867a43fc93e/unix/syscall_openbsd_386.go	ok
2026-09-27 14:59:34	C:\Users\lehie\AppData\Local\Temp\aiflow-security-modules-bnyayvbf\archives\golang.org_x_sys@v0.47.0.zip//golang.org/x/sys@v0.47.0/unix/dirent.go	ok
2026-09-27 14:59:34	C:\Users\lehie\AppData\Local\Temp\aiflow-security-modules-bnyayvbf\archives\golang.org_x_sys@v0.0.0-20210809222454-d867a43fc93e.zip//golang.org/x/sys@v0.0.0-20210809222454-d867a43fc93e/unix/syscall_openbsd_amd64.go	ok
2026-09-27 14:59:34	C:\Users\lehie\AppData\Local\Temp\aiflow-security-modules-bnyayvbf\archives\golang.org_x_sys@v0.47.0.zip//golang.org/x/sys@v0.47.0/unix/dirent_test.go	ok
2026-09-27 14:59:34	C:\Users\lehie\AppData\Local\Temp\aiflow-security-modules-bnyayvbf\archives\golang.org_x_sys@v0.0.0-20210809222454-d867a43fc93e.zip//golang.org/x/sys@v0.0.0-20210809222454-d867a43fc93e/unix/syscall_openbsd_arm.go	ok
2026-09-27 14:59:34	C:\Users\lehie\AppData\Local\Temp\aiflow-security-modules-bnyayvbf\archives\golang.org_x_sys@v0.47.0.zip//golang.org/x/sys@v0.47.0/unix/dup3_test.go	ok
2026-09-27 14:59:34	C:\Users\lehie\AppData\Local\Temp\aiflow-security-modules-bnyayvbf\archives\golang.org_x_sys@v0.0.0-20210809222454-d867a43fc93e.zip//golang.org/x/sys@v0.0.0-20210809222454-d867a43fc93e/unix/syscall_openbsd_arm64.go	ok
2026-09-27 14:59:34	C:\Users\lehie\AppData\Local\Temp\aiflow-security-modules-bnyayvbf\archives\golang.org_x_sys@v0.47.0.zip//golang.org/x/sys@v0.47.0/unix/endian_big.go	ok
2026-09-27 14:59:34	C:\Users\lehie\AppData\Local\Temp\aiflow-security-modules-bnyayvbf\archives\golang.org_x_sys@v0.0.0-20210809222454-d867a43fc93e.zip//golang.org/x/sys@v0.0.0-20210809222454-d867a43fc93e/unix/syscall_openbsd_mips64.go	ok
2026-09-27 14:59:34	C:\Users\lehie\AppData\Local\Temp\aiflow-security-modules-bnyayvbf\archives\golang.org_x_sys@v0.47.0.zip//golang.org/x/sys@v0.47.0/unix/endian_little.go	ok
2026-09-27 14:59:34	C:\Users\lehie\AppData\Local\Temp\aiflow-security-modules-bnyayvbf\archives\golang.org_x_sys@v0.0.0-20210809222454-d867a43fc93e.zip//golang.org/x/sys@v0.0.0-20210809222454-d867a43fc93e/unix/syscall_openbsd_test.go	ok
2026-09-27 14:59:34	C:\Users\lehie\AppData\Local\Temp\aiflow-security-modules-bnyayvbf\archives\golang.org_x_sys@v0.47.0.zip//golang.org/x/sys@v0.47.0/unix/env_unix.go	ok
2026-09-27 14:59:34	C:\Users\lehie\AppData\Local\Temp\aiflow-security-modules-bnyayvbf\archives\golang.org_x_sys@v0.47.0.zip//golang.org/x/sys@v0.47.0/unix/example_exec_test.go	ok
2026-09-27 14:59:34	C:\Users\lehie\AppData\Local\Temp\aiflow-security-modules-bnyayvbf\archives\golang.org_x_sys@v0.0.0-20210809222454-d867a43fc93e.zip//golang.org/x/sys@v0.0.0-20210809222454-d867a43fc93e/unix/syscall_solaris.go	ok
2026-09-27 14:59:34	C:\Users\lehie\AppData\Local\Temp\aiflow-security-modules-bnyayvbf\archives\golang.org_x_sys@v0.47.0.zip//golang.org/x/sys@v0.47.0/unix/example_flock_test.go	ok
2026-09-27 14:59:34	C:\Users\lehie\AppData\Local\Temp\aiflow-security-modules-bnyayvbf\archives\golang.org_x_sys@v0.0.0-20210809222454-d867a43fc93e.zip//golang.org/x/sys@v0.0.0-20210809222454-d867a43fc93e/unix/syscall_solaris_amd64.go	ok
2026-09-27 14:59:34	C:\Users\lehie\AppData\Local\Temp\aiflow-security-modules-bnyayvbf\archives\golang.org_x_sys@v0.47.0.zip//golang.org/x/sys@v0.47.0/unix/example_sysvshm_test.go	ok
2026-09-27 14:59:34	C:\Users\lehie\AppData\Local\Temp\aiflow-security-modules-bnyayvbf\archives\golang.org_x_sys@v0.0.0-20210809222454-d867a43fc93e.zip//golang.org/x/sys@v0.0.0-20210809222454-d867a43fc93e/unix/syscall_solaris_test.go	ok
2026-09-27 14:59:34	C:\Users\lehie\AppData\Local\Temp\aiflow-security-modules-bnyayvbf\archives\golang.org_x_sys@v0.47.0.zip//golang.org/x/sys@v0.47.0/unix/export_mremap_test.go	ok
2026-09-27 14:59:34	C:\Users\lehie\AppData\Local\Temp\aiflow-security-modules-bnyayvbf\archives\golang.org_x_sys@v0.0.0-20210809222454-d867a43fc93e.zip//golang.org/x/sys@v0.0.0-20210809222454-d867a43fc93e/unix/syscall_test.go	ok
2026-09-27 14:59:34	C:\Users\lehie\AppData\Local\Temp\aiflow-security-modules-bnyayvbf\archives\golang.org_x_sys@v0.47.0.zip//golang.org/x/sys@v0.47.0/unix/fcntl.go	ok
2026-09-27 14:59:34	C:\Users\lehie\AppData\Local\Temp\aiflow-security-modules-bnyayvbf\archives\golang.org_x_sys@v0.47.0.zip//golang.org/x/sys@v0.47.0/unix/fcntl_darwin.go	ok
2026-09-27 14:59:34	C:\Users\lehie\AppData\Local\Temp\aiflow-security-modules-bnyayvbf\archives\golang.org_x_sys@v0.0.0-20210809222454-d867a43fc93e.zip//golang.org/x/sys@v0.0.0-20210809222454-d867a43fc93e/unix/syscall_unix.go	ok
2026-09-27 14:59:34	C:\Users\lehie\AppData\Local\Temp\aiflow-security-modules-bnyayvbf\archives\golang.org_x_sys@v0.47.0.zip//golang.org/x/sys@v0.47.0/unix/fcntl_linux_32bit.go	ok
2026-09-27 14:59:34	C:\Users\lehie\AppData\Local\Temp\aiflow-security-modules-bnyayvbf\archives\golang.org_x_sys@v0.0.0-20210809222454-d867a43fc93e.zip//golang.org/x/sys@v0.0.0-20210809222454-d867a43fc93e/unix/syscall_unix_gc.go	ok
2026-09-27 14:59:34	C:\Users\lehie\AppData\Local\Temp\aiflow-security-modules-bnyayvbf\archives\golang.org_x_sys@v0.47.0.zip//golang.org/x/sys@v0.47.0/unix/fdset.go	ok
2026-09-27 14:59:34	C:\Users\lehie\AppData\Local\Temp\aiflow-security-modules-bnyayvbf\archives\golang.org_x_sys@v0.0.0-20210809222454-d867a43fc93e.zip//golang.org/x/sys@v0.0.0-20210809222454-d867a43fc93e/unix/syscall_unix_gc_ppc64x.go	ok
2026-09-27 14:59:34	C:\Users\lehie\AppData\Local\Temp\aiflow-security-modules-bnyayvbf\archives\golang.org_x_sys@v0.47.0.zip//golang.org/x/sys@v0.47.0/unix/fdset_test.go	ok
2026-09-27 14:59:34	C:\Users\lehie\AppData\Local\Temp\aiflow-security-modules-bnyayvbf\archives\golang.org_x_sys@v0.47.0.zip//golang.org/x/sys@v0.47.0/unix/gccgo.go	ok
2026-09-27 14:59:34	C:\Users\lehie\AppData\Local\Temp\aiflow-security-modules-bnyayvbf\archives\golang.org_x_sys@v0.0.0-20210809222454-d867a43fc93e.zip//golang.org/x/sys@v0.0.0-20210809222454-d867a43fc93e/unix/syscall_unix_test.go	ok
2026-09-27 14:59:34	C:\Users\lehie\AppData\Local\Temp\aiflow-security-modules-bnyayvbf\archives\golang.org_x_sys@v0.47.0.zip//golang.org/x/sys@v0.47.0/unix/gccgo_c.c	ok
2026-09-27 14:59:34	C:\Users\lehie\AppData\Local\Temp\aiflow-security-modules-bnyayvbf\archives\golang.org_x_sys@v0.47.0.zip//golang.org/x/sys@v0.47.0/unix/gccgo_linux_amd64.go	ok
2026-09-27 14:59:34	C:\Users\lehie\AppData\Local\Temp\aiflow-security-modules-bnyayvbf\archives\golang.org_x_sys@v0.47.0.zip//golang.org/x/sys@v0.47.0/unix/getdirentries_test.go	ok
2026-09-27 14:59:34	C:\Users\lehie\AppData\Local\Temp\aiflow-security-modules-bnyayvbf\archives\golang.org_x_sys@v0.0.0-20210809222454-d867a43fc93e.zip//golang.org/x/sys@v0.0.0-20210809222454-d867a43fc93e/unix/syscall_zos_s390x.go	ok
2026-09-27 14:59:34	C:\Users\lehie\AppData\Local\Temp\aiflow-security-modules-bnyayvbf\archives\golang.org_x_sys@v0.47.0.zip//golang.org/x/sys@v0.47.0/unix/getfsstat_test.go	ok
2026-09-27 14:59:34	C:\Users\lehie\AppData\Local\Temp\aiflow-security-modules-bnyayvbf\archives\golang.org_x_sys@v0.47.0.zip//golang.org/x/sys@v0.47.0/unix/getvfsstat_test.go	ok
2026-09-27 14:59:34	C:\Users\lehie\AppData\Local\Temp\aiflow-security-modules-bnyayvbf\archives\golang.org_x_sys@v0.0.0-20210809222454-d867a43fc93e.zip//golang.org/x/sys@v0.0.0-20210809222454-d867a43fc93e/unix/syscall_zos_test.go	ok
2026-09-27 14:59:34	C:\Users\lehie\AppData\Local\Temp\aiflow-security-modules-bnyayvbf\archives\golang.org_x_sys@v0.47.0.zip//golang.org/x/sys@v0.47.0/unix/ifreq_linux.go	ok
2026-09-27 14:59:34	C:\Users\lehie\AppData\Local\Temp\aiflow-security-modules-bnyayvbf\archives\golang.org_x_sys@v0.0.0-20210809222454-d867a43fc93e.zip//golang.org/x/sys@v0.0.0-20210809222454-d867a43fc93e/unix/timestruct.go	ok
2026-09-27 14:59:34	C:\Users\lehie\AppData\Local\Temp\aiflow-security-modules-bnyayvbf\archives\golang.org_x_sys@v0.47.0.zip//golang.org/x/sys@v0.47.0/unix/ifreq_linux_test.go	ok
2026-09-27 14:59:34	C:\Users\lehie\AppData\Local\Temp\aiflow-security-modules-bnyayvbf\archives\golang.org_x_sys@v0.0.0-20210809222454-d867a43fc93e.zip//golang.org/x/sys@v0.0.0-20210809222454-d867a43fc93e/unix/timestruct_test.go	ok
2026-09-27 14:59:34	C:\Users\lehie\AppData\Local\Temp\aiflow-security-modules-bnyayvbf\archives\golang.org_x_sys@v0.0.0-20210809222454-d867a43fc93e.zip//golang.org/x/sys@v0.0.0-20210809222454-d867a43fc93e/unix/types_aix.go	ok
2026-09-27 14:59:34	C:\Users\lehie\AppData\Local\Temp\aiflow-security-modules-bnyayvbf\archives\golang.org_x_sys@v0.47.0.zip//golang.org/x/sys@v0.47.0/unix/internal/mkmerge/mkmerge.go	ok
2026-09-27 14:59:34	C:\Users\lehie\AppData\Local\Temp\aiflow-security-modules-bnyayvbf\archives\golang.org_x_sys@v0.0.0-20210809222454-d867a43fc93e.zip//golang.org/x/sys@v0.0.0-20210809222454-d867a43fc93e/unix/types_darwin.go	ok
2026-09-27 14:59:34	C:\Users\lehie\AppData\Local\Temp\aiflow-security-modules-bnyayvbf\archives\golang.org_x_sys@v0.47.0.zip//golang.org/x/sys@v0.47.0/unix/internal/mkmerge/mkmerge_test.go	ok
2026-09-27 14:59:34	C:\Users\lehie\AppData\Local\Temp\aiflow-security-modules-bnyayvbf\archives\golang.org_x_sys@v0.0.0-20210809222454-d867a43fc93e.zip//golang.org/x/sys@v0.0.0-20210809222454-d867a43fc93e/unix/types_dragonfly.go	ok
2026-09-27 14:59:34	C:\Users\lehie\AppData\Local\Temp\aiflow-security-modules-bnyayvbf\archives\golang.org_x_sys@v0.47.0.zip//golang.org/x/sys@v0.47.0/unix/ioctl_linux.go	ok
2026-09-27 14:59:34	C:\Users\lehie\AppData\Local\Temp\aiflow-security-modules-bnyayvbf\archives\golang.org_x_sys@v0.47.0.zip//golang.org/x/sys@v0.47.0/unix/ioctl_signed.go	ok
2026-09-27 14:59:34	C:\Users\lehie\AppData\Local\Temp\aiflow-security-modules-bnyayvbf\archives\golang.org_x_sys@v0.0.0-20210809222454-d867a43fc93e.zip//golang.org/x/sys@v0.0.0-20210809222454-d867a43fc93e/unix/types_freebsd.go	ok
2026-09-27 14:59:34	C:\Users\lehie\AppData\Local\Temp\aiflow-security-modules-bnyayvbf\archives\golang.org_x_sys@v0.0.0-20210809222454-d867a43fc93e.zip//golang.org/x/sys@v0.0.0-20210809222454-d867a43fc93e/unix/types_illumos.go	ok
2026-09-27 14:59:34	C:\Users\lehie\AppData\Local\Temp\aiflow-security-modules-bnyayvbf\archives\golang.org_x_sys@v0.47.0.zip//golang.org/x/sys@v0.47.0/unix/ioctl_unsigned.go	ok
2026-09-27 14:59:34	C:\Users\lehie\AppData\Local\Temp\aiflow-security-modules-bnyayvbf\archives\golang.org_x_sys@v0.47.0.zip//golang.org/x/sys@v0.47.0/unix/ioctl_zos.go	ok
2026-09-27 14:59:34	C:\Users\lehie\AppData\Local\Temp\aiflow-security-modules-bnyayvbf\archives\golang.org_x_sys@v0.0.0-20210809222454-d867a43fc93e.zip//golang.org/x/sys@v0.0.0-20210809222454-d867a43fc93e/unix/types_netbsd.go	ok
2026-09-27 14:59:34	C:\Users\lehie\AppData\Local\Temp\aiflow-security-modules-bnyayvbf\archives\golang.org_x_sys@v0.47.0.zip//golang.org/x/sys@v0.47.0/unix/linux/Dockerfile	ok
2026-09-27 14:59:34	C:\Users\lehie\AppData\Local\Temp\aiflow-security-modules-bnyayvbf\archives\golang.org_x_sys@v0.0.0-20210809222454-d867a43fc93e.zip//golang.org/x/sys@v0.0.0-20210809222454-d867a43fc93e/unix/types_openbsd.go	ok
2026-09-27 14:59:34	C:\Users\lehie\AppData\Local\Temp\aiflow-security-modules-bnyayvbf\archives\golang.org_x_sys@v0.0.0-20210809222454-d867a43fc93e.zip//golang.org/x/sys@v0.0.0-20210809222454-d867a43fc93e/unix/types_solaris.go	ok
2026-09-27 14:59:34	C:\Users\lehie\AppData\Local\Temp\aiflow-security-modules-bnyayvbf\archives\golang.org_x_sys@v0.47.0.zip//golang.org/x/sys@v0.47.0/unix/linux/mkall.go	ok
2026-09-27 14:59:34	C:\Users\lehie\AppData\Local\Temp\aiflow-security-modules-bnyayvbf\archives\golang.org_x_sys@v0.0.0-20210809222454-d867a43fc93e.zip//golang.org/x/sys@v0.0.0-20210809222454-d867a43fc93e/unix/unveil_openbsd.go	ok
2026-09-27 14:59:34	C:\Users\lehie\AppData\Local\Temp\aiflow-security-modules-bnyayvbf\archives\golang.org_x_sys@v0.0.0-20210809222454-d867a43fc93e.zip//golang.org/x/sys@v0.0.0-20210809222454-d867a43fc93e/unix/xattr_bsd.go	ok
2026-09-27 14:59:34	C:\Users\lehie\AppData\Local\Temp\aiflow-security-modules-bnyayvbf\archives\golang.org_x_sys@v0.47.0.zip//golang.org/x/sys@v0.47.0/unix/linux/mksysnum.go	ok
2026-09-27 14:59:34	C:\Users\lehie\AppData\Local\Temp\aiflow-security-modules-bnyayvbf\archives\golang.org_x_sys@v0.0.0-20210809222454-d867a43fc93e.zip//golang.org/x/sys@v0.0.0-20210809222454-d867a43fc93e/unix/xattr_test.go	ok
2026-09-27 14:59:34	C:\Users\lehie\AppData\Local\Temp\aiflow-security-modules-bnyayvbf\archives\golang.org_x_sys@v0.0.0-20210809222454-d867a43fc93e.zip//golang.org/x/sys@v0.0.0-20210809222454-d867a43fc93e/unix/zerrors_aix_ppc.go	ok
2026-09-27 14:59:34	C:\Users\lehie\AppData\Local\Temp\aiflow-security-modules-bnyayvbf\archives\golang.org_x_sys@v0.47.0.zip//golang.org/x/sys@v0.47.0/unix/linux/types.go	ok
2026-09-27 14:59:34	C:\Users\lehie\AppData\Local\Temp\aiflow-security-modules-bnyayvbf\archives\golang.org_x_sys@v0.0.0-20210809222454-d867a43fc93e.zip//golang.org/x/sys@v0.0.0-20210809222454-d867a43fc93e/unix/zerrors_aix_ppc64.go	ok
2026-09-27 14:59:34	C:\Users\lehie\AppData\Local\Temp\aiflow-security-modules-bnyayvbf\archives\golang.org_x_sys@v0.47.0.zip//golang.org/x/sys@v0.47.0/unix/mkall.sh	ok
2026-09-27 14:59:34	C:\Users\lehie\AppData\Local\Temp\aiflow-security-modules-bnyayvbf\archives\golang.org_x_sys@v0.47.0.zip//golang.org/x/sys@v0.47.0/unix/mkasm.go	ok
2026-09-27 14:59:34	C:\Users\lehie\AppData\Local\Temp\aiflow-security-modules-bnyayvbf\archives\golang.org_x_sys@v0.0.0-20210809222454-d867a43fc93e.zip//golang.org/x/sys@v0.0.0-20210809222454-d867a43fc93e/unix/zerrors_darwin_amd64.go	ok
2026-09-27 14:59:34	C:\Users\lehie\AppData\Local\Temp\aiflow-security-modules-bnyayvbf\archives\golang.org_x_sys@v0.47.0.zip//golang.org/x/sys@v0.47.0/unix/mkerrors.sh	ok
2026-09-27 14:59:34	C:\Users\lehie\AppData\Local\Temp\aiflow-security-modules-bnyayvbf\archives\golang.org_x_sys@v0.0.0-20210809222454-d867a43fc93e.zip//golang.org/x/sys@v0.0.0-20210809222454-d867a43fc93e/unix/zerrors_darwin_arm64.go	ok
2026-09-27 14:59:34	C:\Users\lehie\AppData\Local\Temp\aiflow-security-modules-bnyayvbf\archives\golang.org_x_sys@v0.47.0.zip//golang.org/x/sys@v0.47.0/unix/mkpost.go	ok
2026-09-27 14:59:34	C:\Users\lehie\AppData\Local\Temp\aiflow-security-modules-bnyayvbf\archives\golang.org_x_sys@v0.0.0-20210809222454-d867a43fc93e.zip//golang.org/x/sys@v0.0.0-20210809222454-d867a43fc93e/unix/zerrors_dragonfly_amd64.go	ok
2026-09-27 14:59:34	C:\Users\lehie\AppData\Local\Temp\aiflow-security-modules-bnyayvbf\archives\golang.org_x_sys@v0.47.0.zip//golang.org/x/sys@v0.47.0/unix/mksyscall.go	ok
2026-09-27 14:59:34	C:\Users\lehie\AppData\Local\Temp\aiflow-security-modules-bnyayvbf\archives\golang.org_x_sys@v0.0.0-20210809222454-d867a43fc93e.zip//golang.org/x/sys@v0.0.0-20210809222454-d867a43fc93e/unix/zerrors_freebsd_386.go	ok
2026-09-27 14:59:34	C:\Users\lehie\AppData\Local\Temp\aiflow-security-modules-bnyayvbf\archives\golang.org_x_sys@v0.47.0.zip//golang.org/x/sys@v0.47.0/unix/mksyscall_aix_ppc.go	ok
2026-09-27 14:59:34	C:\Users\lehie\AppData\Local\Temp\aiflow-security-modules-bnyayvbf\archives\golang.org_x_sys@v0.47.0.zip//golang.org/x/sys@v0.47.0/unix/mksyscall_aix_ppc64.go	ok
2026-09-27 14:59:34	C:\Users\lehie\AppData\Local\Temp\aiflow-security-modules-bnyayvbf\archives\golang.org_x_sys@v0.0.0-20210809222454-d867a43fc93e.zip//golang.org/x/sys@v0.0.0-20210809222454-d867a43fc93e/unix/zerrors_freebsd_amd64.go	ok
2026-09-27 14:59:34	C:\Users\lehie\AppData\Local\Temp\aiflow-security-modules-bnyayvbf\archives\golang.org_x_sys@v0.47.0.zip//golang.org/x/sys@v0.47.0/unix/mksyscall_solaris.go	ok
2026-09-27 14:59:34	C:\Users\lehie\AppData\Local\Temp\aiflow-security-modules-bnyayvbf\archives\golang.org_x_sys@v0.0.0-20210809222454-d867a43fc93e.zip//golang.org/x/sys@v0.0.0-20210809222454-d867a43fc93e/unix/zerrors_freebsd_arm.go	ok
2026-09-27 14:59:34	C:\Users\lehie\AppData\Local\Temp\aiflow-security-modules-bnyayvbf\archives\golang.org_x_sys@v0.47.0.zip//golang.org/x/sys@v0.47.0/unix/mksyscall_zos_s390x.go	ok
2026-09-27 14:59:34	C:\Users\lehie\AppData\Local\Temp\aiflow-security-modules-bnyayvbf\archives\golang.org_x_sys@v0.47.0.zip//golang.org/x/sys@v0.47.0/unix/mksysctl_openbsd.go	ok
2026-09-27 14:59:34	C:\Users\lehie\AppData\Local\Temp\aiflow-security-modules-bnyayvbf\archives\golang.org_x_sys@v0.0.0-20210809222454-d867a43fc93e.zip//golang.org/x/sys@v0.0.0-20210809222454-d867a43fc93e/unix/zerrors_freebsd_arm64.go	ok
2026-09-27 14:59:34	C:\Users\lehie\AppData\Local\Temp\aiflow-security-modules-bnyayvbf\archives\golang.org_x_sys@v0.47.0.zip//golang.org/x/sys@v0.47.0/unix/mksysnum.go	ok
2026-09-27 14:59:34	C:\Users\lehie\AppData\Local\Temp\aiflow-security-modules-bnyayvbf\archives\golang.org_x_sys@v0.47.0.zip//golang.org/x/sys@v0.47.0/unix/mmap_nomremap.go	ok
2026-09-27 14:59:34	C:\Users\lehie\AppData\Local\Temp\aiflow-security-modules-bnyayvbf\archives\golang.org_x_sys@v0.0.0-20210809222454-d867a43fc93e.zip//golang.org/x/sys@v0.0.0-20210809222454-d867a43fc93e/unix/zerrors_linux.go	ok
2026-09-27 14:59:34	C:\Users\lehie\AppData\Local\Temp\aiflow-security-modules-bnyayvbf\archives\golang.org_x_sys@v0.47.0.zip//golang.org/x/sys@v0.47.0/unix/mmap_unix_test.go	ok
2026-09-27 14:59:34	C:\Users\lehie\AppData\Local\Temp\aiflow-security-modules-bnyayvbf\archives\golang.org_x_sys@v0.0.0-20210809222454-d867a43fc93e.zip//golang.org/x/sys@v0.0.0-20210809222454-d867a43fc93e/unix/zerrors_linux_386.go	ok
2026-09-27 14:59:34	C:\Users\lehie\AppData\Local\Temp\aiflow-security-modules-bnyayvbf\archives\golang.org_x_sys@v0.47.0.zip//golang.org/x/sys@v0.47.0/unix/mmap_zos_test.go	ok
2026-09-27 14:59:34	C:\Users\lehie\AppData\Local\Temp\aiflow-security-modules-bnyayvbf\archives\golang.org_x_sys@v0.47.0.zip//golang.org/x/sys@v0.47.0/unix/mremap.go	ok
2026-09-27 14:59:34	C:\Users\lehie\AppData\Local\Temp\aiflow-security-modules-bnyayvbf\archives\golang.org_x_sys@v0.0.0-20210809222454-d867a43fc93e.zip//golang.org/x/sys@v0.0.0-20210809222454-d867a43fc93e/unix/zerrors_linux_amd64.go	ok
2026-09-27 14:59:34	C:\Users\lehie\AppData\Local\Temp\aiflow-security-modules-bnyayvbf\archives\golang.org_x_sys@v0.47.0.zip//golang.org/x/sys@v0.47.0/unix/mremap_test.go	ok
2026-09-27 14:59:34	C:\Users\lehie\AppData\Local\Temp\aiflow-security-modules-bnyayvbf\archives\golang.org_x_sys@v0.47.0.zip//golang.org/x/sys@v0.47.0/unix/openbsd_test.go	ok
2026-09-27 14:59:34	C:\Users\lehie\AppData\Local\Temp\aiflow-security-modules-bnyayvbf\archives\golang.org_x_sys@v0.0.0-20210809222454-d867a43fc93e.zip//golang.org/x/sys@v0.0.0-20210809222454-d867a43fc93e/unix/zerrors_linux_arm.go	ok
2026-09-27 14:59:34	C:\Users\lehie\AppData\Local\Temp\aiflow-security-modules-bnyayvbf\archives\golang.org_x_sys@v0.47.0.zip//golang.org/x/sys@v0.47.0/unix/pagesize_unix.go	ok
2026-09-27 14:59:34	C:\Users\lehie\AppData\Local\Temp\aiflow-security-modules-bnyayvbf\archives\golang.org_x_sys@v0.47.0.zip//golang.org/x/sys@v0.47.0/unix/pipe2_test.go	ok
2026-09-27 14:59:34	C:\Users\lehie\AppData\Local\Temp\aiflow-security-modules-bnyayvbf\archives\golang.org_x_sys@v0.0.0-20210809222454-d867a43fc93e.zip//golang.org/x/sys@v0.0.0-20210809222454-d867a43fc93e/unix/zerrors_linux_arm64.go	ok
2026-09-27 14:59:34	C:\Users\lehie\AppData\Local\Temp\aiflow-security-modules-bnyayvbf\archives\golang.org_x_sys@v0.47.0.zip//golang.org/x/sys@v0.47.0/unix/pledge_openbsd.go	ok
2026-09-27 14:59:34	C:\Users\lehie\AppData\Local\Temp\aiflow-security-modules-bnyayvbf\archives\golang.org_x_sys@v0.0.0-20210809222454-d867a43fc93e.zip//golang.org/x/sys@v0.0.0-20210809222454-d867a43fc93e/unix/zerrors_linux_mips.go	ok
2026-09-27 14:59:34	C:\Users\lehie\AppData\Local\Temp\aiflow-security-modules-bnyayvbf\archives\golang.org_x_sys@v0.47.0.zip//golang.org/x/sys@v0.47.0/unix/ptrace_darwin.go	ok
2026-09-27 14:59:34	C:\Users\lehie\AppData\Local\Temp\aiflow-security-modules-bnyayvbf\archives\golang.org_x_sys@v0.47.0.zip//golang.org/x/sys@v0.47.0/unix/ptrace_ios.go	ok
2026-09-27 14:59:34	C:\Users\lehie\AppData\Local\Temp\aiflow-security-modules-bnyayvbf\archives\golang.org_x_sys@v0.0.0-20210809222454-d867a43fc93e.zip//golang.org/x/sys@v0.0.0-20210809222454-d867a43fc93e/unix/zerrors_linux_mips64.go	ok
2026-09-27 14:59:34	C:\Users\lehie\AppData\Local\Temp\aiflow-security-modules-bnyayvbf\archives\golang.org_x_sys@v0.47.0.zip//golang.org/x/sys@v0.47.0/unix/race.go	ok
2026-09-27 14:59:34	C:\Users\lehie\AppData\Local\Temp\aiflow-security-modules-bnyayvbf\archives\golang.org_x_sys@v0.47.0.zip//golang.org/x/sys@v0.47.0/unix/race0.go	ok
2026-09-27 14:59:34	C:\Users\lehie\AppData\Local\Temp\aiflow-security-modules-bnyayvbf\archives\golang.org_x_sys@v0.0.0-20210809222454-d867a43fc93e.zip//golang.org/x/sys@v0.0.0-20210809222454-d867a43fc93e/unix/zerrors_linux_mips64le.go	ok
2026-09-27 14:59:34	C:\Users\lehie\AppData\Local\Temp\aiflow-security-modules-bnyayvbf\archives\golang.org_x_sys@v0.47.0.zip//golang.org/x/sys@v0.47.0/unix/readdirent_getdents.go	ok
2026-09-27 14:59:34	C:\Users\lehie\AppData\Local\Temp\aiflow-security-modules-bnyayvbf\archives\golang.org_x_sys@v0.47.0.zip//golang.org/x/sys@v0.47.0/unix/readdirent_getdirentries.go	ok
2026-09-27 14:59:34	C:\Users\lehie\AppData\Local\Temp\aiflow-security-modules-bnyayvbf\archives\golang.org_x_sys@v0.0.0-20210809222454-d867a43fc93e.zip//golang.org/x/sys@v0.0.0-20210809222454-d867a43fc93e/unix/zerrors_linux_mipsle.go	ok
2026-09-27 14:59:34	C:\Users\lehie\AppData\Local\Temp\aiflow-security-modules-bnyayvbf\archives\golang.org_x_sys@v0.47.0.zip//golang.org/x/sys@v0.47.0/unix/readv_unix.go	ok
2026-09-27 14:59:34	C:\Users\lehie\AppData\Local\Temp\aiflow-security-modules-bnyayvbf\archives\golang.org_x_sys@v0.47.0.zip//golang.org/x/sys@v0.47.0/unix/readv_unix_test.go	ok
2026-09-27 14:59:34	C:\Users\lehie\AppData\Local\Temp\aiflow-security-modules-bnyayvbf\archives\golang.org_x_sys@v0.0.0-20210809222454-d867a43fc93e.zip//golang.org/x/sys@v0.0.0-20210809222454-d867a43fc93e/unix/zerrors_linux_ppc.go	ok
2026-09-27 14:59:34	C:\Users\lehie\AppData\Local\Temp\aiflow-security-modules-bnyayvbf\archives\golang.org_x_sys@v0.47.0.zip//golang.org/x/sys@v0.47.0/unix/sendfile_test.go	ok
2026-09-27 14:59:34	C:\Users\lehie\AppData\Local\Temp\aiflow-security-modules-bnyayvbf\archives\golang.org_x_sys@v0.47.0.zip//golang.org/x/sys@v0.47.0/unix/sockcmsg_dragonfly.go	ok
2026-09-27 14:59:34	C:\Users\lehie\AppData\Local\Temp\aiflow-security-modules-bnyayvbf\archives\golang.org_x_sys@v0.0.0-20210809222454-d867a43fc93e.zip//golang.org/x/sys@v0.0.0-20210809222454-d867a43fc93e/unix/zerrors_linux_ppc64.go	ok
2026-09-27 14:59:34	C:\Users\lehie\AppData\Local\Temp\aiflow-security-modules-bnyayvbf\archives\golang.org_x_sys@v0.47.0.zip//golang.org/x/sys@v0.47.0/unix/sockcmsg_linux.go	ok
2026-09-27 14:59:34	C:\Users\lehie\AppData\Local\Temp\aiflow-security-modules-bnyayvbf\archives\golang.org_x_sys@v0.0.0-20210809222454-d867a43fc93e.zip//golang.org/x/sys@v0.0.0-20210809222454-d867a43fc93e/unix/zerrors_linux_ppc64le.go	ok
2026-09-27 14:59:34	C:\Users\lehie\AppData\Local\Temp\aiflow-security-modules-bnyayvbf\archives\golang.org_x_sys@v0.47.0.zip//golang.org/x/sys@v0.47.0/unix/sockcmsg_unix.go	ok
2026-09-27 14:59:34	C:\Users\lehie\AppData\Local\Temp\aiflow-security-modules-bnyayvbf\archives\golang.org_x_sys@v0.47.0.zip//golang.org/x/sys@v0.47.0/unix/sockcmsg_unix_other.go	ok
2026-09-27 14:59:34	C:\Users\lehie\AppData\Local\Temp\aiflow-security-modules-bnyayvbf\archives\golang.org_x_sys@v0.0.0-20210809222454-d867a43fc93e.zip//golang.org/x/sys@v0.0.0-20210809222454-d867a43fc93e/unix/zerrors_linux_riscv64.go	ok
2026-09-27 14:59:34	C:\Users\lehie\AppData\Local\Temp\aiflow-security-modules-bnyayvbf\archives\golang.org_x_sys@v0.47.0.zip//golang.org/x/sys@v0.47.0/unix/sockcmsg_zos.go	ok
2026-09-27 14:59:34	C:\Users\lehie\AppData\Local\Temp\aiflow-security-modules-bnyayvbf\archives\golang.org_x_sys@v0.47.0.zip//golang.org/x/sys@v0.47.0/unix/symaddr_zos_s390x.s	ok
2026-09-27 14:59:34	C:\Users\lehie\AppData\Local\Temp\aiflow-security-modules-bnyayvbf\archives\golang.org_x_sys@v0.0.0-20210809222454-d867a43fc93e.zip//golang.org/x/sys@v0.0.0-20210809222454-d867a43fc93e/unix/zerrors_linux_s390x.go	ok
2026-09-27 14:59:34	C:\Users\lehie\AppData\Local\Temp\aiflow-security-modules-bnyayvbf\archives\golang.org_x_sys@v0.47.0.zip//golang.org/x/sys@v0.47.0/unix/syscall.go	ok
2026-09-27 14:59:34	C:\Users\lehie\AppData\Local\Temp\aiflow-security-modules-bnyayvbf\archives\golang.org_x_sys@v0.0.0-20210809222454-d867a43fc93e.zip//golang.org/x/sys@v0.0.0-20210809222454-d867a43fc93e/unix/zerrors_linux_sparc64.go	ok
2026-09-27 14:59:34	C:\Users\lehie\AppData\Local\Temp\aiflow-security-modules-bnyayvbf\archives\golang.org_x_sys@v0.47.0.zip//golang.org/x/sys@v0.47.0/unix/syscall_aix.go	ok
2026-09-27 14:59:34	C:\Users\lehie\AppData\Local\Temp\aiflow-security-modules-bnyayvbf\archives\golang.org_x_sys@v0.47.0.zip//golang.org/x/sys@v0.47.0/unix/syscall_aix_ppc.go	ok
2026-09-27 14:59:34	C:\Users\lehie\AppData\Local\Temp\aiflow-security-modules-bnyayvbf\archives\golang.org_x_sys@v0.0.0-20210809222454-d867a43fc93e.zip//golang.org/x/sys@v0.0.0-20210809222454-d867a43fc93e/unix/zerrors_netbsd_386.go	ok
2026-09-27 14:59:34	C:\Users\lehie\AppData\Local\Temp\aiflow-security-modules-bnyayvbf\archives\golang.org_x_sys@v0.47.0.zip//golang.org/x/sys@v0.47.0/unix/syscall_aix_ppc64.go	ok
2026-09-27 14:59:34	C:\Users\lehie\AppData\Local\Temp\aiflow-security-modules-bnyayvbf\archives\golang.org_x_sys@v0.47.0.zip//golang.org/x/sys@v0.47.0/unix/syscall_aix_test.go	ok
2026-09-27 14:59:34	C:\Users\lehie\AppData\Local\Temp\aiflow-security-modules-bnyayvbf\archives\golang.org_x_sys@v0.0.0-20210809222454-d867a43fc93e.zip//golang.org/x/sys@v0.0.0-20210809222454-d867a43fc93e/unix/zerrors_netbsd_amd64.go	ok
2026-09-27 14:59:34	C:\Users\lehie\AppData\Local\Temp\aiflow-security-modules-bnyayvbf\archives\golang.org_x_sys@v0.47.0.zip//golang.org/x/sys@v0.47.0/unix/syscall_bsd.go	ok
2026-09-27 14:59:34	C:\Users\lehie\AppData\Local\Temp\aiflow-security-modules-bnyayvbf\archives\golang.org_x_sys@v0.47.0.zip//golang.org/x/sys@v0.47.0/unix/syscall_bsd_test.go	ok
2026-09-27 14:59:34	C:\Users\lehie\AppData\Local\Temp\aiflow-security-modules-bnyayvbf\archives\golang.org_x_sys@v0.0.0-20210809222454-d867a43fc93e.zip//golang.org/x/sys@v0.0.0-20210809222454-d867a43fc93e/unix/zerrors_netbsd_arm.go	ok
2026-09-27 14:59:34	C:\Users\lehie\AppData\Local\Temp\aiflow-security-modules-bnyayvbf\archives\golang.org_x_sys@v0.47.0.zip//golang.org/x/sys@v0.47.0/unix/syscall_darwin.go	ok
2026-09-27 14:59:34	C:\Users\lehie\AppData\Local\Temp\aiflow-security-modules-bnyayvbf\archives\golang.org_x_sys@v0.0.0-20210809222454-d867a43fc93e.zip//golang.org/x/sys@v0.0.0-20210809222454-d867a43fc93e/unix/zerrors_netbsd_arm64.go	ok
2026-09-27 14:59:34	C:\Users\lehie\AppData\Local\Temp\aiflow-security-modules-bnyayvbf\archives\golang.org_x_sys@v0.47.0.zip//golang.org/x/sys@v0.47.0/unix/syscall_darwin_amd64.go	ok
2026-09-27 14:59:34	C:\Users\lehie\AppData\Local\Temp\aiflow-security-modules-bnyayvbf\archives\golang.org_x_sys@v0.47.0.zip//golang.org/x/sys@v0.47.0/unix/syscall_darwin_arm64.go	ok
2026-09-27 14:59:34	C:\Users\lehie\AppData\Local\Temp\aiflow-security-modules-bnyayvbf\archives\golang.org_x_sys@v0.0.0-20210809222454-d867a43fc93e.zip//golang.org/x/sys@v0.0.0-20210809222454-d867a43fc93e/unix/zerrors_openbsd_386.go	ok
2026-09-27 14:59:34	C:\Users\lehie\AppData\Local\Temp\aiflow-security-modules-bnyayvbf\archives\golang.org_x_sys@v0.47.0.zip//golang.org/x/sys@v0.47.0/unix/syscall_darwin_libSystem.go	ok
2026-09-27 14:59:34	C:\Users\lehie\AppData\Local\Temp\aiflow-security-modules-bnyayvbf\archives\golang.org_x_sys@v0.47.0.zip//golang.org/x/sys@v0.47.0/unix/syscall_darwin_test.go	ok
2026-09-27 14:59:34	C:\Users\lehie\AppData\Local\Temp\aiflow-security-modules-bnyayvbf\archives\golang.org_x_sys@v0.0.0-20210809222454-d867a43fc93e.zip//golang.org/x/sys@v0.0.0-20210809222454-d867a43fc93e/unix/zerrors_openbsd_amd64.go	ok
2026-09-27 14:59:34	C:\Users\lehie\AppData\Local\Temp\aiflow-security-modules-bnyayvbf\archives\golang.org_x_sys@v0.47.0.zip//golang.org/x/sys@v0.47.0/unix/syscall_dragonfly.go	ok
2026-09-27 14:59:34	C:\Users\lehie\AppData\Local\Temp\aiflow-security-modules-bnyayvbf\archives\golang.org_x_sys@v0.47.0.zip//golang.org/x/sys@v0.47.0/unix/syscall_dragonfly_amd64.go	ok
2026-09-27 14:59:34	C:\Users\lehie\AppData\Local\Temp\aiflow-security-modules-bnyayvbf\archives\golang.org_x_sys@v0.0.0-20210809222454-d867a43fc93e.zip//golang.org/x/sys@v0.0.0-20210809222454-d867a43fc93e/unix/zerrors_openbsd_arm.go	ok
2026-09-27 14:59:34	C:\Users\lehie\AppData\Local\Temp\aiflow-security-modules-bnyayvbf\archives\golang.org_x_sys@v0.47.0.zip//golang.org/x/sys@v0.47.0/unix/syscall_freebsd.go	ok
2026-09-27 14:59:34	C:\Users\lehie\AppData\Local\Temp\aiflow-security-modules-bnyayvbf\archives\golang.org_x_sys@v0.0.0-20210809222454-d867a43fc93e.zip//golang.org/x/sys@v0.0.0-20210809222454-d867a43fc93e/unix/zerrors_openbsd_arm64.go	ok
2026-09-27 14:59:34	C:\Users\lehie\AppData\Local\Temp\aiflow-security-modules-bnyayvbf\archives\golang.org_x_sys@v0.47.0.zip//golang.org/x/sys@v0.47.0/unix/syscall_freebsd_386.go	ok
2026-09-27 14:59:34	C:\Users\lehie\AppData\Local\Temp\aiflow-security-modules-bnyayvbf\archives\golang.org_x_sys@v0.47.0.zip//golang.org/x/sys@v0.47.0/unix/syscall_freebsd_amd64.go	ok
2026-09-27 14:59:34	C:\Users\lehie\AppData\Local\Temp\aiflow-security-modules-bnyayvbf\archives\golang.org_x_sys@v0.0.0-20210809222454-d867a43fc93e.zip//golang.org/x/sys@v0.0.0-20210809222454-d867a43fc93e/unix/zerrors_openbsd_mips64.go	ok
2026-09-27 14:59:34	C:\Users\lehie\AppData\Local\Temp\aiflow-security-modules-bnyayvbf\archives\golang.org_x_sys@v0.47.0.zip//golang.org/x/sys@v0.47.0/unix/syscall_freebsd_arm.go	ok
2026-09-27 14:59:34	C:\Users\lehie\AppData\Local\Temp\aiflow-security-modules-bnyayvbf\archives\golang.org_x_sys@v0.47.0.zip//golang.org/x/sys@v0.47.0/unix/syscall_freebsd_arm64.go	ok
2026-09-27 14:59:34	C:\Users\lehie\AppData\Local\Temp\aiflow-security-modules-bnyayvbf\archives\golang.org_x_sys@v0.0.0-20210809222454-d867a43fc93e.zip//golang.org/x/sys@v0.0.0-20210809222454-d867a43fc93e/unix/zerrors_solaris_amd64.go	ok
2026-09-27 14:59:34	C:\Users\lehie\AppData\Local\Temp\aiflow-security-modules-bnyayvbf\archives\golang.org_x_sys@v0.47.0.zip//golang.org/x/sys@v0.47.0/unix/syscall_freebsd_riscv64.go	ok
2026-09-27 14:59:34	C:\Users\lehie\AppData\Local\Temp\aiflow-security-modules-bnyayvbf\archives\golang.org_x_sys@v0.47.0.zip//golang.org/x/sys@v0.47.0/unix/syscall_freebsd_test.go	ok
2026-09-27 14:59:34	C:\Users\lehie\AppData\Local\Temp\aiflow-security-modules-bnyayvbf\archives\golang.org_x_sys@v0.0.0-20210809222454-d867a43fc93e.zip//golang.org/x/sys@v0.0.0-20210809222454-d867a43fc93e/unix/zerrors_zos_s390x.go	ok
2026-09-27 14:59:34	C:\Users\lehie\AppData\Local\Temp\aiflow-security-modules-bnyayvbf\archives\golang.org_x_sys@v0.47.0.zip//golang.org/x/sys@v0.47.0/unix/syscall_hurd.go	ok
2026-09-27 14:59:34	C:\Users\lehie\AppData\Local\Temp\aiflow-security-modules-bnyayvbf\archives\golang.org_x_sys@v0.0.0-20210809222454-d867a43fc93e.zip//golang.org/x/sys@v0.0.0-20210809222454-d867a43fc93e/unix/zptrace_armnn_linux.go	ok
2026-09-27 14:59:34	C:\Users\lehie\AppData\Local\Temp\aiflow-security-modules-bnyayvbf\archives\golang.org_x_sys@v0.47.0.zip//golang.org/x/sys@v0.47.0/unix/syscall_hurd_386.go	ok
2026-09-27 14:59:34	C:\Users\lehie\AppData\Local\Temp\aiflow-security-modules-bnyayvbf\archives\golang.org_x_sys@v0.0.0-20210809222454-d867a43fc93e.zip//golang.org/x/sys@v0.0.0-20210809222454-d867a43fc93e/unix/zptrace_linux_arm64.go	ok
2026-09-27 14:59:34	C:\Users\lehie\AppData\Local\Temp\aiflow-security-modules-bnyayvbf\archives\golang.org_x_sys@v0.47.0.zip//golang.org/x/sys@v0.47.0/unix/syscall_illumos.go	ok
2026-09-27 14:59:34	C:\Users\lehie\AppData\Local\Temp\aiflow-security-modules-bnyayvbf\archives\golang.org_x_sys@v0.0.0-20210809222454-d867a43fc93e.zip//golang.org/x/sys@v0.0.0-20210809222454-d867a43fc93e/unix/zptrace_mipsnn_linux.go	ok
2026-09-27 14:59:34	C:\Users\lehie\AppData\Local\Temp\aiflow-security-modules-bnyayvbf\archives\golang.org_x_sys@v0.47.0.zip//golang.org/x/sys@v0.47.0/unix/syscall_internal_bsd_test.go	ok
2026-09-27 14:59:34	C:\Users\lehie\AppData\Local\Temp\aiflow-security-modules-bnyayvbf\archives\golang.org_x_sys@v0.0.0-20210809222454-d867a43fc93e.zip//golang.org/x/sys@v0.0.0-20210809222454-d867a43fc93e/unix/zptrace_mipsnnle_linux.go	ok
2026-09-27 14:59:34	C:\Users\lehie\AppData\Local\Temp\aiflow-security-modules-bnyayvbf\archives\golang.org_x_sys@v0.0.0-20210809222454-d867a43fc93e.zip//golang.org/x/sys@v0.0.0-20210809222454-d867a43fc93e/unix/zptrace_x86_linux.go	ok
2026-09-27 14:59:34	C:\Users\lehie\AppData\Local\Temp\aiflow-security-modules-bnyayvbf\archives\golang.org_x_sys@v0.47.0.zip//golang.org/x/sys@v0.47.0/unix/syscall_internal_darwin_test.go	ok
2026-09-27 14:59:34	C:\Users\lehie\AppData\Local\Temp\aiflow-security-modules-bnyayvbf\archives\golang.org_x_sys@v0.47.0.zip//golang.org/x/sys@v0.47.0/unix/syscall_internal_linux_test.go	ok
2026-09-27 14:59:34	C:\Users\lehie\AppData\Local\Temp\aiflow-security-modules-bnyayvbf\archives\golang.org_x_sys@v0.0.0-20210809222454-d867a43fc93e.zip//golang.org/x/sys@v0.0.0-20210809222454-d867a43fc93e/unix/zsyscall_aix_ppc.go	ok
2026-09-27 14:59:34	C:\Users\lehie\AppData\Local\Temp\aiflow-security-modules-bnyayvbf\archives\golang.org_x_sys@v0.47.0.zip//golang.org/x/sys@v0.47.0/unix/syscall_internal_solaris_test.go	ok
2026-09-27 14:59:34	C:\Users\lehie\AppData\Local\Temp\aiflow-security-modules-bnyayvbf\archives\golang.org_x_sys@v0.0.0-20210809222454-d867a43fc93e.zip//golang.org/x/sys@v0.0.0-20210809222454-d867a43fc93e/unix/zsyscall_aix_ppc64.go	ok
2026-09-27 14:59:34	C:\Users\lehie\AppData\Local\Temp\aiflow-security-modules-bnyayvbf\archives\golang.org_x_sys@v0.0.0-20210809222454-d867a43fc93e.zip//golang.org/x/sys@v0.0.0-20210809222454-d867a43fc93e/unix/zsyscall_aix_ppc64_gc.go	ok
2026-09-27 14:59:34	C:\Users\lehie\AppData\Local\Temp\aiflow-security-modules-bnyayvbf\archives\golang.org_x_sys@v0.47.0.zip//golang.org/x/sys@v0.47.0/unix/syscall_linux.go	ok
2026-09-27 14:59:34	C:\Users\lehie\AppData\Local\Temp\aiflow-security-modules-bnyayvbf\archives\golang.org_x_sys@v0.0.0-20210809222454-d867a43fc93e.zip//golang.org/x/sys@v0.0.0-20210809222454-d867a43fc93e/unix/zsyscall_aix_ppc64_gccgo.go	ok
2026-09-27 14:59:34	C:\Users\lehie\AppData\Local\Temp\aiflow-security-modules-bnyayvbf\archives\golang.org_x_sys@v0.47.0.zip//golang.org/x/sys@v0.47.0/unix/syscall_linux_386.go	ok
2026-09-27 14:59:34	C:\Users\lehie\AppData\Local\Temp\aiflow-security-modules-bnyayvbf\archives\golang.org_x_sys@v0.0.0-20210809222454-d867a43fc93e.zip//golang.org/x/sys@v0.0.0-20210809222454-d867a43fc93e/unix/zsyscall_darwin_amd64.1_13.go	ok
2026-09-27 14:59:34	C:\Users\lehie\AppData\Local\Temp\aiflow-security-modules-bnyayvbf\archives\golang.org_x_sys@v0.47.0.zip//golang.org/x/sys@v0.47.0/unix/syscall_linux_alarm.go	ok
2026-09-27 14:59:34	C:\Users\lehie\AppData\Local\Temp\aiflow-security-modules-bnyayvbf\archives\golang.org_x_sys@v0.0.0-20210809222454-d867a43fc93e.zip//golang.org/x/sys@v0.0.0-20210809222454-d867a43fc93e/unix/zsyscall_darwin_amd64.1_13.s	ok
2026-09-27 14:59:34	C:\Users\lehie\AppData\Local\Temp\aiflow-security-modules-bnyayvbf\archives\golang.org_x_sys@v0.47.0.zip//golang.org/x/sys@v0.47.0/unix/syscall_linux_amd64.go	ok
2026-09-27 14:59:34	C:\Users\lehie\AppData\Local\Temp\aiflow-security-modules-bnyayvbf\archives\golang.org_x_sys@v0.47.0.zip//golang.org/x/sys@v0.47.0/unix/syscall_linux_amd64_gc.go	ok
2026-09-27 14:59:34	C:\Users\lehie\AppData\Local\Temp\aiflow-security-modules-bnyayvbf\archives\golang.org_x_sys@v0.0.0-20210809222454-d867a43fc93e.zip//golang.org/x/sys@v0.0.0-20210809222454-d867a43fc93e/unix/zsyscall_darwin_amd64.go	ok
2026-09-27 14:59:34	C:\Users\lehie\AppData\Local\Temp\aiflow-security-modules-bnyayvbf\archives\golang.org_x_sys@v0.47.0.zip//golang.org/x/sys@v0.47.0/unix/syscall_linux_arm.go	ok
2026-09-27 14:59:34	C:\Users\lehie\AppData\Local\Temp\aiflow-security-modules-bnyayvbf\archives\golang.org_x_sys@v0.0.0-20210809222454-d867a43fc93e.zip//golang.org/x/sys@v0.0.0-20210809222454-d867a43fc93e/unix/zsyscall_darwin_amd64.s	ok
2026-09-27 14:59:34	C:\Users\lehie\AppData\Local\Temp\aiflow-security-modules-bnyayvbf\archives\golang.org_x_sys@v0.47.0.zip//golang.org/x/sys@v0.47.0/unix/syscall_linux_arm64.go	ok
2026-09-27 14:59:34	C:\Users\lehie\AppData\Local\Temp\aiflow-security-modules-bnyayvbf\archives\golang.org_x_sys@v0.0.0-20210809222454-d867a43fc93e.zip//golang.org/x/sys@v0.0.0-20210809222454-d867a43fc93e/unix/zsyscall_darwin_arm64.1_13.go	ok
2026-09-27 14:59:34	C:\Users\lehie\AppData\Local\Temp\aiflow-security-modules-bnyayvbf\archives\golang.org_x_sys@v0.47.0.zip//golang.org/x/sys@v0.47.0/unix/syscall_linux_gc.go	ok
2026-09-27 14:59:34	C:\Users\lehie\AppData\Local\Temp\aiflow-security-modules-bnyayvbf\archives\golang.org_x_sys@v0.0.0-20210809222454-d867a43fc93e.zip//golang.org/x/sys@v0.0.0-20210809222454-d867a43fc93e/unix/zsyscall_darwin_arm64.1_13.s	ok
2026-09-27 14:59:34	C:\Users\lehie\AppData\Local\Temp\aiflow-security-modules-bnyayvbf\archives\golang.org_x_sys@v0.47.0.zip//golang.org/x/sys@v0.47.0/unix/syscall_linux_gc_386.go	ok
2026-09-27 14:59:34	C:\Users\lehie\AppData\Local\Temp\aiflow-security-modules-bnyayvbf\archives\golang.org_x_sys@v0.47.0.zip//golang.org/x/sys@v0.47.0/unix/syscall_linux_gc_arm.go	ok
2026-09-27 14:59:34	C:\Users\lehie\AppData\Local\Temp\aiflow-security-modules-bnyayvbf\archives\golang.org_x_sys@v0.0.0-20210809222454-d867a43fc93e.zip//golang.org/x/sys@v0.0.0-20210809222454-d867a43fc93e/unix/zsyscall_darwin_arm64.go	ok
2026-09-27 14:59:34	C:\Users\lehie\AppData\Local\Temp\aiflow-security-modules-bnyayvbf\archives\golang.org_x_sys@v0.47.0.zip//golang.org/x/sys@v0.47.0/unix/syscall_linux_gccgo_386.go	ok
2026-09-27 14:59:34	C:\Users\lehie\AppData\Local\Temp\aiflow-security-modules-bnyayvbf\archives\golang.org_x_sys@v0.47.0.zip//golang.org/x/sys@v0.47.0/unix/syscall_linux_gccgo_arm.go	ok
2026-09-27 14:59:34	C:\Users\lehie\AppData\Local\Temp\aiflow-security-modules-bnyayvbf\archives\golang.org_x_sys@v0.0.0-20210809222454-d867a43fc93e.zip//golang.org/x/sys@v0.0.0-20210809222454-d867a43fc93e/unix/zsyscall_darwin_arm64.s	ok
2026-09-27 14:59:34	C:\Users\lehie\AppData\Local\Temp\aiflow-security-modules-bnyayvbf\archives\golang.org_x_sys@v0.47.0.zip//golang.org/x/sys@v0.47.0/unix/syscall_linux_loong64.go	ok
2026-09-27 14:59:34	C:\Users\lehie\AppData\Local\Temp\aiflow-security-modules-bnyayvbf\archives\golang.org_x_sys@v0.0.0-20210809222454-d867a43fc93e.zip//golang.org/x/sys@v0.0.0-20210809222454-d867a43fc93e/unix/zsyscall_dragonfly_amd64.go	ok
2026-09-27 14:59:34	C:\Users\lehie\AppData\Local\Temp\aiflow-security-modules-bnyayvbf\archives\golang.org_x_sys@v0.47.0.zip//golang.org/x/sys@v0.47.0/unix/syscall_linux_mips64x.go	ok
2026-09-27 14:59:34	C:\Users\lehie\AppData\Local\Temp\aiflow-security-modules-bnyayvbf\archives\golang.org_x_sys@v0.47.0.zip//golang.org/x/sys@v0.47.0/unix/syscall_linux_mipsx.go	ok
2026-09-27 14:59:34	C:\Users\lehie\AppData\Local\Temp\aiflow-security-modules-bnyayvbf\archives\golang.org_x_sys@v0.0.0-20210809222454-d867a43fc93e.zip//golang.org/x/sys@v0.0.0-20210809222454-d867a43fc93e/unix/zsyscall_freebsd_386.go	ok
2026-09-27 14:59:34	C:\Users\lehie\AppData\Local\Temp\aiflow-security-modules-bnyayvbf\archives\golang.org_x_sys@v0.47.0.zip//golang.org/x/sys@v0.47.0/unix/syscall_linux_ppc.go	ok
2026-09-27 14:59:34	C:\Users\lehie\AppData\Local\Temp\aiflow-security-modules-bnyayvbf\archives\golang.org_x_sys@v0.0.0-20210809222454-d867a43fc93e.zip//golang.org/x/sys@v0.0.0-20210809222454-d867a43fc93e/unix/zsyscall_freebsd_amd64.go	ok
2026-09-27 14:59:34	C:\Users\lehie\AppData\Local\Temp\aiflow-security-modules-bnyayvbf\archives\golang.org_x_sys@v0.47.0.zip//golang.org/x/sys@v0.47.0/unix/syscall_linux_ppc64x.go	ok
2026-09-27 14:59:34	C:\Users\lehie\AppData\Local\Temp\aiflow-security-modules-bnyayvbf\archives\golang.org_x_sys@v0.47.0.zip//golang.org/x/sys@v0.47.0/unix/syscall_linux_riscv64.go	ok
2026-09-27 14:59:34	C:\Users\lehie\AppData\Local\Temp\aiflow-security-modules-bnyayvbf\archives\golang.org_x_sys@v0.0.0-20210809222454-d867a43fc93e.zip//golang.org/x/sys@v0.0.0-20210809222454-d867a43fc93e/unix/zsyscall_freebsd_arm.go	ok
2026-09-27 14:59:34	C:\Users\lehie\AppData\Local\Temp\aiflow-security-modules-bnyayvbf\archives\golang.org_x_sys@v0.47.0.zip//golang.org/x/sys@v0.47.0/unix/syscall_linux_s390x.go	ok
2026-09-27 14:59:34	C:\Users\lehie\AppData\Local\Temp\aiflow-security-modules-bnyayvbf\archives\golang.org_x_sys@v0.0.0-20210809222454-d867a43fc93e.zip//golang.org/x/sys@v0.0.0-20210809222454-d867a43fc93e/unix/zsyscall_freebsd_arm64.go	ok
2026-09-27 14:59:34	C:\Users\lehie\AppData\Local\Temp\aiflow-security-modules-bnyayvbf\archives\golang.org_x_sys@v0.47.0.zip//golang.org/x/sys@v0.47.0/unix/syscall_linux_sparc64.go	ok
2026-09-27 14:59:34	C:\Users\lehie\AppData\Local\Temp\aiflow-security-modules-bnyayvbf\archives\golang.org_x_sys@v0.0.0-20210809222454-d867a43fc93e.zip//golang.org/x/sys@v0.0.0-20210809222454-d867a43fc93e/unix/zsyscall_illumos_amd64.go	ok
2026-09-27 14:59:34	C:\Users\lehie\AppData\Local\Temp\aiflow-security-modules-bnyayvbf\archives\golang.org_x_sys@v0.47.0.zip//golang.org/x/sys@v0.47.0/unix/syscall_linux_test.go	ok
2026-09-27 14:59:34	C:\Users\lehie\AppData\Local\Temp\aiflow-security-modules-bnyayvbf\archives\golang.org_x_sys@v0.0.0-20210809222454-d867a43fc93e.zip//golang.org/x/sys@v0.0.0-20210809222454-d867a43fc93e/unix/zsyscall_linux.go	ok
2026-09-27 14:59:34	C:\Users\lehie\AppData\Local\Temp\aiflow-security-modules-bnyayvbf\archives\golang.org_x_sys@v0.0.0-20210809222454-d867a43fc93e.zip//golang.org/x/sys@v0.0.0-20210809222454-d867a43fc93e/unix/zsyscall_linux_386.go	ok
2026-09-27 14:59:34	C:\Users\lehie\AppData\Local\Temp\aiflow-security-modules-bnyayvbf\archives\golang.org_x_sys@v0.47.0.zip//golang.org/x/sys@v0.47.0/unix/syscall_netbsd.go	ok
2026-09-27 14:59:34	C:\Users\lehie\AppData\Local\Temp\aiflow-security-modules-bnyayvbf\archives\golang.org_x_sys@v0.47.0.zip//golang.org/x/sys@v0.47.0/unix/syscall_netbsd_386.go	ok
2026-09-27 14:59:34	C:\Users\lehie\AppData\Local\Temp\aiflow-security-modules-bnyayvbf\archives\golang.org_x_sys@v0.0.0-20210809222454-d867a43fc93e.zip//golang.org/x/sys@v0.0.0-20210809222454-d867a43fc93e/unix/zsyscall_linux_amd64.go	ok
2026-09-27 14:59:34	C:\Users\lehie\AppData\Local\Temp\aiflow-security-modules-bnyayvbf\archives\golang.org_x_sys@v0.47.0.zip//golang.org/x/sys@v0.47.0/unix/syscall_netbsd_amd64.go	ok
2026-09-27 14:59:34	C:\Users\lehie\AppData\Local\Temp\aiflow-security-modules-bnyayvbf\archives\golang.org_x_sys@v0.0.0-20210809222454-d867a43fc93e.zip//golang.org/x/sys@v0.0.0-20210809222454-d867a43fc93e/unix/zsyscall_linux_arm.go	ok
2026-09-27 14:59:34	C:\Users\lehie\AppData\Local\Temp\aiflow-security-modules-bnyayvbf\archives\golang.org_x_sys@v0.47.0.zip//golang.org/x/sys@v0.47.0/unix/syscall_netbsd_arm.go	ok
2026-09-27 14:59:34	C:\Users\lehie\AppData\Local\Temp\aiflow-security-modules-bnyayvbf\archives\golang.org_x_sys@v0.47.0.zip//golang.org/x/sys@v0.47.0/unix/syscall_netbsd_arm64.go	ok
2026-09-27 14:59:34	C:\Users\lehie\AppData\Local\Temp\aiflow-security-modules-bnyayvbf\archives\golang.org_x_sys@v0.0.0-20210809222454-d867a43fc93e.zip//golang.org/x/sys@v0.0.0-20210809222454-d867a43fc93e/unix/zsyscall_linux_arm64.go	ok
2026-09-27 14:59:34	C:\Users\lehie\AppData\Local\Temp\aiflow-security-modules-bnyayvbf\archives\golang.org_x_sys@v0.47.0.zip//golang.org/x/sys@v0.47.0/unix/syscall_netbsd_test.go	ok
2026-09-27 14:59:34	C:\Users\lehie\AppData\Local\Temp\aiflow-security-modules-bnyayvbf\archives\golang.org_x_sys@v0.0.0-20210809222454-d867a43fc93e.zip//golang.org/x/sys@v0.0.0-20210809222454-d867a43fc93e/unix/zsyscall_linux_mips.go	ok
2026-09-27 14:59:34	C:\Users\lehie\AppData\Local\Temp\aiflow-security-modules-bnyayvbf\archives\golang.org_x_sys@v0.47.0.zip//golang.org/x/sys@v0.47.0/unix/syscall_openbsd.go	ok
2026-09-27 14:59:34	C:\Users\lehie\AppData\Local\Temp\aiflow-security-modules-bnyayvbf\archives\golang.org_x_sys@v0.0.0-20210809222454-d867a43fc93e.zip//golang.org/x/sys@v0.0.0-20210809222454-d867a43fc93e/unix/zsyscall_linux_mips64.go	ok
2026-09-27 14:59:34	C:\Users\lehie\AppData\Local\Temp\aiflow-security-modules-bnyayvbf\archives\golang.org_x_sys@v0.47.0.zip//golang.org/x/sys@v0.47.0/unix/syscall_openbsd_386.go	ok
2026-09-27 14:59:34	C:\Users\lehie\AppData\Local\Temp\aiflow-security-modules-bnyayvbf\archives\golang.org_x_sys@v0.0.0-20210809222454-d867a43fc93e.zip//golang.org/x/sys@v0.0.0-20210809222454-d867a43fc93e/unix/zsyscall_linux_mips64le.go	ok
2026-09-27 14:59:34	C:\Users\lehie\AppData\Local\Temp\aiflow-security-modules-bnyayvbf\archives\golang.org_x_sys@v0.47.0.zip//golang.org/x/sys@v0.47.0/unix/syscall_openbsd_amd64.go	ok
2026-09-27 14:59:34	C:\Users\lehie\AppData\Local\Temp\aiflow-security-modules-bnyayvbf\archives\golang.org_x_sys@v0.47.0.zip//golang.org/x/sys@v0.47.0/unix/syscall_openbsd_arm.go	ok
2026-09-27 14:59:34	C:\Users\lehie\AppData\Local\Temp\aiflow-security-modules-bnyayvbf\archives\golang.org_x_sys@v0.0.0-20210809222454-d867a43fc93e.zip//golang.org/x/sys@v0.0.0-20210809222454-d867a43fc93e/unix/zsyscall_linux_mipsle.go	ok
2026-09-27 14:59:34	C:\Users\lehie\AppData\Local\Temp\aiflow-security-modules-bnyayvbf\archives\golang.org_x_sys@v0.47.0.zip//golang.org/x/sys@v0.47.0/unix/syscall_openbsd_arm64.go	ok
2026-09-27 14:59:34	C:\Users\lehie\AppData\Local\Temp\aiflow-security-modules-bnyayvbf\archives\golang.org_x_sys@v0.0.0-20210809222454-d867a43fc93e.zip//golang.org/x/sys@v0.0.0-20210809222454-d867a43fc93e/unix/zsyscall_linux_ppc.go	ok
2026-09-27 14:59:34	C:\Users\lehie\AppData\Local\Temp\aiflow-security-modules-bnyayvbf\archives\golang.org_x_sys@v0.47.0.zip//golang.org/x/sys@v0.47.0/unix/syscall_openbsd_libc.go	ok
2026-09-27 14:59:34	C:\Users\lehie\AppData\Local\Temp\aiflow-security-modules-bnyayvbf\archives\golang.org_x_sys@v0.47.0.zip//golang.org/x/sys@v0.47.0/unix/syscall_openbsd_mips64.go	ok
2026-09-27 14:59:34	C:\Users\lehie\AppData\Local\Temp\aiflow-security-modules-bnyayvbf\archives\golang.org_x_sys@v0.0.0-20210809222454-d867a43fc93e.zip//golang.org/x/sys@v0.0.0-20210809222454-d867a43fc93e/unix/zsyscall_linux_ppc64.go	ok
2026-09-27 14:59:34	C:\Users\lehie\AppData\Local\Temp\aiflow-security-modules-bnyayvbf\archives\golang.org_x_sys@v0.47.0.zip//golang.org/x/sys@v0.47.0/unix/syscall_openbsd_ppc64.go	ok
2026-09-27 14:59:34	C:\Users\lehie\AppData\Local\Temp\aiflow-security-modules-bnyayvbf\archives\golang.org_x_sys@v0.0.0-20210809222454-d867a43fc93e.zip//golang.org/x/sys@v0.0.0-20210809222454-d867a43fc93e/unix/zsyscall_linux_ppc64le.go	ok
2026-09-27 14:59:34	C:\Users\lehie\AppData\Local\Temp\aiflow-security-modules-bnyayvbf\archives\golang.org_x_sys@v0.47.0.zip//golang.org/x/sys@v0.47.0/unix/syscall_openbsd_riscv64.go	ok
2026-09-27 14:59:34	C:\Users\lehie\AppData\Local\Temp\aiflow-security-modules-bnyayvbf\archives\golang.org_x_sys@v0.47.0.zip//golang.org/x/sys@v0.47.0/unix/syscall_openbsd_test.go	ok
2026-09-27 14:59:34	C:\Users\lehie\AppData\Local\Temp\aiflow-security-modules-bnyayvbf\archives\golang.org_x_sys@v0.0.0-20210809222454-d867a43fc93e.zip//golang.org/x/sys@v0.0.0-20210809222454-d867a43fc93e/unix/zsyscall_linux_riscv64.go	ok
2026-09-27 14:59:34	C:\Users\lehie\AppData\Local\Temp\aiflow-security-modules-bnyayvbf\archives\golang.org_x_sys@v0.0.0-20210809222454-d867a43fc93e.zip//golang.org/x/sys@v0.0.0-20210809222454-d867a43fc93e/unix/zsyscall_linux_s390x.go	ok
2026-09-27 14:59:34	C:\Users\lehie\AppData\Local\Temp\aiflow-security-modules-bnyayvbf\archives\golang.org_x_sys@v0.47.0.zip//golang.org/x/sys@v0.47.0/unix/syscall_solaris.go	ok
2026-09-27 14:59:34	C:\Users\lehie\AppData\Local\Temp\aiflow-security-modules-bnyayvbf\archives\golang.org_x_sys@v0.0.0-20210809222454-d867a43fc93e.zip//golang.org/x/sys@v0.0.0-20210809222454-d867a43fc93e/unix/zsyscall_linux_sparc64.go	ok
2026-09-27 14:59:34	C:\Users\lehie\AppData\Local\Temp\aiflow-security-modules-bnyayvbf\archives\golang.org_x_sys@v0.47.0.zip//golang.org/x/sys@v0.47.0/unix/syscall_solaris_amd64.go	ok
2026-09-27 14:59:34	C:\Users\lehie\AppData\Local\Temp\aiflow-security-modules-bnyayvbf\archives\golang.org_x_sys@v0.47.0.zip//golang.org/x/sys@v0.47.0/unix/syscall_solaris_test.go	ok
2026-09-27 14:59:34	C:\Users\lehie\AppData\Local\Temp\aiflow-security-modules-bnyayvbf\archives\golang.org_x_sys@v0.0.0-20210809222454-d867a43fc93e.zip//golang.org/x/sys@v0.0.0-20210809222454-d867a43fc93e/unix/zsyscall_netbsd_386.go	ok
2026-09-27 14:59:34	C:\Users\lehie\AppData\Local\Temp\aiflow-security-modules-bnyayvbf\archives\golang.org_x_sys@v0.47.0.zip//golang.org/x/sys@v0.47.0/unix/syscall_test.go	ok
2026-09-27 14:59:34	C:\Users\lehie\AppData\Local\Temp\aiflow-security-modules-bnyayvbf\archives\golang.org_x_sys@v0.0.0-20210809222454-d867a43fc93e.zip//golang.org/x/sys@v0.0.0-20210809222454-d867a43fc93e/unix/zsyscall_netbsd_amd64.go	ok
2026-09-27 14:59:34	C:\Users\lehie\AppData\Local\Temp\aiflow-security-modules-bnyayvbf\archives\golang.org_x_sys@v0.47.0.zip//golang.org/x/sys@v0.47.0/unix/syscall_unix.go	ok
2026-09-27 14:59:34	C:\Users\lehie\AppData\Local\Temp\aiflow-security-modules-bnyayvbf\archives\golang.org_x_sys@v0.0.0-20210809222454-d867a43fc93e.zip//golang.org/x/sys@v0.0.0-20210809222454-d867a43fc93e/unix/zsyscall_netbsd_arm.go	ok
2026-09-27 14:59:34	C:\Users\lehie\AppData\Local\Temp\aiflow-security-modules-bnyayvbf\archives\golang.org_x_sys@v0.47.0.zip//golang.org/x/sys@v0.47.0/unix/syscall_unix_gc.go	ok
2026-09-27 14:59:34	C:\Users\lehie\AppData\Local\Temp\aiflow-security-modules-bnyayvbf\archives\golang.org_x_sys@v0.47.0.zip//golang.org/x/sys@v0.47.0/unix/syscall_unix_gc_ppc64x.go	ok
2026-09-27 14:59:34	C:\Users\lehie\AppData\Local\Temp\aiflow-security-modules-bnyayvbf\archives\golang.org_x_sys@v0.0.0-20210809222454-d867a43fc93e.zip//golang.org/x/sys@v0.0.0-20210809222454-d867a43fc93e/unix/zsyscall_netbsd_arm64.go	ok
2026-09-27 14:59:34	C:\Users\lehie\AppData\Local\Temp\aiflow-security-modules-bnyayvbf\archives\golang.org_x_sys@v0.47.0.zip//golang.org/x/sys@v0.47.0/unix/syscall_unix_test.go	ok
2026-09-27 14:59:34	C:\Users\lehie\AppData\Local\Temp\aiflow-security-modules-bnyayvbf\archives\golang.org_x_sys@v0.0.0-20210809222454-d867a43fc93e.zip//golang.org/x/sys@v0.0.0-20210809222454-d867a43fc93e/unix/zsyscall_openbsd_386.go	ok
2026-09-27 14:59:34	C:\Users\lehie\AppData\Local\Temp\aiflow-security-modules-bnyayvbf\archives\golang.org_x_sys@v0.0.0-20210809222454-d867a43fc93e.zip//golang.org/x/sys@v0.0.0-20210809222454-d867a43fc93e/unix/zsyscall_openbsd_amd64.go	ok
2026-09-27 14:59:34	C:\Users\lehie\AppData\Local\Temp\aiflow-security-modules-bnyayvbf\archives\golang.org_x_sys@v0.47.0.zip//golang.org/x/sys@v0.47.0/unix/syscall_zos_s390x.go	ok
2026-09-27 14:59:34	C:\Users\lehie\AppData\Local\Temp\aiflow-security-modules-bnyayvbf\archives\golang.org_x_sys@v0.0.0-20210809222454-d867a43fc93e.zip//golang.org/x/sys@v0.0.0-20210809222454-d867a43fc93e/unix/zsyscall_openbsd_arm.go	ok
2026-09-27 14:59:34	C:\Users\lehie\AppData\Local\Temp\aiflow-security-modules-bnyayvbf\archives\golang.org_x_sys@v0.0.0-20210809222454-d867a43fc93e.zip//golang.org/x/sys@v0.0.0-20210809222454-d867a43fc93e/unix/zsyscall_openbsd_arm64.go	ok
2026-09-27 14:59:34	C:\Users\lehie\AppData\Local\Temp\aiflow-security-modules-bnyayvbf\archives\golang.org_x_sys@v0.47.0.zip//golang.org/x/sys@v0.47.0/unix/syscall_zos_test.go	ok
2026-09-27 14:59:34	C:\Users\lehie\AppData\Local\Temp\aiflow-security-modules-bnyayvbf\archives\golang.org_x_sys@v0.0.0-20210809222454-d867a43fc93e.zip//golang.org/x/sys@v0.0.0-20210809222454-d867a43fc93e/unix/zsyscall_openbsd_mips64.go	ok
2026-09-27 14:59:34	C:\Users\lehie\AppData\Local\Temp\aiflow-security-modules-bnyayvbf\archives\golang.org_x_sys@v0.47.0.zip//golang.org/x/sys@v0.47.0/unix/sysctl_netbsd_test.go	ok
2026-09-27 14:59:34	C:\Users\lehie\AppData\Local\Temp\aiflow-security-modules-bnyayvbf\archives\golang.org_x_sys@v0.47.0.zip//golang.org/x/sys@v0.47.0/unix/sysvshm_linux.go	ok
2026-09-27 14:59:34	C:\Users\lehie\AppData\Local\Temp\aiflow-security-modules-bnyayvbf\archives\golang.org_x_sys@v0.0.0-20210809222454-d867a43fc93e.zip//golang.org/x/sys@v0.0.0-20210809222454-d867a43fc93e/unix/zsyscall_solaris_amd64.go	ok
2026-09-27 14:59:34	C:\Users\lehie\AppData\Local\Temp\aiflow-security-modules-bnyayvbf\archives\golang.org_x_sys@v0.47.0.zip//golang.org/x/sys@v0.47.0/unix/sysvshm_unix.go	ok
2026-09-27 14:59:34	C:\Users\lehie\AppData\Local\Temp\aiflow-security-modules-bnyayvbf\archives\golang.org_x_sys@v0.0.0-20210809222454-d867a43fc93e.zip//golang.org/x/sys@v0.0.0-20210809222454-d867a43fc93e/unix/zsyscall_zos_s390x.go	ok
2026-09-27 14:59:34	C:\Users\lehie\AppData\Local\Temp\aiflow-security-modules-bnyayvbf\archives\golang.org_x_sys@v0.47.0.zip//golang.org/x/sys@v0.47.0/unix/sysvshm_unix_other.go	ok
2026-09-27 14:59:34	C:\Users\lehie\AppData\Local\Temp\aiflow-security-modules-bnyayvbf\archives\golang.org_x_sys@v0.47.0.zip//golang.org/x/sys@v0.47.0/unix/sysvshm_unix_test.go	ok
2026-09-27 14:59:34	C:\Users\lehie\AppData\Local\Temp\aiflow-security-modules-bnyayvbf\archives\golang.org_x_sys@v0.0.0-20210809222454-d867a43fc93e.zip//golang.org/x/sys@v0.0.0-20210809222454-d867a43fc93e/unix/zsysctl_openbsd_386.go	ok
2026-09-27 14:59:34	C:\Users\lehie\AppData\Local\Temp\aiflow-security-modules-bnyayvbf\archives\golang.org_x_sys@v0.47.0.zip//golang.org/x/sys@v0.47.0/unix/timestruct.go	ok
2026-09-27 14:59:34	C:\Users\lehie\AppData\Local\Temp\aiflow-security-modules-bnyayvbf\archives\golang.org_x_sys@v0.0.0-20210809222454-d867a43fc93e.zip//golang.org/x/sys@v0.0.0-20210809222454-d867a43fc93e/unix/zsysctl_openbsd_amd64.go	ok
2026-09-27 14:59:34	C:\Users\lehie\AppData\Local\Temp\aiflow-security-modules-bnyayvbf\archives\golang.org_x_sys@v0.47.0.zip//golang.org/x/sys@v0.47.0/unix/timestruct_test.go	ok
2026-09-27 14:59:34	C:\Users\lehie\AppData\Local\Temp\aiflow-security-modules-bnyayvbf\archives\golang.org_x_sys@v0.0.0-20210809222454-d867a43fc93e.zip//golang.org/x/sys@v0.0.0-20210809222454-d867a43fc93e/unix/zsysctl_openbsd_arm.go	ok
2026-09-27 14:59:34	C:\Users\lehie\AppData\Local\Temp\aiflow-security-modules-bnyayvbf\archives\golang.org_x_sys@v0.47.0.zip//golang.org/x/sys@v0.47.0/unix/types_aix.go	ok
2026-09-27 14:59:34	C:\Users\lehie\AppData\Local\Temp\aiflow-security-modules-bnyayvbf\archives\golang.org_x_sys@v0.0.0-20210809222454-d867a43fc93e.zip//golang.org/x/sys@v0.0.0-20210809222454-d867a43fc93e/unix/zsysctl_openbsd_arm64.go	ok
2026-09-27 14:59:34	C:\Users\lehie\AppData\Local\Temp\aiflow-security-modules-bnyayvbf\archives\golang.org_x_sys@v0.47.0.zip//golang.org/x/sys@v0.47.0/unix/types_darwin.go	ok
2026-09-27 14:59:34	C:\Users\lehie\AppData\Local\Temp\aiflow-security-modules-bnyayvbf\archives\golang.org_x_sys@v0.0.0-20210809222454-d867a43fc93e.zip//golang.org/x/sys@v0.0.0-20210809222454-d867a43fc93e/unix/zsysctl_openbsd_mips64.go	ok
2026-09-27 14:59:34	C:\Users\lehie\AppData\Local\Temp\aiflow-security-modules-bnyayvbf\archives\golang.org_x_sys@v0.47.0.zip//golang.org/x/sys@v0.47.0/unix/types_dragonfly.go	ok
2026-09-27 14:59:34	C:\Users\lehie\AppData\Local\Temp\aiflow-security-modules-bnyayvbf\archives\golang.org_x_sys@v0.0.0-20210809222454-d867a43fc93e.zip//golang.org/x/sys@v0.0.0-20210809222454-d867a43fc93e/unix/zsysnum_darwin_amd64.go	ok
2026-09-27 14:59:34	C:\Users\lehie\AppData\Local\Temp\aiflow-security-modules-bnyayvbf\archives\golang.org_x_sys@v0.47.0.zip//golang.org/x/sys@v0.47.0/unix/types_freebsd.go	ok
2026-09-27 14:59:34	C:\Users\lehie\AppData\Local\Temp\aiflow-security-modules-bnyayvbf\archives\golang.org_x_sys@v0.0.0-20210809222454-d867a43fc93e.zip//golang.org/x/sys@v0.0.0-20210809222454-d867a43fc93e/unix/zsysnum_darwin_arm64.go	ok
2026-09-27 14:59:34	C:\Users\lehie\AppData\Local\Temp\aiflow-security-modules-bnyayvbf\archives\golang.org_x_sys@v0.47.0.zip//golang.org/x/sys@v0.47.0/unix/types_netbsd.go	ok
2026-09-27 14:59:34	C:\Users\lehie\AppData\Local\Temp\aiflow-security-modules-bnyayvbf\archives\golang.org_x_sys@v0.47.0.zip//golang.org/x/sys@v0.47.0/unix/types_openbsd.go	ok
2026-09-27 14:59:34	C:\Users\lehie\AppData\Local\Temp\aiflow-security-modules-bnyayvbf\archives\golang.org_x_sys@v0.0.0-20210809222454-d867a43fc93e.zip//golang.org/x/sys@v0.0.0-20210809222454-d867a43fc93e/unix/zsysnum_dragonfly_amd64.go	ok
2026-09-27 14:59:34	C:\Users\lehie\AppData\Local\Temp\aiflow-security-modules-bnyayvbf\archives\golang.org_x_sys@v0.47.0.zip//golang.org/x/sys@v0.47.0/unix/types_solaris.go	ok
2026-09-27 14:59:34	C:\Users\lehie\AppData\Local\Temp\aiflow-security-modules-bnyayvbf\archives\golang.org_x_sys@v0.0.0-20210809222454-d867a43fc93e.zip//golang.org/x/sys@v0.0.0-20210809222454-d867a43fc93e/unix/zsysnum_freebsd_386.go	ok
2026-09-27 14:59:34	C:\Users\lehie\AppData\Local\Temp\aiflow-security-modules-bnyayvbf\archives\golang.org_x_sys@v0.47.0.zip//golang.org/x/sys@v0.47.0/unix/unveil_openbsd.go	ok
2026-09-27 14:59:34	C:\Users\lehie\AppData\Local\Temp\aiflow-security-modules-bnyayvbf\archives\golang.org_x_sys@v0.47.0.zip//golang.org/x/sys@v0.47.0/unix/vgetrandom_linux.go	ok
2026-09-27 14:59:34	C:\Users\lehie\AppData\Local\Temp\aiflow-security-modules-bnyayvbf\archives\golang.org_x_sys@v0.0.0-20210809222454-d867a43fc93e.zip//golang.org/x/sys@v0.0.0-20210809222454-d867a43fc93e/unix/zsysnum_freebsd_amd64.go	ok
2026-09-27 14:59:34	C:\Users\lehie\AppData\Local\Temp\aiflow-security-modules-bnyayvbf\archives\golang.org_x_sys@v0.47.0.zip//golang.org/x/sys@v0.47.0/unix/vgetrandom_unsupported.go	ok
2026-09-27 14:59:34	C:\Users\lehie\AppData\Local\Temp\aiflow-security-modules-bnyayvbf\archives\golang.org_x_sys@v0.47.0.zip//golang.org/x/sys@v0.47.0/unix/xattr_bsd.go	ok
2026-09-27 14:59:34	C:\Users\lehie\AppData\Local\Temp\aiflow-security-modules-bnyayvbf\archives\golang.org_x_sys@v0.0.0-20210809222454-d867a43fc93e.zip//golang.org/x/sys@v0.0.0-20210809222454-d867a43fc93e/unix/zsysnum_freebsd_arm.go	ok
2026-09-27 14:59:34	C:\Users\lehie\AppData\Local\Temp\aiflow-security-modules-bnyayvbf\archives\golang.org_x_sys@v0.47.0.zip//golang.org/x/sys@v0.47.0/unix/xattr_test.go	ok
2026-09-27 14:59:34	C:\Users\lehie\AppData\Local\Temp\aiflow-security-modules-bnyayvbf\archives\golang.org_x_sys@v0.47.0.zip//golang.org/x/sys@v0.47.0/unix/xattr_zos_test.go	ok
2026-09-27 14:59:34	C:\Users\lehie\AppData\Local\Temp\aiflow-security-modules-bnyayvbf\archives\golang.org_x_sys@v0.0.0-20210809222454-d867a43fc93e.zip//golang.org/x/sys@v0.0.0-20210809222454-d867a43fc93e/unix/zsysnum_freebsd_arm64.go	ok
2026-09-27 14:59:34	C:\Users\lehie\AppData\Local\Temp\aiflow-security-modules-bnyayvbf\archives\golang.org_x_sys@v0.0.0-20210809222454-d867a43fc93e.zip//golang.org/x/sys@v0.0.0-20210809222454-d867a43fc93e/unix/zsysnum_linux_386.go	ok
2026-09-27 14:59:34	C:\Users\lehie\AppData\Local\Temp\aiflow-security-modules-bnyayvbf\archives\golang.org_x_sys@v0.47.0.zip//golang.org/x/sys@v0.47.0/unix/zerrors_aix_ppc.go	ok
2026-09-27 14:59:34	C:\Users\lehie\AppData\Local\Temp\aiflow-security-modules-bnyayvbf\archives\golang.org_x_sys@v0.0.0-20210809222454-d867a43fc93e.zip//golang.org/x/sys@v0.0.0-20210809222454-d867a43fc93e/unix/zsysnum_linux_amd64.go	ok
2026-09-27 14:59:34	C:\Users\lehie\AppData\Local\Temp\aiflow-security-modules-bnyayvbf\archives\golang.org_x_sys@v0.47.0.zip//golang.org/x/sys@v0.47.0/unix/zerrors_aix_ppc64.go	ok
2026-09-27 14:59:34	C:\Users\lehie\AppData\Local\Temp\aiflow-security-modules-bnyayvbf\archives\golang.org_x_sys@v0.0.0-20210809222454-d867a43fc93e.zip//golang.org/x/sys@v0.0.0-20210809222454-d867a43fc93e/unix/zsysnum_linux_arm.go	ok
2026-09-27 14:59:34	C:\Users\lehie\AppData\Local\Temp\aiflow-security-modules-bnyayvbf\archives\golang.org_x_sys@v0.0.0-20210809222454-d867a43fc93e.zip//golang.org/x/sys@v0.0.0-20210809222454-d867a43fc93e/unix/zsysnum_linux_arm64.go	ok
2026-09-27 14:59:34	C:\Users\lehie\AppData\Local\Temp\aiflow-security-modules-bnyayvbf\archives\golang.org_x_sys@v0.47.0.zip//golang.org/x/sys@v0.47.0/unix/zerrors_darwin_amd64.go	ok
2026-09-27 14:59:34	C:\Users\lehie\AppData\Local\Temp\aiflow-security-modules-bnyayvbf\archives\golang.org_x_sys@v0.0.0-20210809222454-d867a43fc93e.zip//golang.org/x/sys@v0.0.0-20210809222454-d867a43fc93e/unix/zsysnum_linux_mips.go	ok
2026-09-27 14:59:34	C:\Users\lehie\AppData\Local\Temp\aiflow-security-modules-bnyayvbf\archives\golang.org_x_sys@v0.0.0-20210809222454-d867a43fc93e.zip//golang.org/x/sys@v0.0.0-20210809222454-d867a43fc93e/unix/zsysnum_linux_mips64.go	ok
2026-09-27 14:59:34	C:\Users\lehie\AppData\Local\Temp\aiflow-security-modules-bnyayvbf\archives\golang.org_x_sys@v0.47.0.zip//golang.org/x/sys@v0.47.0/unix/zerrors_darwin_arm64.go	ok
2026-09-27 14:59:34	C:\Users\lehie\AppData\Local\Temp\aiflow-security-modules-bnyayvbf\archives\golang.org_x_sys@v0.0.0-20210809222454-d867a43fc93e.zip//golang.org/x/sys@v0.0.0-20210809222454-d867a43fc93e/unix/zsysnum_linux_mips64le.go	ok
2026-09-27 14:59:34	C:\Users\lehie\AppData\Local\Temp\aiflow-security-modules-bnyayvbf\archives\golang.org_x_sys@v0.47.0.zip//golang.org/x/sys@v0.47.0/unix/zerrors_dragonfly_amd64.go	ok
2026-09-27 14:59:34	C:\Users\lehie\AppData\Local\Temp\aiflow-security-modules-bnyayvbf\archives\golang.org_x_sys@v0.0.0-20210809222454-d867a43fc93e.zip//golang.org/x/sys@v0.0.0-20210809222454-d867a43fc93e/unix/zsysnum_linux_mipsle.go	ok
2026-09-27 14:59:34	C:\Users\lehie\AppData\Local\Temp\aiflow-security-modules-bnyayvbf\archives\golang.org_x_sys@v0.0.0-20210809222454-d867a43fc93e.zip//golang.org/x/sys@v0.0.0-20210809222454-d867a43fc93e/unix/zsysnum_linux_ppc.go	ok
2026-09-27 14:59:34	C:\Users\lehie\AppData\Local\Temp\aiflow-security-modules-bnyayvbf\archives\golang.org_x_sys@v0.47.0.zip//golang.org/x/sys@v0.47.0/unix/zerrors_freebsd_386.go	ok
2026-09-27 14:59:34	C:\Users\lehie\AppData\Local\Temp\aiflow-security-modules-bnyayvbf\archives\golang.org_x_sys@v0.0.0-20210809222454-d867a43fc93e.zip//golang.org/x/sys@v0.0.0-20210809222454-d867a43fc93e/unix/zsysnum_linux_ppc64.go	ok
2026-09-27 14:59:34	C:\Users\lehie\AppData\Local\Temp\aiflow-security-modules-bnyayvbf\archives\golang.org_x_sys@v0.0.0-20210809222454-d867a43fc93e.zip//golang.org/x/sys@v0.0.0-20210809222454-d867a43fc93e/unix/zsysnum_linux_ppc64le.go	ok
2026-09-27 14:59:34	C:\Users\lehie\AppData\Local\Temp\aiflow-security-modules-bnyayvbf\archives\golang.org_x_sys@v0.47.0.zip//golang.org/x/sys@v0.47.0/unix/zerrors_freebsd_amd64.go	ok
2026-09-27 14:59:34	C:\Users\lehie\AppData\Local\Temp\aiflow-security-modules-bnyayvbf\archives\golang.org_x_sys@v0.0.0-20210809222454-d867a43fc93e.zip//golang.org/x/sys@v0.0.0-20210809222454-d867a43fc93e/unix/zsysnum_linux_riscv64.go	ok
2026-09-27 14:59:34	C:\Users\lehie\AppData\Local\Temp\aiflow-security-modules-bnyayvbf\archives\golang.org_x_sys@v0.0.0-20210809222454-d867a43fc93e.zip//golang.org/x/sys@v0.0.0-20210809222454-d867a43fc93e/unix/zsysnum_linux_s390x.go	ok
2026-09-27 14:59:34	C:\Users\lehie\AppData\Local\Temp\aiflow-security-modules-bnyayvbf\archives\golang.org_x_sys@v0.47.0.zip//golang.org/x/sys@v0.47.0/unix/zerrors_freebsd_arm.go	ok
2026-09-27 14:59:34	C:\Users\lehie\AppData\Local\Temp\aiflow-security-modules-bnyayvbf\archives\golang.org_x_sys@v0.0.0-20210809222454-d867a43fc93e.zip//golang.org/x/sys@v0.0.0-20210809222454-d867a43fc93e/unix/zsysnum_linux_sparc64.go	ok
2026-09-27 14:59:34	C:\Users\lehie\AppData\Local\Temp\aiflow-security-modules-bnyayvbf\archives\golang.org_x_sys@v0.47.0.zip//golang.org/x/sys@v0.47.0/unix/zerrors_freebsd_arm64.go	ok
2026-09-27 14:59:34	C:\Users\lehie\AppData\Local\Temp\aiflow-security-modules-bnyayvbf\archives\golang.org_x_sys@v0.0.0-20210809222454-d867a43fc93e.zip//golang.org/x/sys@v0.0.0-20210809222454-d867a43fc93e/unix/zsysnum_netbsd_386.go	ok
2026-09-27 14:59:34	C:\Users\lehie\AppData\Local\Temp\aiflow-security-modules-bnyayvbf\archives\golang.org_x_sys@v0.47.0.zip//golang.org/x/sys@v0.47.0/unix/zerrors_freebsd_riscv64.go	ok
2026-09-27 14:59:34	C:\Users\lehie\AppData\Local\Temp\aiflow-security-modules-bnyayvbf\archives\golang.org_x_sys@v0.0.0-20210809222454-d867a43fc93e.zip//golang.org/x/sys@v0.0.0-20210809222454-d867a43fc93e/unix/zsysnum_netbsd_amd64.go	ok
2026-09-27 14:59:34	C:\Users\lehie\AppData\Local\Temp\aiflow-security-modules-bnyayvbf\archives\golang.org_x_sys@v0.0.0-20210809222454-d867a43fc93e.zip//golang.org/x/sys@v0.0.0-20210809222454-d867a43fc93e/unix/zsysnum_netbsd_arm.go	ok
2026-09-27 14:59:34	C:\Users\lehie\AppData\Local\Temp\aiflow-security-modules-bnyayvbf\archives\golang.org_x_sys@v0.47.0.zip//golang.org/x/sys@v0.47.0/unix/zerrors_linux.go	ok
2026-09-27 14:59:34	C:\Users\lehie\AppData\Local\Temp\aiflow-security-modules-bnyayvbf\archives\golang.org_x_sys@v0.0.0-20210809222454-d867a43fc93e.zip//golang.org/x/sys@v0.0.0-20210809222454-d867a43fc93e/unix/zsysnum_netbsd_arm64.go	ok
2026-09-27 14:59:34	C:\Users\lehie\AppData\Local\Temp\aiflow-security-modules-bnyayvbf\archives\golang.org_x_sys@v0.47.0.zip//golang.org/x/sys@v0.47.0/unix/zerrors_linux_386.go	ok
2026-09-27 14:59:34	C:\Users\lehie\AppData\Local\Temp\aiflow-security-modules-bnyayvbf\archives\golang.org_x_sys@v0.0.0-20210809222454-d867a43fc93e.zip//golang.org/x/sys@v0.0.0-20210809222454-d867a43fc93e/unix/zsysnum_openbsd_386.go	ok
2026-09-27 14:59:34	C:\Users\lehie\AppData\Local\Temp\aiflow-security-modules-bnyayvbf\archives\golang.org_x_sys@v0.0.0-20210809222454-d867a43fc93e.zip//golang.org/x/sys@v0.0.0-20210809222454-d867a43fc93e/unix/zsysnum_openbsd_amd64.go	ok
2026-09-27 14:59:34	C:\Users\lehie\AppData\Local\Temp\aiflow-security-modules-bnyayvbf\archives\golang.org_x_sys@v0.47.0.zip//golang.org/x/sys@v0.47.0/unix/zerrors_linux_amd64.go	ok
2026-09-27 14:59:34	C:\Users\lehie\AppData\Local\Temp\aiflow-security-modules-bnyayvbf\archives\golang.org_x_sys@v0.0.0-20210809222454-d867a43fc93e.zip//golang.org/x/sys@v0.0.0-20210809222454-d867a43fc93e/unix/zsysnum_openbsd_arm.go	ok
2026-09-27 14:59:34	C:\Users\lehie\AppData\Local\Temp\aiflow-security-modules-bnyayvbf\archives\golang.org_x_sys@v0.47.0.zip//golang.org/x/sys@v0.47.0/unix/zerrors_linux_arm.go	ok
2026-09-27 14:59:34	C:\Users\lehie\AppData\Local\Temp\aiflow-security-modules-bnyayvbf\archives\golang.org_x_sys@v0.0.0-20210809222454-d867a43fc93e.zip//golang.org/x/sys@v0.0.0-20210809222454-d867a43fc93e/unix/zsysnum_openbsd_arm64.go	ok
2026-09-27 14:59:34	C:\Users\lehie\AppData\Local\Temp\aiflow-security-modules-bnyayvbf\archives\golang.org_x_sys@v0.47.0.zip//golang.org/x/sys@v0.47.0/unix/zerrors_linux_arm64.go	ok
2026-09-27 14:59:34	C:\Users\lehie\AppData\Local\Temp\aiflow-security-modules-bnyayvbf\archives\golang.org_x_sys@v0.0.0-20210809222454-d867a43fc93e.zip//golang.org/x/sys@v0.0.0-20210809222454-d867a43fc93e/unix/zsysnum_openbsd_mips64.go	ok
2026-09-27 14:59:34	C:\Users\lehie\AppData\Local\Temp\aiflow-security-modules-bnyayvbf\archives\golang.org_x_sys@v0.47.0.zip//golang.org/x/sys@v0.47.0/unix/zerrors_linux_loong64.go	ok
2026-09-27 14:59:34	C:\Users\lehie\AppData\Local\Temp\aiflow-security-modules-bnyayvbf\archives\golang.org_x_sys@v0.0.0-20210809222454-d867a43fc93e.zip//golang.org/x/sys@v0.0.0-20210809222454-d867a43fc93e/unix/zsysnum_zos_s390x.go	ok
2026-09-27 14:59:34	C:\Users\lehie\AppData\Local\Temp\aiflow-security-modules-bnyayvbf\archives\golang.org_x_sys@v0.47.0.zip//golang.org/x/sys@v0.47.0/unix/zerrors_linux_mips.go	ok
2026-09-27 14:59:34	C:\Users\lehie\AppData\Local\Temp\aiflow-security-modules-bnyayvbf\archives\golang.org_x_sys@v0.0.0-20210809222454-d867a43fc93e.zip//golang.org/x/sys@v0.0.0-20210809222454-d867a43fc93e/unix/ztypes_aix_ppc.go	ok
2026-09-27 14:59:34	C:\Users\lehie\AppData\Local\Temp\aiflow-security-modules-bnyayvbf\archives\golang.org_x_sys@v0.0.0-20210809222454-d867a43fc93e.zip//golang.org/x/sys@v0.0.0-20210809222454-d867a43fc93e/unix/ztypes_aix_ppc64.go	ok
2026-09-27 14:59:34	C:\Users\lehie\AppData\Local\Temp\aiflow-security-modules-bnyayvbf\archives\golang.org_x_sys@v0.47.0.zip//golang.org/x/sys@v0.47.0/unix/zerrors_linux_mips64.go	ok
2026-09-27 14:59:34	C:\Users\lehie\AppData\Local\Temp\aiflow-security-modules-bnyayvbf\archives\golang.org_x_sys@v0.0.0-20210809222454-d867a43fc93e.zip//golang.org/x/sys@v0.0.0-20210809222454-d867a43fc93e/unix/ztypes_darwin_amd64.go	ok
2026-09-27 14:59:34	C:\Users\lehie\AppData\Local\Temp\aiflow-security-modules-bnyayvbf\archives\golang.org_x_sys@v0.47.0.zip//golang.org/x/sys@v0.47.0/unix/zerrors_linux_mips64le.go	ok
2026-09-27 14:59:34	C:\Users\lehie\AppData\Local\Temp\aiflow-security-modules-bnyayvbf\archives\golang.org_x_sys@v0.0.0-20210809222454-d867a43fc93e.zip//golang.org/x/sys@v0.0.0-20210809222454-d867a43fc93e/unix/ztypes_darwin_arm64.go	ok
2026-09-27 14:59:34	C:\Users\lehie\AppData\Local\Temp\aiflow-security-modules-bnyayvbf\archives\golang.org_x_sys@v0.0.0-20210809222454-d867a43fc93e.zip//golang.org/x/sys@v0.0.0-20210809222454-d867a43fc93e/unix/ztypes_dragonfly_amd64.go	ok
2026-09-27 14:59:34	C:\Users\lehie\AppData\Local\Temp\aiflow-security-modules-bnyayvbf\archives\golang.org_x_sys@v0.47.0.zip//golang.org/x/sys@v0.47.0/unix/zerrors_linux_mipsle.go	ok
2026-09-27 14:59:34	C:\Users\lehie\AppData\Local\Temp\aiflow-security-modules-bnyayvbf\archives\golang.org_x_sys@v0.0.0-20210809222454-d867a43fc93e.zip//golang.org/x/sys@v0.0.0-20210809222454-d867a43fc93e/unix/ztypes_freebsd_386.go	ok
2026-09-27 14:59:34	C:\Users\lehie\AppData\Local\Temp\aiflow-security-modules-bnyayvbf\archives\golang.org_x_sys@v0.47.0.zip//golang.org/x/sys@v0.47.0/unix/zerrors_linux_ppc.go	ok
2026-09-27 14:59:34	C:\Users\lehie\AppData\Local\Temp\aiflow-security-modules-bnyayvbf\archives\golang.org_x_sys@v0.0.0-20210809222454-d867a43fc93e.zip//golang.org/x/sys@v0.0.0-20210809222454-d867a43fc93e/unix/ztypes_freebsd_amd64.go	ok
2026-09-27 14:59:34	C:\Users\lehie\AppData\Local\Temp\aiflow-security-modules-bnyayvbf\archives\golang.org_x_sys@v0.47.0.zip//golang.org/x/sys@v0.47.0/unix/zerrors_linux_ppc64.go	ok
2026-09-27 14:59:34	C:\Users\lehie\AppData\Local\Temp\aiflow-security-modules-bnyayvbf\archives\golang.org_x_sys@v0.0.0-20210809222454-d867a43fc93e.zip//golang.org/x/sys@v0.0.0-20210809222454-d867a43fc93e/unix/ztypes_freebsd_arm.go	ok
2026-09-27 14:59:34	C:\Users\lehie\AppData\Local\Temp\aiflow-security-modules-bnyayvbf\archives\golang.org_x_sys@v0.0.0-20210809222454-d867a43fc93e.zip//golang.org/x/sys@v0.0.0-20210809222454-d867a43fc93e/unix/ztypes_freebsd_arm64.go	ok
2026-09-27 14:59:34	C:\Users\lehie\AppData\Local\Temp\aiflow-security-modules-bnyayvbf\archives\golang.org_x_sys@v0.47.0.zip//golang.org/x/sys@v0.47.0/unix/zerrors_linux_ppc64le.go	ok
2026-09-27 14:59:34	C:\Users\lehie\AppData\Local\Temp\aiflow-security-modules-bnyayvbf\archives\golang.org_x_sys@v0.0.0-20210809222454-d867a43fc93e.zip//golang.org/x/sys@v0.0.0-20210809222454-d867a43fc93e/unix/ztypes_illumos_amd64.go	ok
2026-09-27 14:59:34	C:\Users\lehie\AppData\Local\Temp\aiflow-security-modules-bnyayvbf\archives\golang.org_x_sys@v0.47.0.zip//golang.org/x/sys@v0.47.0/unix/zerrors_linux_riscv64.go	ok
2026-09-27 14:59:34	C:\Users\lehie\AppData\Local\Temp\aiflow-security-modules-bnyayvbf\archives\golang.org_x_sys@v0.0.0-20210809222454-d867a43fc93e.zip//golang.org/x/sys@v0.0.0-20210809222454-d867a43fc93e/unix/ztypes_linux.go	ok
2026-09-27 14:59:34	C:\Users\lehie\AppData\Local\Temp\aiflow-security-modules-bnyayvbf\archives\golang.org_x_sys@v0.47.0.zip//golang.org/x/sys@v0.47.0/unix/zerrors_linux_s390x.go	ok
2026-09-27 14:59:34	C:\Users\lehie\AppData\Local\Temp\aiflow-security-modules-bnyayvbf\archives\golang.org_x_sys@v0.0.0-20210809222454-d867a43fc93e.zip//golang.org/x/sys@v0.0.0-20210809222454-d867a43fc93e/unix/ztypes_linux_386.go	ok
2026-09-27 14:59:34	C:\Users\lehie\AppData\Local\Temp\aiflow-security-modules-bnyayvbf\archives\golang.org_x_sys@v0.47.0.zip//golang.org/x/sys@v0.47.0/unix/zerrors_linux_sparc64.go	ok
2026-09-27 14:59:34	C:\Users\lehie\AppData\Local\Temp\aiflow-security-modules-bnyayvbf\archives\golang.org_x_sys@v0.0.0-20210809222454-d867a43fc93e.zip//golang.org/x/sys@v0.0.0-20210809222454-d867a43fc93e/unix/ztypes_linux_amd64.go	ok
2026-09-27 14:59:34	C:\Users\lehie\AppData\Local\Temp\aiflow-security-modules-bnyayvbf\archives\golang.org_x_sys@v0.0.0-20210809222454-d867a43fc93e.zip//golang.org/x/sys@v0.0.0-20210809222454-d867a43fc93e/unix/ztypes_linux_arm.go	ok
2026-09-27 14:59:34	C:\Users\lehie\AppData\Local\Temp\aiflow-security-modules-bnyayvbf\archives\golang.org_x_sys@v0.47.0.zip//golang.org/x/sys@v0.47.0/unix/zerrors_netbsd_386.go	ok
2026-09-27 14:59:34	C:\Users\lehie\AppData\Local\Temp\aiflow-security-modules-bnyayvbf\archives\golang.org_x_sys@v0.0.0-20210809222454-d867a43fc93e.zip//golang.org/x/sys@v0.0.0-20210809222454-d867a43fc93e/unix/ztypes_linux_arm64.go	ok
2026-09-27 14:59:34	C:\Users\lehie\AppData\Local\Temp\aiflow-security-modules-bnyayvbf\archives\golang.org_x_sys@v0.47.0.zip//golang.org/x/sys@v0.47.0/unix/zerrors_netbsd_amd64.go	ok
2026-09-27 14:59:34	C:\Users\lehie\AppData\Local\Temp\aiflow-security-modules-bnyayvbf\archives\golang.org_x_sys@v0.0.0-20210809222454-d867a43fc93e.zip//golang.org/x/sys@v0.0.0-20210809222454-d867a43fc93e/unix/ztypes_linux_mips.go	ok
2026-09-27 14:59:34	C:\Users\lehie\AppData\Local\Temp\aiflow-security-modules-bnyayvbf\archives\golang.org_x_sys@v0.0.0-20210809222454-d867a43fc93e.zip//golang.org/x/sys@v0.0.0-20210809222454-d867a43fc93e/unix/ztypes_linux_mips64.go	ok
2026-09-27 14:59:34	C:\Users\lehie\AppData\Local\Temp\aiflow-security-modules-bnyayvbf\archives\golang.org_x_sys@v0.47.0.zip//golang.org/x/sys@v0.47.0/unix/zerrors_netbsd_arm.go	ok
2026-09-27 14:59:34	C:\Users\lehie\AppData\Local\Temp\aiflow-security-modules-bnyayvbf\archives\golang.org_x_sys@v0.0.0-20210809222454-d867a43fc93e.zip//golang.org/x/sys@v0.0.0-20210809222454-d867a43fc93e/unix/ztypes_linux_mips64le.go	ok
2026-09-27 14:59:34	C:\Users\lehie\AppData\Local\Temp\aiflow-security-modules-bnyayvbf\archives\golang.org_x_sys@v0.47.0.zip//golang.org/x/sys@v0.47.0/unix/zerrors_netbsd_arm64.go	ok
2026-09-27 14:59:34	C:\Users\lehie\AppData\Local\Temp\aiflow-security-modules-bnyayvbf\archives\golang.org_x_sys@v0.0.0-20210809222454-d867a43fc93e.zip//golang.org/x/sys@v0.0.0-20210809222454-d867a43fc93e/unix/ztypes_linux_mipsle.go	ok
2026-09-27 14:59:34	C:\Users\lehie\AppData\Local\Temp\aiflow-security-modules-bnyayvbf\archives\golang.org_x_sys@v0.0.0-20210809222454-d867a43fc93e.zip//golang.org/x/sys@v0.0.0-20210809222454-d867a43fc93e/unix/ztypes_linux_ppc.go	ok
2026-09-27 14:59:34	C:\Users\lehie\AppData\Local\Temp\aiflow-security-modules-bnyayvbf\archives\golang.org_x_sys@v0.47.0.zip//golang.org/x/sys@v0.47.0/unix/zerrors_openbsd_386.go	ok
2026-09-27 14:59:34	C:\Users\lehie\AppData\Local\Temp\aiflow-security-modules-bnyayvbf\archives\golang.org_x_sys@v0.0.0-20210809222454-d867a43fc93e.zip//golang.org/x/sys@v0.0.0-20210809222454-d867a43fc93e/unix/ztypes_linux_ppc64.go	ok
2026-09-27 14:59:34	C:\Users\lehie\AppData\Local\Temp\aiflow-security-modules-bnyayvbf\archives\golang.org_x_sys@v0.0.0-20210809222454-d867a43fc93e.zip//golang.org/x/sys@v0.0.0-20210809222454-d867a43fc93e/unix/ztypes_linux_ppc64le.go	ok
2026-09-27 14:59:34	C:\Users\lehie\AppData\Local\Temp\aiflow-security-modules-bnyayvbf\archives\golang.org_x_sys@v0.47.0.zip//golang.org/x/sys@v0.47.0/unix/zerrors_openbsd_amd64.go	ok
2026-09-27 14:59:34	C:\Users\lehie\AppData\Local\Temp\aiflow-security-modules-bnyayvbf\archives\golang.org_x_sys@v0.0.0-20210809222454-d867a43fc93e.zip//golang.org/x/sys@v0.0.0-20210809222454-d867a43fc93e/unix/ztypes_linux_riscv64.go	ok
2026-09-27 14:59:34	C:\Users\lehie\AppData\Local\Temp\aiflow-security-modules-bnyayvbf\archives\golang.org_x_sys@v0.47.0.zip//golang.org/x/sys@v0.47.0/unix/zerrors_openbsd_arm.go	ok
2026-09-27 14:59:34	C:\Users\lehie\AppData\Local\Temp\aiflow-security-modules-bnyayvbf\archives\golang.org_x_sys@v0.0.0-20210809222454-d867a43fc93e.zip//golang.org/x/sys@v0.0.0-20210809222454-d867a43fc93e/unix/ztypes_linux_s390x.go	ok
2026-09-27 14:59:34	C:\Users\lehie\AppData\Local\Temp\aiflow-security-modules-bnyayvbf\archives\golang.org_x_sys@v0.0.0-20210809222454-d867a43fc93e.zip//golang.org/x/sys@v0.0.0-20210809222454-d867a43fc93e/unix/ztypes_linux_sparc64.go	ok
2026-09-27 14:59:34	C:\Users\lehie\AppData\Local\Temp\aiflow-security-modules-bnyayvbf\archives\golang.org_x_sys@v0.47.0.zip//golang.org/x/sys@v0.47.0/unix/zerrors_openbsd_arm64.go	ok
2026-09-27 14:59:34	C:\Users\lehie\AppData\Local\Temp\aiflow-security-modules-bnyayvbf\archives\golang.org_x_sys@v0.0.0-20210809222454-d867a43fc93e.zip//golang.org/x/sys@v0.0.0-20210809222454-d867a43fc93e/unix/ztypes_netbsd_386.go	ok
2026-09-27 14:59:34	C:\Users\lehie\AppData\Local\Temp\aiflow-security-modules-bnyayvbf\archives\golang.org_x_sys@v0.0.0-20210809222454-d867a43fc93e.zip//golang.org/x/sys@v0.0.0-20210809222454-d867a43fc93e/unix/ztypes_netbsd_amd64.go	ok
2026-09-27 14:59:34	C:\Users\lehie\AppData\Local\Temp\aiflow-security-modules-bnyayvbf\archives\golang.org_x_sys@v0.47.0.zip//golang.org/x/sys@v0.47.0/unix/zerrors_openbsd_mips64.go	ok
2026-09-27 14:59:34	C:\Users\lehie\AppData\Local\Temp\aiflow-security-modules-bnyayvbf\archives\golang.org_x_sys@v0.0.0-20210809222454-d867a43fc93e.zip//golang.org/x/sys@v0.0.0-20210809222454-d867a43fc93e/unix/ztypes_netbsd_arm.go	ok
2026-09-27 14:59:34	C:\Users\lehie\AppData\Local\Temp\aiflow-security-modules-bnyayvbf\archives\golang.org_x_sys@v0.0.0-20210809222454-d867a43fc93e.zip//golang.org/x/sys@v0.0.0-20210809222454-d867a43fc93e/unix/ztypes_netbsd_arm64.go	ok
2026-09-27 14:59:34	C:\Users\lehie\AppData\Local\Temp\aiflow-security-modules-bnyayvbf\archives\golang.org_x_sys@v0.47.0.zip//golang.org/x/sys@v0.47.0/unix/zerrors_openbsd_ppc64.go	ok
2026-09-27 14:59:34	C:\Users\lehie\AppData\Local\Temp\aiflow-security-modules-bnyayvbf\archives\golang.org_x_sys@v0.0.0-20210809222454-d867a43fc93e.zip//golang.org/x/sys@v0.0.0-20210809222454-d867a43fc93e/unix/ztypes_openbsd_386.go	ok
2026-09-27 14:59:34	C:\Users\lehie\AppData\Local\Temp\aiflow-security-modules-bnyayvbf\archives\golang.org_x_sys@v0.47.0.zip//golang.org/x/sys@v0.47.0/unix/zerrors_openbsd_riscv64.go	ok
2026-09-27 14:59:34	C:\Users\lehie\AppData\Local\Temp\aiflow-security-modules-bnyayvbf\archives\golang.org_x_sys@v0.0.0-20210809222454-d867a43fc93e.zip//golang.org/x/sys@v0.0.0-20210809222454-d867a43fc93e/unix/ztypes_openbsd_amd64.go	ok
2026-09-27 14:59:34	C:\Users\lehie\AppData\Local\Temp\aiflow-security-modules-bnyayvbf\archives\golang.org_x_sys@v0.0.0-20210809222454-d867a43fc93e.zip//golang.org/x/sys@v0.0.0-20210809222454-d867a43fc93e/unix/ztypes_openbsd_arm.go	ok
2026-09-27 14:59:34	C:\Users\lehie\AppData\Local\Temp\aiflow-security-modules-bnyayvbf\archives\golang.org_x_sys@v0.47.0.zip//golang.org/x/sys@v0.47.0/unix/zerrors_solaris_amd64.go	ok
2026-09-27 14:59:34	C:\Users\lehie\AppData\Local\Temp\aiflow-security-modules-bnyayvbf\archives\golang.org_x_sys@v0.0.0-20210809222454-d867a43fc93e.zip//golang.org/x/sys@v0.0.0-20210809222454-d867a43fc93e/unix/ztypes_openbsd_arm64.go	ok
2026-09-27 14:59:34	C:\Users\lehie\AppData\Local\Temp\aiflow-security-modules-bnyayvbf\archives\golang.org_x_sys@v0.0.0-20210809222454-d867a43fc93e.zip//golang.org/x/sys@v0.0.0-20210809222454-d867a43fc93e/unix/ztypes_openbsd_mips64.go	ok
2026-09-27 14:59:34	C:\Users\lehie\AppData\Local\Temp\aiflow-security-modules-bnyayvbf\archives\golang.org_x_sys@v0.47.0.zip//golang.org/x/sys@v0.47.0/unix/zerrors_zos_s390x.go	ok
2026-09-27 14:59:34	C:\Users\lehie\AppData\Local\Temp\aiflow-security-modules-bnyayvbf\archives\golang.org_x_sys@v0.47.0.zip//golang.org/x/sys@v0.47.0/unix/zptrace_armnn_linux.go	ok
2026-09-27 14:59:34	C:\Users\lehie\AppData\Local\Temp\aiflow-security-modules-bnyayvbf\archives\golang.org_x_sys@v0.0.0-20210809222454-d867a43fc93e.zip//golang.org/x/sys@v0.0.0-20210809222454-d867a43fc93e/unix/ztypes_solaris_amd64.go	ok
2026-09-27 14:59:34	C:\Users\lehie\AppData\Local\Temp\aiflow-security-modules-bnyayvbf\archives\golang.org_x_sys@v0.47.0.zip//golang.org/x/sys@v0.47.0/unix/zptrace_linux_arm64.go	ok
2026-09-27 14:59:34	C:\Users\lehie\AppData\Local\Temp\aiflow-security-modules-bnyayvbf\archives\golang.org_x_sys@v0.0.0-20210809222454-d867a43fc93e.zip//golang.org/x/sys@v0.0.0-20210809222454-d867a43fc93e/unix/ztypes_zos_s390x.go	ok
2026-09-27 14:59:34	C:\Users\lehie\AppData\Local\Temp\aiflow-security-modules-bnyayvbf\archives\golang.org_x_sys@v0.47.0.zip//golang.org/x/sys@v0.47.0/unix/zptrace_mipsnn_linux.go	ok
2026-09-27 14:59:34	C:\Users\lehie\AppData\Local\Temp\aiflow-security-modules-bnyayvbf\archives\golang.org_x_sys@v0.0.0-20210809222454-d867a43fc93e.zip//golang.org/x/sys@v0.0.0-20210809222454-d867a43fc93e/windows/aliases.go	ok
2026-09-27 14:59:34	C:\Users\lehie\AppData\Local\Temp\aiflow-security-modules-bnyayvbf\archives\golang.org_x_sys@v0.47.0.zip//golang.org/x/sys@v0.47.0/unix/zptrace_mipsnnle_linux.go	ok
2026-09-27 14:59:34	C:\Users\lehie\AppData\Local\Temp\aiflow-security-modules-bnyayvbf\archives\golang.org_x_sys@v0.47.0.zip//golang.org/x/sys@v0.47.0/unix/zptrace_x86_linux.go	ok
2026-09-27 14:59:34	C:\Users\lehie\AppData\Local\Temp\aiflow-security-modules-bnyayvbf\archives\golang.org_x_sys@v0.0.0-20210809222454-d867a43fc93e.zip//golang.org/x/sys@v0.0.0-20210809222454-d867a43fc93e/windows/dll_windows.go	ok
2026-09-27 14:59:34	C:\Users\lehie\AppData\Local\Temp\aiflow-security-modules-bnyayvbf\archives\golang.org_x_sys@v0.47.0.zip//golang.org/x/sys@v0.47.0/unix/zsymaddr_zos_s390x.s	ok
2026-09-27 14:59:34	C:\Users\lehie\AppData\Local\Temp\aiflow-security-modules-bnyayvbf\archives\golang.org_x_sys@v0.0.0-20210809222454-d867a43fc93e.zip//golang.org/x/sys@v0.0.0-20210809222454-d867a43fc93e/windows/empty.s	ok
2026-09-27 14:59:34	C:\Users\lehie\AppData\Local\Temp\aiflow-security-modules-bnyayvbf\archives\golang.org_x_sys@v0.0.0-20210809222454-d867a43fc93e.zip//golang.org/x/sys@v0.0.0-20210809222454-d867a43fc93e/windows/env_windows.go	ok
2026-09-27 14:59:34	C:\Users\lehie\AppData\Local\Temp\aiflow-security-modules-bnyayvbf\archives\golang.org_x_sys@v0.47.0.zip//golang.org/x/sys@v0.47.0/unix/zsyscall_aix_ppc.go	ok
2026-09-27 14:59:34	C:\Users\lehie\AppData\Local\Temp\aiflow-security-modules-bnyayvbf\archives\golang.org_x_sys@v0.0.0-20210809222454-d867a43fc93e.zip//golang.org/x/sys@v0.0.0-20210809222454-d867a43fc93e/windows/eventlog.go	ok
2026-09-27 14:59:34	C:\Users\lehie\AppData\Local\Temp\aiflow-security-modules-bnyayvbf\archives\golang.org_x_sys@v0.0.0-20210809222454-d867a43fc93e.zip//golang.org/x/sys@v0.0.0-20210809222454-d867a43fc93e/windows/exec_windows.go	ok
2026-09-27 14:59:34	C:\Users\lehie\AppData\Local\Temp\aiflow-security-modules-bnyayvbf\archives\golang.org_x_sys@v0.47.0.zip//golang.org/x/sys@v0.47.0/unix/zsyscall_aix_ppc64.go	ok
2026-09-27 14:59:34	C:\Users\lehie\AppData\Local\Temp\aiflow-security-modules-bnyayvbf\archives\golang.org_x_sys@v0.0.0-20210809222454-d867a43fc93e.zip//golang.org/x/sys@v0.0.0-20210809222454-d867a43fc93e/windows/memory_windows.go	ok
2026-09-27 14:59:34	C:\Users\lehie\AppData\Local\Temp\aiflow-security-modules-bnyayvbf\archives\golang.org_x_sys@v0.47.0.zip//golang.org/x/sys@v0.47.0/unix/zsyscall_aix_ppc64_gc.go	ok
2026-09-27 14:59:34	C:\Users\lehie\AppData\Local\Temp\aiflow-security-modules-bnyayvbf\archives\golang.org_x_sys@v0.0.0-20210809222454-d867a43fc93e.zip//golang.org/x/sys@v0.0.0-20210809222454-d867a43fc93e/windows/mkerrors.bash	ok
2026-09-27 14:59:34	C:\Users\lehie\AppData\Local\Temp\aiflow-security-modules-bnyayvbf\archives\golang.org_x_sys@v0.0.0-20210809222454-d867a43fc93e.zip//golang.org/x/sys@v0.0.0-20210809222454-d867a43fc93e/windows/mkknownfolderids.bash	ok
2026-09-27 14:59:34	C:\Users\lehie\AppData\Local\Temp\aiflow-security-modules-bnyayvbf\archives\golang.org_x_sys@v0.47.0.zip//golang.org/x/sys@v0.47.0/unix/zsyscall_aix_ppc64_gccgo.go	ok
2026-09-27 14:59:34	C:\Users\lehie\AppData\Local\Temp\aiflow-security-modules-bnyayvbf\archives\golang.org_x_sys@v0.0.0-20210809222454-d867a43fc93e.zip//golang.org/x/sys@v0.0.0-20210809222454-d867a43fc93e/windows/mksyscall.go	ok
2026-09-27 14:59:34	C:\Users\lehie\AppData\Local\Temp\aiflow-security-modules-bnyayvbf\archives\golang.org_x_sys@v0.47.0.zip//golang.org/x/sys@v0.47.0/unix/zsyscall_darwin_amd64.go	ok
2026-09-27 14:59:34	C:\Users\lehie\AppData\Local\Temp\aiflow-security-modules-bnyayvbf\archives\golang.org_x_sys@v0.0.0-20210809222454-d867a43fc93e.zip//golang.org/x/sys@v0.0.0-20210809222454-d867a43fc93e/windows/mkwinsyscall/mkwinsyscall.go	ok
2026-09-27 14:59:34	C:\Users\lehie\AppData\Local\Temp\aiflow-security-modules-bnyayvbf\archives\golang.org_x_sys@v0.0.0-20210809222454-d867a43fc93e.zip//golang.org/x/sys@v0.0.0-20210809222454-d867a43fc93e/windows/race.go	ok
2026-09-27 14:59:34	C:\Users\lehie\AppData\Local\Temp\aiflow-security-modules-bnyayvbf\archives\golang.org_x_sys@v0.47.0.zip//golang.org/x/sys@v0.47.0/unix/zsyscall_darwin_amd64.s	ok
2026-09-27 14:59:34	C:\Users\lehie\AppData\Local\Temp\aiflow-security-modules-bnyayvbf\archives\golang.org_x_sys@v0.0.0-20210809222454-d867a43fc93e.zip//golang.org/x/sys@v0.0.0-20210809222454-d867a43fc93e/windows/race0.go	ok
2026-09-27 14:59:34	C:\Users\lehie\AppData\Local\Temp\aiflow-security-modules-bnyayvbf\archives\golang.org_x_sys@v0.0.0-20210809222454-d867a43fc93e.zip//golang.org/x/sys@v0.0.0-20210809222454-d867a43fc93e/windows/registry/export_test.go	ok
2026-09-27 14:59:34	C:\Users\lehie\AppData\Local\Temp\aiflow-security-modules-bnyayvbf\archives\golang.org_x_sys@v0.0.0-20210809222454-d867a43fc93e.zip//golang.org/x/sys@v0.0.0-20210809222454-d867a43fc93e/windows/registry/key.go	ok
2026-09-27 14:59:34	C:\Users\lehie\AppData\Local\Temp\aiflow-security-modules-bnyayvbf\archives\golang.org_x_sys@v0.47.0.zip//golang.org/x/sys@v0.47.0/unix/zsyscall_darwin_arm64.go	ok
2026-09-27 14:59:34	C:\Users\lehie\AppData\Local\Temp\aiflow-security-modules-bnyayvbf\archives\golang.org_x_sys@v0.0.0-20210809222454-d867a43fc93e.zip//golang.org/x/sys@v0.0.0-20210809222454-d867a43fc93e/windows/registry/mksyscall.go	ok
2026-09-27 14:59:34	C:\Users\lehie\AppData\Local\Temp\aiflow-security-modules-bnyayvbf\archives\golang.org_x_sys@v0.47.0.zip//golang.org/x/sys@v0.47.0/unix/zsyscall_darwin_arm64.s	ok
2026-09-27 14:59:34	C:\Users\lehie\AppData\Local\Temp\aiflow-security-modules-bnyayvbf\archives\golang.org_x_sys@v0.0.0-20210809222454-d867a43fc93e.zip//golang.org/x/sys@v0.0.0-20210809222454-d867a43fc93e/windows/registry/registry_test.go	ok
2026-09-27 14:59:34	C:\Users\lehie\AppData\Local\Temp\aiflow-security-modules-bnyayvbf\archives\golang.org_x_sys@v0.47.0.zip//golang.org/x/sys@v0.47.0/unix/zsyscall_dragonfly_amd64.go	ok
2026-09-27 14:59:34	C:\Users\lehie\AppData\Local\Temp\aiflow-security-modules-bnyayvbf\archives\golang.org_x_sys@v0.0.0-20210809222454-d867a43fc93e.zip//golang.org/x/sys@v0.0.0-20210809222454-d867a43fc93e/windows/registry/syscall.go	ok
2026-09-27 14:59:34	C:\Users\lehie\AppData\Local\Temp\aiflow-security-modules-bnyayvbf\archives\golang.org_x_sys@v0.47.0.zip//golang.org/x/sys@v0.47.0/unix/zsyscall_freebsd_386.go	ok
2026-09-27 14:59:34	C:\Users\lehie\AppData\Local\Temp\aiflow-security-modules-bnyayvbf\archives\golang.org_x_sys@v0.0.0-20210809222454-d867a43fc93e.zip//golang.org/x/sys@v0.0.0-20210809222454-d867a43fc93e/windows/registry/value.go	ok
2026-09-27 14:59:34	C:\Users\lehie\AppData\Local\Temp\aiflow-security-modules-bnyayvbf\archives\golang.org_x_sys@v0.0.0-20210809222454-d867a43fc93e.zip//golang.org/x/sys@v0.0.0-20210809222454-d867a43fc93e/windows/registry/zsyscall_windows.go	ok
2026-09-27 14:59:34	C:\Users\lehie\AppData\Local\Temp\aiflow-security-modules-bnyayvbf\archives\golang.org_x_sys@v0.47.0.zip//golang.org/x/sys@v0.47.0/unix/zsyscall_freebsd_amd64.go	ok
2026-09-27 14:59:34	C:\Users\lehie\AppData\Local\Temp\aiflow-security-modules-bnyayvbf\archives\golang.org_x_sys@v0.47.0.zip//golang.org/x/sys@v0.47.0/unix/zsyscall_freebsd_arm.go	ok
2026-09-27 14:59:34	C:\Users\lehie\AppData\Local\Temp\aiflow-security-modules-bnyayvbf\archives\golang.org_x_sys@v0.0.0-20210809222454-d867a43fc93e.zip//golang.org/x/sys@v0.0.0-20210809222454-d867a43fc93e/windows/security_windows.go	ok
2026-09-27 14:59:34	C:\Users\lehie\AppData\Local\Temp\aiflow-security-modules-bnyayvbf\archives\golang.org_x_sys@v0.0.0-20210809222454-d867a43fc93e.zip//golang.org/x/sys@v0.0.0-20210809222454-d867a43fc93e/windows/service.go	ok
2026-09-27 14:59:34	C:\Users\lehie\AppData\Local\Temp\aiflow-security-modules-bnyayvbf\archives\golang.org_x_sys@v0.47.0.zip//golang.org/x/sys@v0.47.0/unix/zsyscall_freebsd_arm64.go	ok
2026-09-27 14:59:34	C:\Users\lehie\AppData\Local\Temp\aiflow-security-modules-bnyayvbf\archives\golang.org_x_sys@v0.0.0-20210809222454-d867a43fc93e.zip//golang.org/x/sys@v0.0.0-20210809222454-d867a43fc93e/windows/setupapierrors_windows.go	ok
2026-09-27 14:59:34	C:\Users\lehie\AppData\Local\Temp\aiflow-security-modules-bnyayvbf\archives\golang.org_x_sys@v0.0.0-20210809222454-d867a43fc93e.zip//golang.org/x/sys@v0.0.0-20210809222454-d867a43fc93e/windows/str.go	ok
2026-09-27 14:59:34	C:\Users\lehie\AppData\Local\Temp\aiflow-security-modules-bnyayvbf\archives\golang.org_x_sys@v0.47.0.zip//golang.org/x/sys@v0.47.0/unix/zsyscall_freebsd_riscv64.go	ok
2026-09-27 14:59:34	C:\Users\lehie\AppData\Local\Temp\aiflow-security-modules-bnyayvbf\archives\golang.org_x_sys@v0.0.0-20210809222454-d867a43fc93e.zip//golang.org/x/sys@v0.0.0-20210809222454-d867a43fc93e/windows/svc/debug/log.go	ok
2026-09-27 14:59:34	C:\Users\lehie\AppData\Local\Temp\aiflow-security-modules-bnyayvbf\archives\golang.org_x_sys@v0.47.0.zip//golang.org/x/sys@v0.47.0/unix/zsyscall_illumos_amd64.go	ok
2026-09-27 14:59:34	C:\Users\lehie\AppData\Local\Temp\aiflow-security-modules-bnyayvbf\archives\golang.org_x_sys@v0.0.0-20210809222454-d867a43fc93e.zip//golang.org/x/sys@v0.0.0-20210809222454-d867a43fc93e/windows/svc/debug/service.go	ok
2026-09-27 14:59:34	C:\Users\lehie\AppData\Local\Temp\aiflow-security-modules-bnyayvbf\archives\golang.org_x_sys@v0.0.0-20210809222454-d867a43fc93e.zip//golang.org/x/sys@v0.0.0-20210809222454-d867a43fc93e/windows/svc/event.go	ok
2026-09-27 14:59:34	C:\Users\lehie\AppData\Local\Temp\aiflow-security-modules-bnyayvbf\archives\golang.org_x_sys@v0.47.0.zip//golang.org/x/sys@v0.47.0/unix/zsyscall_linux.go	ok
2026-09-27 14:59:34	C:\Users\lehie\AppData\Local\Temp\aiflow-security-modules-bnyayvbf\archives\golang.org_x_sys@v0.0.0-20210809222454-d867a43fc93e.zip//golang.org/x/sys@v0.0.0-20210809222454-d867a43fc93e/windows/svc/eventlog/install.go	ok
2026-09-27 14:59:34	C:\Users\lehie\AppData\Local\Temp\aiflow-security-modules-bnyayvbf\archives\golang.org_x_sys@v0.47.0.zip//golang.org/x/sys@v0.47.0/unix/zsyscall_linux_386.go	ok
2026-09-27 14:59:34	C:\Users\lehie\AppData\Local\Temp\aiflow-security-modules-bnyayvbf\archives\golang.org_x_sys@v0.0.0-20210809222454-d867a43fc93e.zip//golang.org/x/sys@v0.0.0-20210809222454-d867a43fc93e/windows/svc/eventlog/log.go	ok
2026-09-27 14:59:34	C:\Users\lehie\AppData\Local\Temp\aiflow-security-modules-bnyayvbf\archives\golang.org_x_sys@v0.47.0.zip//golang.org/x/sys@v0.47.0/unix/zsyscall_linux_amd64.go	ok
2026-09-27 14:59:34	C:\Users\lehie\AppData\Local\Temp\aiflow-security-modules-bnyayvbf\archives\golang.org_x_sys@v0.0.0-20210809222454-d867a43fc93e.zip//golang.org/x/sys@v0.0.0-20210809222454-d867a43fc93e/windows/svc/eventlog/log_test.go	ok
2026-09-27 14:59:34	C:\Users\lehie\AppData\Local\Temp\aiflow-security-modules-bnyayvbf\archives\golang.org_x_sys@v0.0.0-20210809222454-d867a43fc93e.zip//golang.org/x/sys@v0.0.0-20210809222454-d867a43fc93e/windows/svc/example/beep.go	ok
2026-09-27 14:59:34	C:\Users\lehie\AppData\Local\Temp\aiflow-security-modules-bnyayvbf\archives\golang.org_x_sys@v0.47.0.zip//golang.org/x/sys@v0.47.0/unix/zsyscall_linux_arm.go	ok
2026-09-27 14:59:34	C:\Users\lehie\AppData\Local\Temp\aiflow-security-modules-bnyayvbf\archives\golang.org_x_sys@v0.0.0-20210809222454-d867a43fc93e.zip//golang.org/x/sys@v0.0.0-20210809222454-d867a43fc93e/windows/svc/example/install.go	ok
2026-09-27 14:59:34	C:\Users\lehie\AppData\Local\Temp\aiflow-security-modules-bnyayvbf\archives\golang.org_x_sys@v0.47.0.zip//golang.org/x/sys@v0.47.0/unix/zsyscall_linux_arm64.go	ok
2026-09-27 14:59:34	C:\Users\lehie\AppData\Local\Temp\aiflow-security-modules-bnyayvbf\archives\golang.org_x_sys@v0.0.0-20210809222454-d867a43fc93e.zip//golang.org/x/sys@v0.0.0-20210809222454-d867a43fc93e/windows/svc/example/main.go	ok
2026-09-27 14:59:34	C:\Users\lehie\AppData\Local\Temp\aiflow-security-modules-bnyayvbf\archives\golang.org_x_sys@v0.47.0.zip//golang.org/x/sys@v0.47.0/unix/zsyscall_linux_loong64.go	ok
2026-09-27 14:59:34	C:\Users\lehie\AppData\Local\Temp\aiflow-security-modules-bnyayvbf\archives\golang.org_x_sys@v0.0.0-20210809222454-d867a43fc93e.zip//golang.org/x/sys@v0.0.0-20210809222454-d867a43fc93e/windows/svc/example/manage.go	ok
2026-09-27 14:59:34	C:\Users\lehie\AppData\Local\Temp\aiflow-security-modules-bnyayvbf\archives\golang.org_x_sys@v0.47.0.zip//golang.org/x/sys@v0.47.0/unix/zsyscall_linux_mips.go	ok
2026-09-27 14:59:34	C:\Users\lehie\AppData\Local\Temp\aiflow-security-modules-bnyayvbf\archives\golang.org_x_sys@v0.0.0-20210809222454-d867a43fc93e.zip//golang.org/x/sys@v0.0.0-20210809222454-d867a43fc93e/windows/svc/example/service.go	ok
2026-09-27 14:59:34	C:\Users\lehie\AppData\Local\Temp\aiflow-security-modules-bnyayvbf\archives\golang.org_x_sys@v0.47.0.zip//golang.org/x/sys@v0.47.0/unix/zsyscall_linux_mips64.go	ok
2026-09-27 14:59:34	C:\Users\lehie\AppData\Local\Temp\aiflow-security-modules-bnyayvbf\archives\golang.org_x_sys@v0.0.0-20210809222454-d867a43fc93e.zip//golang.org/x/sys@v0.0.0-20210809222454-d867a43fc93e/windows/svc/go12.c	ok
2026-09-27 14:59:34	C:\Users\lehie\AppData\Local\Temp\aiflow-security-modules-bnyayvbf\archives\golang.org_x_sys@v0.0.0-20210809222454-d867a43fc93e.zip//golang.org/x/sys@v0.0.0-20210809222454-d867a43fc93e/windows/svc/go12.go	ok
2026-09-27 14:59:34	C:\Users\lehie\AppData\Local\Temp\aiflow-security-modules-bnyayvbf\archives\golang.org_x_sys@v0.47.0.zip//golang.org/x/sys@v0.47.0/unix/zsyscall_linux_mips64le.go	ok
2026-09-27 14:59:34	C:\Users\lehie\AppData\Local\Temp\aiflow-security-modules-bnyayvbf\archives\golang.org_x_sys@v0.0.0-20210809222454-d867a43fc93e.zip//golang.org/x/sys@v0.0.0-20210809222454-d867a43fc93e/windows/svc/go13.go	ok
2026-09-27 14:59:34	C:\Users\lehie\AppData\Local\Temp\aiflow-security-modules-bnyayvbf\archives\golang.org_x_sys@v0.47.0.zip//golang.org/x/sys@v0.47.0/unix/zsyscall_linux_mipsle.go	ok
2026-09-27 14:59:34	C:\Users\lehie\AppData\Local\Temp\aiflow-security-modules-bnyayvbf\archives\golang.org_x_sys@v0.0.0-20210809222454-d867a43fc93e.zip//golang.org/x/sys@v0.0.0-20210809222454-d867a43fc93e/windows/svc/mgr/config.go	ok
2026-09-27 14:59:34	C:\Users\lehie\AppData\Local\Temp\aiflow-security-modules-bnyayvbf\archives\golang.org_x_sys@v0.47.0.zip//golang.org/x/sys@v0.47.0/unix/zsyscall_linux_ppc.go	ok
2026-09-27 14:59:34	C:\Users\lehie\AppData\Local\Temp\aiflow-security-modules-bnyayvbf\archives\golang.org_x_sys@v0.0.0-20210809222454-d867a43fc93e.zip//golang.org/x/sys@v0.0.0-20210809222454-d867a43fc93e/windows/svc/mgr/mgr.go	ok
2026-09-27 14:59:34	C:\Users\lehie\AppData\Local\Temp\aiflow-security-modules-bnyayvbf\archives\golang.org_x_sys@v0.47.0.zip//golang.org/x/sys@v0.47.0/unix/zsyscall_linux_ppc64.go	ok
2026-09-27 14:59:34	C:\Users\lehie\AppData\Local\Temp\aiflow-security-modules-bnyayvbf\archives\golang.org_x_sys@v0.0.0-20210809222454-d867a43fc93e.zip//golang.org/x/sys@v0.0.0-20210809222454-d867a43fc93e/windows/svc/mgr/mgr_test.go	ok
2026-09-27 14:59:34	C:\Users\lehie\AppData\Local\Temp\aiflow-security-modules-bnyayvbf\archives\golang.org_x_sys@v0.47.0.zip//golang.org/x/sys@v0.47.0/unix/zsyscall_linux_ppc64le.go	ok
2026-09-27 14:59:34	C:\Users\lehie\AppData\Local\Temp\aiflow-security-modules-bnyayvbf\archives\golang.org_x_sys@v0.0.0-20210809222454-d867a43fc93e.zip//golang.org/x/sys@v0.0.0-20210809222454-d867a43fc93e/windows/svc/mgr/recovery.go	ok
2026-09-27 14:59:34	C:\Users\lehie\AppData\Local\Temp\aiflow-security-modules-bnyayvbf\archives\golang.org_x_sys@v0.47.0.zip//golang.org/x/sys@v0.47.0/unix/zsyscall_linux_riscv64.go	ok
2026-09-27 14:59:34	C:\Users\lehie\AppData\Local\Temp\aiflow-security-modules-bnyayvbf\archives\golang.org_x_sys@v0.0.0-20210809222454-d867a43fc93e.zip//golang.org/x/sys@v0.0.0-20210809222454-d867a43fc93e/windows/svc/mgr/service.go	ok
2026-09-27 14:59:34	C:\Users\lehie\AppData\Local\Temp\aiflow-security-modules-bnyayvbf\archives\golang.org_x_sys@v0.0.0-20210809222454-d867a43fc93e.zip//golang.org/x/sys@v0.0.0-20210809222454-d867a43fc93e/windows/svc/security.go	ok
2026-09-27 14:59:34	C:\Users\lehie\AppData\Local\Temp\aiflow-security-modules-bnyayvbf\archives\golang.org_x_sys@v0.47.0.zip//golang.org/x/sys@v0.47.0/unix/zsyscall_linux_s390x.go	ok
2026-09-27 14:59:34	C:\Users\lehie\AppData\Local\Temp\aiflow-security-modules-bnyayvbf\archives\golang.org_x_sys@v0.47.0.zip//golang.org/x/sys@v0.47.0/unix/zsyscall_linux_sparc64.go	ok
2026-09-27 14:59:34	C:\Users\lehie\AppData\Local\Temp\aiflow-security-modules-bnyayvbf\archives\golang.org_x_sys@v0.0.0-20210809222454-d867a43fc93e.zip//golang.org/x/sys@v0.0.0-20210809222454-d867a43fc93e/windows/svc/service.go	ok
2026-09-27 14:59:34	C:\Users\lehie\AppData\Local\Temp\aiflow-security-modules-bnyayvbf\archives\golang.org_x_sys@v0.0.0-20210809222454-d867a43fc93e.zip//golang.org/x/sys@v0.0.0-20210809222454-d867a43fc93e/windows/svc/svc_test.go	ok
2026-09-27 14:59:34	C:\Users\lehie\AppData\Local\Temp\aiflow-security-modules-bnyayvbf\archives\golang.org_x_sys@v0.47.0.zip//golang.org/x/sys@v0.47.0/unix/zsyscall_netbsd_386.go	ok
2026-09-27 14:59:34	C:\Users\lehie\AppData\Local\Temp\aiflow-security-modules-bnyayvbf\archives\golang.org_x_sys@v0.0.0-20210809222454-d867a43fc93e.zip//golang.org/x/sys@v0.0.0-20210809222454-d867a43fc93e/windows/svc/sys_windows_386.s	ok
2026-09-27 14:59:34	C:\Users\lehie\AppData\Local\Temp\aiflow-security-modules-bnyayvbf\archives\golang.org_x_sys@v0.0.0-20210809222454-d867a43fc93e.zip//golang.org/x/sys@v0.0.0-20210809222454-d867a43fc93e/windows/svc/sys_windows_amd64.s	ok
2026-09-27 14:59:34	C:\Users\lehie\AppData\Local\Temp\aiflow-security-modules-bnyayvbf\archives\golang.org_x_sys@v0.47.0.zip//golang.org/x/sys@v0.47.0/unix/zsyscall_netbsd_amd64.go	ok
2026-09-27 14:59:34	C:\Users\lehie\AppData\Local\Temp\aiflow-security-modules-bnyayvbf\archives\golang.org_x_sys@v0.0.0-20210809222454-d867a43fc93e.zip//golang.org/x/sys@v0.0.0-20210809222454-d867a43fc93e/windows/svc/sys_windows_arm.s	ok
2026-09-27 14:59:34	C:\Users\lehie\AppData\Local\Temp\aiflow-security-modules-bnyayvbf\archives\golang.org_x_sys@v0.0.0-20210809222454-d867a43fc93e.zip//golang.org/x/sys@v0.0.0-20210809222454-d867a43fc93e/windows/svc/sys_windows_arm64.s	ok
2026-09-27 14:59:34	C:\Users\lehie\AppData\Local\Temp\aiflow-security-modules-bnyayvbf\archives\golang.org_x_sys@v0.47.0.zip//golang.org/x/sys@v0.47.0/unix/zsyscall_netbsd_arm.go	ok
2026-09-27 14:59:34	C:\Users\lehie\AppData\Local\Temp\aiflow-security-modules-bnyayvbf\archives\golang.org_x_sys@v0.0.0-20210809222454-d867a43fc93e.zip//golang.org/x/sys@v0.0.0-20210809222454-d867a43fc93e/windows/syscall.go	ok
2026-09-27 14:59:34	C:\Users\lehie\AppData\Local\Temp\aiflow-security-modules-bnyayvbf\archives\golang.org_x_sys@v0.47.0.zip//golang.org/x/sys@v0.47.0/unix/zsyscall_netbsd_arm64.go	ok
2026-09-27 14:59:34	C:\Users\lehie\AppData\Local\Temp\aiflow-security-modules-bnyayvbf\archives\golang.org_x_sys@v0.0.0-20210809222454-d867a43fc93e.zip//golang.org/x/sys@v0.0.0-20210809222454-d867a43fc93e/windows/syscall_test.go	ok
2026-09-27 14:59:34	C:\Users\lehie\AppData\Local\Temp\aiflow-security-modules-bnyayvbf\archives\golang.org_x_sys@v0.47.0.zip//golang.org/x/sys@v0.47.0/unix/zsyscall_openbsd_386.go	ok
2026-09-27 14:59:34	C:\Users\lehie\AppData\Local\Temp\aiflow-security-modules-bnyayvbf\archives\golang.org_x_sys@v0.0.0-20210809222454-d867a43fc93e.zip//golang.org/x/sys@v0.0.0-20210809222454-d867a43fc93e/windows/syscall_windows.go	ok
2026-09-27 14:59:34	C:\Users\lehie\AppData\Local\Temp\aiflow-security-modules-bnyayvbf\archives\golang.org_x_sys@v0.47.0.zip//golang.org/x/sys@v0.47.0/unix/zsyscall_openbsd_386.s	ok
2026-09-27 14:59:34	C:\Users\lehie\AppData\Local\Temp\aiflow-security-modules-bnyayvbf\archives\golang.org_x_sys@v0.0.0-20210809222454-d867a43fc93e.zip//golang.org/x/sys@v0.0.0-20210809222454-d867a43fc93e/windows/syscall_windows_test.go	ok
2026-09-27 14:59:34	C:\Users\lehie\AppData\Local\Temp\aiflow-security-modules-bnyayvbf\archives\golang.org_x_sys@v0.47.0.zip//golang.org/x/sys@v0.47.0/unix/zsyscall_openbsd_amd64.go	ok
2026-09-27 14:59:34	C:\Users\lehie\AppData\Local\Temp\aiflow-security-modules-bnyayvbf\archives\golang.org_x_sys@v0.47.0.zip//golang.org/x/sys@v0.47.0/unix/zsyscall_openbsd_amd64.s	ok
2026-09-27 14:59:34	C:\Users\lehie\AppData\Local\Temp\aiflow-security-modules-bnyayvbf\archives\golang.org_x_sys@v0.0.0-20210809222454-d867a43fc93e.zip//golang.org/x/sys@v0.0.0-20210809222454-d867a43fc93e/windows/types_windows.go	ok
2026-09-27 14:59:34	C:\Users\lehie\AppData\Local\Temp\aiflow-security-modules-bnyayvbf\archives\golang.org_x_sys@v0.0.0-20210809222454-d867a43fc93e.zip//golang.org/x/sys@v0.0.0-20210809222454-d867a43fc93e/windows/types_windows_386.go	ok
2026-09-27 14:59:34	C:\Users\lehie\AppData\Local\Temp\aiflow-security-modules-bnyayvbf\archives\golang.org_x_sys@v0.0.0-20210809222454-d867a43fc93e.zip//golang.org/x/sys@v0.0.0-20210809222454-d867a43fc93e/windows/types_windows_amd64.go	ok
2026-09-27 14:59:34	C:\Users\lehie\AppData\Local\Temp\aiflow-security-modules-bnyayvbf\archives\golang.org_x_sys@v0.47.0.zip//golang.org/x/sys@v0.47.0/unix/zsyscall_openbsd_arm.go	ok
2026-09-27 14:59:34	C:\Users\lehie\AppData\Local\Temp\aiflow-security-modules-bnyayvbf\archives\golang.org_x_sys@v0.0.0-20210809222454-d867a43fc93e.zip//golang.org/x/sys@v0.0.0-20210809222454-d867a43fc93e/windows/types_windows_arm.go	ok
2026-09-27 14:59:34	C:\Users\lehie\AppData\Local\Temp\aiflow-security-modules-bnyayvbf\archives\golang.org_x_sys@v0.0.0-20210809222454-d867a43fc93e.zip//golang.org/x/sys@v0.0.0-20210809222454-d867a43fc93e/windows/types_windows_arm64.go	ok
2026-09-27 14:59:34	C:\Users\lehie\AppData\Local\Temp\aiflow-security-modules-bnyayvbf\archives\golang.org_x_sys@v0.47.0.zip//golang.org/x/sys@v0.47.0/unix/zsyscall_openbsd_arm.s	ok
2026-09-27 14:59:34	C:\Users\lehie\AppData\Local\Temp\aiflow-security-modules-bnyayvbf\archives\golang.org_x_sys@v0.47.0.zip//golang.org/x/sys@v0.47.0/unix/zsyscall_openbsd_arm64.go	ok
2026-09-27 14:59:34	C:\Users\lehie\AppData\Local\Temp\aiflow-security-modules-bnyayvbf\archives\golang.org_x_sys@v0.47.0.zip//golang.org/x/sys@v0.47.0/unix/zsyscall_openbsd_arm64.s	ok
2026-09-27 14:59:34 	C:\Users\lehie\AppData\Local\Temp\aiflow-security-modules-bnyayvbf\archives\golang.org_x_sys@v0.0.0-20210809222454-d867a43fc93e.zip//golang.org/x/sys@v0.0.0-20210809222454-d867a43fc93e/windows/zerrors_windows.go	archive	Oxl
2026-09-27 14:59:34	C:\Users\lehie\AppData\Local\Temp\aiflow-security-modules-bnyayvbf\archives\golang.org_x_sys@v0.47.0.zip//golang.org/x/sys@v0.47.0/unix/zsyscall_openbsd_mips64.go	ok
2026-09-27 14:59:34	C:\Users\lehie\AppData\Local\Temp\aiflow-security-modules-bnyayvbf\archives\golang.org_x_sys@v0.47.0.zip//golang.org/x/sys@v0.47.0/unix/zsyscall_openbsd_mips64.s	ok
2026-09-27 14:59:34	C:\Users\lehie\AppData\Local\Temp\aiflow-security-modules-bnyayvbf\archives\golang.org_x_sys@v0.0.0-20210809222454-d867a43fc93e.zip//golang.org/x/sys@v0.0.0-20210809222454-d867a43fc93e/windows/zerrors_windows.go	ok
2026-09-27 14:59:34	C:\Users\lehie\AppData\Local\Temp\aiflow-security-modules-bnyayvbf\archives\golang.org_x_sys@v0.0.0-20210809222454-d867a43fc93e.zip//golang.org/x/sys@v0.0.0-20210809222454-d867a43fc93e/windows/zknownfolderids_windows.go	ok
2026-09-27 14:59:34	C:\Users\lehie\AppData\Local\Temp\aiflow-security-modules-bnyayvbf\archives\golang.org_x_sys@v0.47.0.zip//golang.org/x/sys@v0.47.0/unix/zsyscall_openbsd_ppc64.go	ok
2026-09-27 14:59:34	C:\Users\lehie\AppData\Local\Temp\aiflow-security-modules-bnyayvbf\archives\golang.org_x_sys@v0.47.0.zip//golang.org/x/sys@v0.47.0/unix/zsyscall_openbsd_ppc64.s	ok
2026-09-27 14:59:34	C:\Users\lehie\AppData\Local\Temp\aiflow-security-modules-bnyayvbf\archives\golang.org_x_sys@v0.0.0-20210809222454-d867a43fc93e.zip//golang.org/x/sys@v0.0.0-20210809222454-d867a43fc93e/windows/zsyscall_windows.go	ok
2026-09-27 14:59:34	C:\Users\lehie\AppData\Local\Temp\aiflow-security-modules-bnyayvbf\archives\golang.org_x_sys@v0.47.0.zip//golang.org/x/sys@v0.47.0/unix/zsyscall_openbsd_riscv64.go	ok
2026-09-27 14:59:34	C:\Users\lehie\AppData\Local\Temp\aiflow-security-modules-bnyayvbf\archives\golang.org_x_sys@v0.0.0-20210809222454-d867a43fc93e.zip	ok
2026-09-27 14:59:34	C:\Users\lehie\AppData\Local\Temp\aiflow-security-modules-bnyayvbf\archives\golang.org_x_sys@v0.47.0.zip//golang.org/x/sys@v0.47.0/unix/zsyscall_openbsd_riscv64.s	ok
2026-09-27 14:59:34	C:\Users\lehie\AppData\Local\Temp\aiflow-security-modules-bnyayvbf\archives\golang.org_x_sys@v0.47.0.zip//golang.org/x/sys@v0.47.0/unix/zsyscall_solaris_amd64.go	ok
2026-09-27 14:59:34 	C:\Users\lehie\AppData\Local\Temp\aiflow-security-modules-bnyayvbf\archives\golang.org_x_sys@v0.6.0.zip	archive	ZIP
2026-09-27 14:59:34	C:\Users\lehie\AppData\Local\Temp\aiflow-security-modules-bnyayvbf\archives\golang.org_x_sys@v0.47.0.zip//golang.org/x/sys@v0.47.0/unix/zsyscall_zos_s390x.go	ok
2026-09-27 14:59:34	C:\Users\lehie\AppData\Local\Temp\aiflow-security-modules-bnyayvbf\archives\golang.org_x_sys@v0.6.0.zip//golang.org/x/sys@v0.6.0/.gitattributes	ok
2026-09-27 14:59:34	C:\Users\lehie\AppData\Local\Temp\aiflow-security-modules-bnyayvbf\archives\golang.org_x_sys@v0.47.0.zip//golang.org/x/sys@v0.47.0/unix/zsysctl_openbsd_386.go	ok
2026-09-27 14:59:34	C:\Users\lehie\AppData\Local\Temp\aiflow-security-modules-bnyayvbf\archives\golang.org_x_sys@v0.6.0.zip//golang.org/x/sys@v0.6.0/.gitignore	ok
2026-09-27 14:59:34	C:\Users\lehie\AppData\Local\Temp\aiflow-security-modules-bnyayvbf\archives\golang.org_x_sys@v0.6.0.zip//golang.org/x/sys@v0.6.0/CONTRIBUTING.md	ok
2026-09-27 14:59:34	C:\Users\lehie\AppData\Local\Temp\aiflow-security-modules-bnyayvbf\archives\golang.org_x_sys@v0.47.0.zip//golang.org/x/sys@v0.47.0/unix/zsysctl_openbsd_amd64.go	ok
2026-09-27 14:59:34	C:\Users\lehie\AppData\Local\Temp\aiflow-security-modules-bnyayvbf\archives\golang.org_x_sys@v0.6.0.zip//golang.org/x/sys@v0.6.0/LICENSE	ok
2026-09-27 14:59:34	C:\Users\lehie\AppData\Local\Temp\aiflow-security-modules-bnyayvbf\archives\golang.org_x_sys@v0.47.0.zip//golang.org/x/sys@v0.47.0/unix/zsysctl_openbsd_arm.go	ok
2026-09-27 14:59:34	C:\Users\lehie\AppData\Local\Temp\aiflow-security-modules-bnyayvbf\archives\golang.org_x_sys@v0.6.0.zip//golang.org/x/sys@v0.6.0/PATENTS	ok
2026-09-27 14:59:34	C:\Users\lehie\AppData\Local\Temp\aiflow-security-modules-bnyayvbf\archives\golang.org_x_sys@v0.47.0.zip//golang.org/x/sys@v0.47.0/unix/zsysctl_openbsd_arm64.go	ok
2026-09-27 14:59:34	C:\Users\lehie\AppData\Local\Temp\aiflow-security-modules-bnyayvbf\archives\golang.org_x_sys@v0.6.0.zip//golang.org/x/sys@v0.6.0/README.md	ok
2026-09-27 14:59:34	C:\Users\lehie\AppData\Local\Temp\aiflow-security-modules-bnyayvbf\archives\golang.org_x_sys@v0.6.0.zip//golang.org/x/sys@v0.6.0/codereview.cfg	ok
2026-09-27 14:59:34	C:\Users\lehie\AppData\Local\Temp\aiflow-security-modules-bnyayvbf\archives\golang.org_x_sys@v0.47.0.zip//golang.org/x/sys@v0.47.0/unix/zsysctl_openbsd_mips64.go	ok
2026-09-27 14:59:34	C:\Users\lehie\AppData\Local\Temp\aiflow-security-modules-bnyayvbf\archives\golang.org_x_sys@v0.6.0.zip//golang.org/x/sys@v0.6.0/cpu/asm_aix_ppc64.s	ok
2026-09-27 14:59:34	C:\Users\lehie\AppData\Local\Temp\aiflow-security-modules-bnyayvbf\archives\golang.org_x_sys@v0.47.0.zip//golang.org/x/sys@v0.47.0/unix/zsysctl_openbsd_ppc64.go	ok
2026-09-27 14:59:34	C:\Users\lehie\AppData\Local\Temp\aiflow-security-modules-bnyayvbf\archives\golang.org_x_sys@v0.6.0.zip//golang.org/x/sys@v0.6.0/cpu/byteorder.go	ok
2026-09-27 14:59:34	C:\Users\lehie\AppData\Local\Temp\aiflow-security-modules-bnyayvbf\archives\golang.org_x_sys@v0.47.0.zip//golang.org/x/sys@v0.47.0/unix/zsysctl_openbsd_riscv64.go	ok
2026-09-27 14:59:34	C:\Users\lehie\AppData\Local\Temp\aiflow-security-modules-bnyayvbf\archives\golang.org_x_sys@v0.6.0.zip//golang.org/x/sys@v0.6.0/cpu/cpu.go	ok
2026-09-27 14:59:34	C:\Users\lehie\AppData\Local\Temp\aiflow-security-modules-bnyayvbf\archives\golang.org_x_sys@v0.6.0.zip//golang.org/x/sys@v0.6.0/cpu/cpu_aix.go	ok
2026-09-27 14:59:34	C:\Users\lehie\AppData\Local\Temp\aiflow-security-modules-bnyayvbf\archives\golang.org_x_sys@v0.47.0.zip//golang.org/x/sys@v0.47.0/unix/zsysnum_darwin_amd64.go	ok
2026-09-27 14:59:34	C:\Users\lehie\AppData\Local\Temp\aiflow-security-modules-bnyayvbf\archives\golang.org_x_sys@v0.6.0.zip//golang.org/x/sys@v0.6.0/cpu/cpu_arm.go	ok
2026-09-27 14:59:34	C:\Users\lehie\AppData\Local\Temp\aiflow-security-modules-bnyayvbf\archives\golang.org_x_sys@v0.47.0.zip//golang.org/x/sys@v0.47.0/unix/zsysnum_darwin_arm64.go	ok
2026-09-27 14:59:34	C:\Users\lehie\AppData\Local\Temp\aiflow-security-modules-bnyayvbf\archives\golang.org_x_sys@v0.6.0.zip//golang.org/x/sys@v0.6.0/cpu/cpu_arm64.go	ok
2026-09-27 14:59:34	C:\Users\lehie\AppData\Local\Temp\aiflow-security-modules-bnyayvbf\archives\golang.org_x_sys@v0.6.0.zip//golang.org/x/sys@v0.6.0/cpu/cpu_arm64.s	ok
2026-09-27 14:59:34	C:\Users\lehie\AppData\Local\Temp\aiflow-security-modules-bnyayvbf\archives\golang.org_x_sys@v0.47.0.zip//golang.org/x/sys@v0.47.0/unix/zsysnum_dragonfly_amd64.go	ok
2026-09-27 14:59:34	C:\Users\lehie\AppData\Local\Temp\aiflow-security-modules-bnyayvbf\archives\golang.org_x_sys@v0.6.0.zip//golang.org/x/sys@v0.6.0/cpu/cpu_gc_arm64.go	ok
2026-09-27 14:59:34	C:\Users\lehie\AppData\Local\Temp\aiflow-security-modules-bnyayvbf\archives\golang.org_x_sys@v0.6.0.zip//golang.org/x/sys@v0.6.0/cpu/cpu_gc_s390x.go	ok
2026-09-27 14:59:34	C:\Users\lehie\AppData\Local\Temp\aiflow-security-modules-bnyayvbf\archives\golang.org_x_sys@v0.47.0.zip//golang.org/x/sys@v0.47.0/unix/zsysnum_freebsd_386.go	ok
2026-09-27 14:59:34	C:\Users\lehie\AppData\Local\Temp\aiflow-security-modules-bnyayvbf\archives\golang.org_x_sys@v0.6.0.zip//golang.org/x/sys@v0.6.0/cpu/cpu_gc_x86.go	ok
2026-09-27 14:59:34	C:\Users\lehie\AppData\Local\Temp\aiflow-security-modules-bnyayvbf\archives\golang.org_x_sys@v0.6.0.zip//golang.org/x/sys@v0.6.0/cpu/cpu_gccgo_arm64.go	ok
2026-09-27 14:59:34	C:\Users\lehie\AppData\Local\Temp\aiflow-security-modules-bnyayvbf\archives\golang.org_x_sys@v0.47.0.zip//golang.org/x/sys@v0.47.0/unix/zsysnum_freebsd_amd64.go	ok
2026-09-27 14:59:34	C:\Users\lehie\AppData\Local\Temp\aiflow-security-modules-bnyayvbf\archives\golang.org_x_sys@v0.6.0.zip//golang.org/x/sys@v0.6.0/cpu/cpu_gccgo_s390x.go	ok
2026-09-27 14:59:34	C:\Users\lehie\AppData\Local\Temp\aiflow-security-modules-bnyayvbf\archives\golang.org_x_sys@v0.47.0.zip//golang.org/x/sys@v0.47.0/unix/zsysnum_freebsd_arm.go	ok
2026-09-27 14:59:34	C:\Users\lehie\AppData\Local\Temp\aiflow-security-modules-bnyayvbf\archives\golang.org_x_sys@v0.6.0.zip//golang.org/x/sys@v0.6.0/cpu/cpu_gccgo_x86.c	ok
2026-09-27 14:59:34	C:\Users\lehie\AppData\Local\Temp\aiflow-security-modules-bnyayvbf\archives\golang.org_x_sys@v0.6.0.zip//golang.org/x/sys@v0.6.0/cpu/cpu_gccgo_x86.go	ok
2026-09-27 14:59:34	C:\Users\lehie\AppData\Local\Temp\aiflow-security-modules-bnyayvbf\archives\golang.org_x_sys@v0.47.0.zip//golang.org/x/sys@v0.47.0/unix/zsysnum_freebsd_arm64.go	ok
2026-09-27 14:59:34	C:\Users\lehie\AppData\Local\Temp\aiflow-security-modules-bnyayvbf\archives\golang.org_x_sys@v0.6.0.zip//golang.org/x/sys@v0.6.0/cpu/cpu_linux.go	ok
2026-09-27 14:59:34	C:\Users\lehie\AppData\Local\Temp\aiflow-security-modules-bnyayvbf\archives\golang.org_x_sys@v0.6.0.zip//golang.org/x/sys@v0.6.0/cpu/cpu_linux_arm.go	ok
2026-09-27 14:59:34	C:\Users\lehie\AppData\Local\Temp\aiflow-security-modules-bnyayvbf\archives\golang.org_x_sys@v0.47.0.zip//golang.org/x/sys@v0.47.0/unix/zsysnum_freebsd_riscv64.go	ok
2026-09-27 14:59:34	C:\Users\lehie\AppData\Local\Temp\aiflow-security-modules-bnyayvbf\archives\golang.org_x_sys@v0.6.0.zip//golang.org/x/sys@v0.6.0/cpu/cpu_linux_arm64.go	ok
2026-09-27 14:59:34	C:\Users\lehie\AppData\Local\Temp\aiflow-security-modules-bnyayvbf\archives\golang.org_x_sys@v0.6.0.zip//golang.org/x/sys@v0.6.0/cpu/cpu_linux_mips64x.go	ok
2026-09-27 14:59:34	C:\Users\lehie\AppData\Local\Temp\aiflow-security-modules-bnyayvbf\archives\golang.org_x_sys@v0.47.0.zip//golang.org/x/sys@v0.47.0/unix/zsysnum_linux_386.go	ok
2026-09-27 14:59:34	C:\Users\lehie\AppData\Local\Temp\aiflow-security-modules-bnyayvbf\archives\golang.org_x_sys@v0.6.0.zip//golang.org/x/sys@v0.6.0/cpu/cpu_linux_noinit.go	ok
2026-09-27 14:59:34	C:\Users\lehie\AppData\Local\Temp\aiflow-security-modules-bnyayvbf\archives\golang.org_x_sys@v0.47.0.zip//golang.org/x/sys@v0.47.0/unix/zsysnum_linux_amd64.go	ok
2026-09-27 14:59:34	C:\Users\lehie\AppData\Local\Temp\aiflow-security-modules-bnyayvbf\archives\golang.org_x_sys@v0.6.0.zip//golang.org/x/sys@v0.6.0/cpu/cpu_linux_ppc64x.go	ok
2026-09-27 14:59:34	C:\Users\lehie\AppData\Local\Temp\aiflow-security-modules-bnyayvbf\archives\golang.org_x_sys@v0.6.0.zip//golang.org/x/sys@v0.6.0/cpu/cpu_linux_s390x.go	ok
2026-09-27 14:59:34	C:\Users\lehie\AppData\Local\Temp\aiflow-security-modules-bnyayvbf\archives\golang.org_x_sys@v0.47.0.zip//golang.org/x/sys@v0.47.0/unix/zsysnum_linux_arm.go	ok
2026-09-27 14:59:34	C:\Users\lehie\AppData\Local\Temp\aiflow-security-modules-bnyayvbf\archives\golang.org_x_sys@v0.6.0.zip//golang.org/x/sys@v0.6.0/cpu/cpu_loong64.go	ok
2026-09-27 14:59:34	C:\Users\lehie\AppData\Local\Temp\aiflow-security-modules-bnyayvbf\archives\golang.org_x_sys@v0.47.0.zip//golang.org/x/sys@v0.47.0/unix/zsysnum_linux_arm64.go	ok
2026-09-27 14:59:34	C:\Users\lehie\AppData\Local\Temp\aiflow-security-modules-bnyayvbf\archives\golang.org_x_sys@v0.6.0.zip//golang.org/x/sys@v0.6.0/cpu/cpu_mips64x.go	ok
2026-09-27 14:59:34	C:\Users\lehie\AppData\Local\Temp\aiflow-security-modules-bnyayvbf\archives\golang.org_x_sys@v0.6.0.zip//golang.org/x/sys@v0.6.0/cpu/cpu_mipsx.go	ok
2026-09-27 14:59:34	C:\Users\lehie\AppData\Local\Temp\aiflow-security-modules-bnyayvbf\archives\golang.org_x_sys@v0.47.0.zip//golang.org/x/sys@v0.47.0/unix/zsysnum_linux_loong64.go	ok
2026-09-27 14:59:34	C:\Users\lehie\AppData\Local\Temp\aiflow-security-modules-bnyayvbf\archives\golang.org_x_sys@v0.6.0.zip//golang.org/x/sys@v0.6.0/cpu/cpu_netbsd_arm64.go	ok
2026-09-27 14:59:34	C:\Users\lehie\AppData\Local\Temp\aiflow-security-modules-bnyayvbf\archives\golang.org_x_sys@v0.47.0.zip//golang.org/x/sys@v0.47.0/unix/zsysnum_linux_mips.go	ok
2026-09-27 14:59:34	C:\Users\lehie\AppData\Local\Temp\aiflow-security-modules-bnyayvbf\archives\golang.org_x_sys@v0.6.0.zip//golang.org/x/sys@v0.6.0/cpu/cpu_openbsd_arm64.go	ok
2026-09-27 14:59:34	C:\Users\lehie\AppData\Local\Temp\aiflow-security-modules-bnyayvbf\archives\golang.org_x_sys@v0.47.0.zip//golang.org/x/sys@v0.47.0/unix/zsysnum_linux_mips64.go	ok
2026-09-27 14:59:34	C:\Users\lehie\AppData\Local\Temp\aiflow-security-modules-bnyayvbf\archives\golang.org_x_sys@v0.6.0.zip//golang.org/x/sys@v0.6.0/cpu/cpu_openbsd_arm64.s	ok
2026-09-27 14:59:34	C:\Users\lehie\AppData\Local\Temp\aiflow-security-modules-bnyayvbf\archives\golang.org_x_sys@v0.6.0.zip//golang.org/x/sys@v0.6.0/cpu/cpu_other_arm.go	ok
2026-09-27 14:59:34	C:\Users\lehie\AppData\Local\Temp\aiflow-security-modules-bnyayvbf\archives\golang.org_x_sys@v0.47.0.zip//golang.org/x/sys@v0.47.0/unix/zsysnum_linux_mips64le.go	ok
2026-09-27 14:59:34	C:\Users\lehie\AppData\Local\Temp\aiflow-security-modules-bnyayvbf\archives\golang.org_x_sys@v0.6.0.zip//golang.org/x/sys@v0.6.0/cpu/cpu_other_arm64.go	ok
2026-09-27 14:59:34	C:\Users\lehie\AppData\Local\Temp\aiflow-security-modules-bnyayvbf\archives\golang.org_x_sys@v0.6.0.zip//golang.org/x/sys@v0.6.0/cpu/cpu_other_mips64x.go	ok
2026-09-27 14:59:34	C:\Users\lehie\AppData\Local\Temp\aiflow-security-modules-bnyayvbf\archives\golang.org_x_sys@v0.47.0.zip//golang.org/x/sys@v0.47.0/unix/zsysnum_linux_mipsle.go	ok
2026-09-27 14:59:34	C:\Users\lehie\AppData\Local\Temp\aiflow-security-modules-bnyayvbf\archives\golang.org_x_sys@v0.6.0.zip//golang.org/x/sys@v0.6.0/cpu/cpu_other_ppc64x.go	ok
2026-09-27 14:59:34	C:\Users\lehie\AppData\Local\Temp\aiflow-security-modules-bnyayvbf\archives\golang.org_x_sys@v0.47.0.zip//golang.org/x/sys@v0.47.0/unix/zsysnum_linux_ppc.go	ok
2026-09-27 14:59:34	C:\Users\lehie\AppData\Local\Temp\aiflow-security-modules-bnyayvbf\archives\golang.org_x_sys@v0.6.0.zip//golang.org/x/sys@v0.6.0/cpu/cpu_other_riscv64.go	ok
2026-09-27 14:59:34	C:\Users\lehie\AppData\Local\Temp\aiflow-security-modules-bnyayvbf\archives\golang.org_x_sys@v0.6.0.zip//golang.org/x/sys@v0.6.0/cpu/cpu_ppc64x.go	ok
2026-09-27 14:59:34	C:\Users\lehie\AppData\Local\Temp\aiflow-security-modules-bnyayvbf\archives\golang.org_x_sys@v0.47.0.zip//golang.org/x/sys@v0.47.0/unix/zsysnum_linux_ppc64.go	ok
2026-09-27 14:59:34	C:\Users\lehie\AppData\Local\Temp\aiflow-security-modules-bnyayvbf\archives\golang.org_x_sys@v0.6.0.zip//golang.org/x/sys@v0.6.0/cpu/cpu_riscv64.go	ok
2026-09-27 14:59:34	C:\Users\lehie\AppData\Local\Temp\aiflow-security-modules-bnyayvbf\archives\golang.org_x_sys@v0.47.0.zip//golang.org/x/sys@v0.47.0/unix/zsysnum_linux_ppc64le.go	ok
2026-09-27 14:59:34	C:\Users\lehie\AppData\Local\Temp\aiflow-security-modules-bnyayvbf\archives\golang.org_x_sys@v0.6.0.zip//golang.org/x/sys@v0.6.0/cpu/cpu_s390x.go	ok
2026-09-27 14:59:34	C:\Users\lehie\AppData\Local\Temp\aiflow-security-modules-bnyayvbf\archives\golang.org_x_sys@v0.47.0.zip//golang.org/x/sys@v0.47.0/unix/zsysnum_linux_riscv64.go	ok
2026-09-27 14:59:34	C:\Users\lehie\AppData\Local\Temp\aiflow-security-modules-bnyayvbf\archives\golang.org_x_sys@v0.6.0.zip//golang.org/x/sys@v0.6.0/cpu/cpu_s390x.s	ok
2026-09-27 14:59:34	C:\Users\lehie\AppData\Local\Temp\aiflow-security-modules-bnyayvbf\archives\golang.org_x_sys@v0.6.0.zip//golang.org/x/sys@v0.6.0/cpu/cpu_s390x_test.go	ok
2026-09-27 14:59:34	C:\Users\lehie\AppData\Local\Temp\aiflow-security-modules-bnyayvbf\archives\golang.org_x_sys@v0.47.0.zip//golang.org/x/sys@v0.47.0/unix/zsysnum_linux_s390x.go	ok
2026-09-27 14:59:35	C:\Users\lehie\AppData\Local\Temp\aiflow-security-modules-bnyayvbf\archives\golang.org_x_sys@v0.6.0.zip//golang.org/x/sys@v0.6.0/cpu/cpu_test.go	ok
2026-09-27 14:59:35	C:\Users\lehie\AppData\Local\Temp\aiflow-security-modules-bnyayvbf\archives\golang.org_x_sys@v0.47.0.zip//golang.org/x/sys@v0.47.0/unix/zsysnum_linux_sparc64.go	ok
2026-09-27 14:59:35	C:\Users\lehie\AppData\Local\Temp\aiflow-security-modules-bnyayvbf\archives\golang.org_x_sys@v0.6.0.zip//golang.org/x/sys@v0.6.0/cpu/cpu_wasm.go	ok
2026-09-27 14:59:35	C:\Users\lehie\AppData\Local\Temp\aiflow-security-modules-bnyayvbf\archives\golang.org_x_sys@v0.6.0.zip//golang.org/x/sys@v0.6.0/cpu/cpu_x86.go	ok
2026-09-27 14:59:35	C:\Users\lehie\AppData\Local\Temp\aiflow-security-modules-bnyayvbf\archives\golang.org_x_sys@v0.47.0.zip//golang.org/x/sys@v0.47.0/unix/zsysnum_netbsd_386.go	ok
2026-09-27 14:59:35	C:\Users\lehie\AppData\Local\Temp\aiflow-security-modules-bnyayvbf\archives\golang.org_x_sys@v0.6.0.zip//golang.org/x/sys@v0.6.0/cpu/cpu_x86.s	ok
2026-09-27 14:59:35	C:\Users\lehie\AppData\Local\Temp\aiflow-security-modules-bnyayvbf\archives\golang.org_x_sys@v0.6.0.zip//golang.org/x/sys@v0.6.0/cpu/cpu_zos.go	ok
2026-09-27 14:59:35	C:\Users\lehie\AppData\Local\Temp\aiflow-security-modules-bnyayvbf\archives\golang.org_x_sys@v0.47.0.zip//golang.org/x/sys@v0.47.0/unix/zsysnum_netbsd_amd64.go	ok
2026-09-27 14:59:35	C:\Users\lehie\AppData\Local\Temp\aiflow-security-modules-bnyayvbf\archives\golang.org_x_sys@v0.6.0.zip//golang.org/x/sys@v0.6.0/cpu/cpu_zos_s390x.go	ok
2026-09-27 14:59:35	C:\Users\lehie\AppData\Local\Temp\aiflow-security-modules-bnyayvbf\archives\golang.org_x_sys@v0.47.0.zip//golang.org/x/sys@v0.47.0/unix/zsysnum_netbsd_arm.go	ok
2026-09-27 14:59:35	C:\Users\lehie\AppData\Local\Temp\aiflow-security-modules-bnyayvbf\archives\golang.org_x_sys@v0.6.0.zip//golang.org/x/sys@v0.6.0/cpu/endian_big.go	ok
2026-09-27 14:59:35	C:\Users\lehie\AppData\Local\Temp\aiflow-security-modules-bnyayvbf\archives\golang.org_x_sys@v0.6.0.zip//golang.org/x/sys@v0.6.0/cpu/endian_little.go	ok
2026-09-27 14:59:35	C:\Users\lehie\AppData\Local\Temp\aiflow-security-modules-bnyayvbf\archives\golang.org_x_sys@v0.47.0.zip//golang.org/x/sys@v0.47.0/unix/zsysnum_netbsd_arm64.go	ok
2026-09-27 14:59:35	C:\Users\lehie\AppData\Local\Temp\aiflow-security-modules-bnyayvbf\archives\golang.org_x_sys@v0.6.0.zip//golang.org/x/sys@v0.6.0/cpu/hwcap_linux.go	ok
2026-09-27 14:59:35	C:\Users\lehie\AppData\Local\Temp\aiflow-security-modules-bnyayvbf\archives\golang.org_x_sys@v0.47.0.zip//golang.org/x/sys@v0.47.0/unix/zsysnum_openbsd_386.go	ok
2026-09-27 14:59:35	C:\Users\lehie\AppData\Local\Temp\aiflow-security-modules-bnyayvbf\archives\golang.org_x_sys@v0.6.0.zip//golang.org/x/sys@v0.6.0/cpu/parse.go	ok
2026-09-27 14:59:35	C:\Users\lehie\AppData\Local\Temp\aiflow-security-modules-bnyayvbf\archives\golang.org_x_sys@v0.6.0.zip//golang.org/x/sys@v0.6.0/cpu/parse_test.go	ok
2026-09-27 14:59:35	C:\Users\lehie\AppData\Local\Temp\aiflow-security-modules-bnyayvbf\archives\golang.org_x_sys@v0.47.0.zip//golang.org/x/sys@v0.47.0/unix/zsysnum_openbsd_amd64.go	ok
2026-09-27 14:59:35	C:\Users\lehie\AppData\Local\Temp\aiflow-security-modules-bnyayvbf\archives\golang.org_x_sys@v0.6.0.zip//golang.org/x/sys@v0.6.0/cpu/proc_cpuinfo_linux.go	ok
2026-09-27 14:59:35	C:\Users\lehie\AppData\Local\Temp\aiflow-security-modules-bnyayvbf\archives\golang.org_x_sys@v0.6.0.zip//golang.org/x/sys@v0.6.0/cpu/runtime_auxv.go	ok
2026-09-27 14:59:35	C:\Users\lehie\AppData\Local\Temp\aiflow-security-modules-bnyayvbf\archives\golang.org_x_sys@v0.47.0.zip//golang.org/x/sys@v0.47.0/unix/zsysnum_openbsd_arm.go	ok
2026-09-27 14:59:35	C:\Users\lehie\AppData\Local\Temp\aiflow-security-modules-bnyayvbf\archives\golang.org_x_sys@v0.6.0.zip//golang.org/x/sys@v0.6.0/cpu/runtime_auxv_go121.go	ok
2026-09-27 14:59:35	C:\Users\lehie\AppData\Local\Temp\aiflow-security-modules-bnyayvbf\archives\golang.org_x_sys@v0.47.0.zip//golang.org/x/sys@v0.47.0/unix/zsysnum_openbsd_arm64.go	ok
2026-09-27 14:59:35	C:\Users\lehie\AppData\Local\Temp\aiflow-security-modules-bnyayvbf\archives\golang.org_x_sys@v0.6.0.zip//golang.org/x/sys@v0.6.0/cpu/runtime_auxv_go121_test.go	ok
2026-09-27 14:59:35	C:\Users\lehie\AppData\Local\Temp\aiflow-security-modules-bnyayvbf\archives\golang.org_x_sys@v0.6.0.zip//golang.org/x/sys@v0.6.0/cpu/syscall_aix_gccgo.go	ok
2026-09-27 14:59:35	C:\Users\lehie\AppData\Local\Temp\aiflow-security-modules-bnyayvbf\archives\golang.org_x_sys@v0.47.0.zip//golang.org/x/sys@v0.47.0/unix/zsysnum_openbsd_mips64.go	ok
2026-09-27 14:59:35	C:\Users\lehie\AppData\Local\Temp\aiflow-security-modules-bnyayvbf\archives\golang.org_x_sys@v0.6.0.zip//golang.org/x/sys@v0.6.0/cpu/syscall_aix_ppc64_gc.go	ok
2026-09-27 14:59:35	C:\Users\lehie\AppData\Local\Temp\aiflow-security-modules-bnyayvbf\archives\golang.org_x_sys@v0.47.0.zip//golang.org/x/sys@v0.47.0/unix/zsysnum_openbsd_ppc64.go	ok
2026-09-27 14:59:35	C:\Users\lehie\AppData\Local\Temp\aiflow-security-modules-bnyayvbf\archives\golang.org_x_sys@v0.6.0.zip//golang.org/x/sys@v0.6.0/execabs/execabs.go	ok
2026-09-27 14:59:35	C:\Users\lehie\AppData\Local\Temp\aiflow-security-modules-bnyayvbf\archives\golang.org_x_sys@v0.6.0.zip//golang.org/x/sys@v0.6.0/execabs/execabs_go118.go	ok
2026-09-27 14:59:35	C:\Users\lehie\AppData\Local\Temp\aiflow-security-modules-bnyayvbf\archives\golang.org_x_sys@v0.47.0.zip//golang.org/x/sys@v0.47.0/unix/zsysnum_openbsd_riscv64.go	ok
2026-09-27 14:59:35	C:\Users\lehie\AppData\Local\Temp\aiflow-security-modules-bnyayvbf\archives\golang.org_x_sys@v0.6.0.zip//golang.org/x/sys@v0.6.0/execabs/execabs_go119.go	ok
2026-09-27 14:59:35	C:\Users\lehie\AppData\Local\Temp\aiflow-security-modules-bnyayvbf\archives\golang.org_x_sys@v0.6.0.zip//golang.org/x/sys@v0.6.0/execabs/execabs_test.go	ok
2026-09-27 14:59:35	C:\Users\lehie\AppData\Local\Temp\aiflow-security-modules-bnyayvbf\archives\golang.org_x_sys@v0.47.0.zip//golang.org/x/sys@v0.47.0/unix/zsysnum_zos_s390x.go	ok
2026-09-27 14:59:35	C:\Users\lehie\AppData\Local\Temp\aiflow-security-modules-bnyayvbf\archives\golang.org_x_sys@v0.6.0.zip//golang.org/x/sys@v0.6.0/go.mod	ok
2026-09-27 14:59:35	C:\Users\lehie\AppData\Local\Temp\aiflow-security-modules-bnyayvbf\archives\golang.org_x_sys@v0.47.0.zip//golang.org/x/sys@v0.47.0/unix/ztypes_aix_ppc.go	ok
2026-09-27 14:59:35	C:\Users\lehie\AppData\Local\Temp\aiflow-security-modules-bnyayvbf\archives\golang.org_x_sys@v0.6.0.zip//golang.org/x/sys@v0.6.0/internal/unsafeheader/unsafeheader.go	ok
2026-09-27 14:59:35	C:\Users\lehie\AppData\Local\Temp\aiflow-security-modules-bnyayvbf\archives\golang.org_x_sys@v0.47.0.zip//golang.org/x/sys@v0.47.0/unix/ztypes_aix_ppc64.go	ok
2026-09-27 14:59:35	C:\Users\lehie\AppData\Local\Temp\aiflow-security-modules-bnyayvbf\archives\golang.org_x_sys@v0.6.0.zip//golang.org/x/sys@v0.6.0/internal/unsafeheader/unsafeheader_test.go	ok
2026-09-27 14:59:35	C:\Users\lehie\AppData\Local\Temp\aiflow-security-modules-bnyayvbf\archives\golang.org_x_sys@v0.6.0.zip//golang.org/x/sys@v0.6.0/plan9/asm.s	ok
2026-09-27 14:59:35	C:\Users\lehie\AppData\Local\Temp\aiflow-security-modules-bnyayvbf\archives\golang.org_x_sys@v0.47.0.zip//golang.org/x/sys@v0.47.0/unix/ztypes_darwin_amd64.go	ok
2026-09-27 14:59:35	C:\Users\lehie\AppData\Local\Temp\aiflow-security-modules-bnyayvbf\archives\golang.org_x_sys@v0.6.0.zip//golang.org/x/sys@v0.6.0/plan9/asm_plan9_386.s	ok
2026-09-27 14:59:35	C:\Users\lehie\AppData\Local\Temp\aiflow-security-modules-bnyayvbf\archives\golang.org_x_sys@v0.6.0.zip//golang.org/x/sys@v0.6.0/plan9/asm_plan9_amd64.s	ok
2026-09-27 14:59:35	C:\Users\lehie\AppData\Local\Temp\aiflow-security-modules-bnyayvbf\archives\golang.org_x_sys@v0.47.0.zip//golang.org/x/sys@v0.47.0/unix/ztypes_darwin_arm64.go	ok
2026-09-27 14:59:35	C:\Users\lehie\AppData\Local\Temp\aiflow-security-modules-bnyayvbf\archives\golang.org_x_sys@v0.6.0.zip//golang.org/x/sys@v0.6.0/plan9/asm_plan9_arm.s	ok
2026-09-27 14:59:35	C:\Users\lehie\AppData\Local\Temp\aiflow-security-modules-bnyayvbf\archives\golang.org_x_sys@v0.47.0.zip//golang.org/x/sys@v0.47.0/unix/ztypes_dragonfly_amd64.go	ok
2026-09-27 14:59:35	C:\Users\lehie\AppData\Local\Temp\aiflow-security-modules-bnyayvbf\archives\golang.org_x_sys@v0.6.0.zip//golang.org/x/sys@v0.6.0/plan9/const_plan9.go	ok
2026-09-27 14:59:35	C:\Users\lehie\AppData\Local\Temp\aiflow-security-modules-bnyayvbf\archives\golang.org_x_sys@v0.47.0.zip//golang.org/x/sys@v0.47.0/unix/ztypes_freebsd_386.go	ok
2026-09-27 14:59:35	C:\Users\lehie\AppData\Local\Temp\aiflow-security-modules-bnyayvbf\archives\golang.org_x_sys@v0.6.0.zip//golang.org/x/sys@v0.6.0/plan9/dir_plan9.go	ok
2026-09-27 14:59:35	C:\Users\lehie\AppData\Local\Temp\aiflow-security-modules-bnyayvbf\archives\golang.org_x_sys@v0.47.0.zip//golang.org/x/sys@v0.47.0/unix/ztypes_freebsd_amd64.go	ok
2026-09-27 14:59:35	C:\Users\lehie\AppData\Local\Temp\aiflow-security-modules-bnyayvbf\archives\golang.org_x_sys@v0.6.0.zip//golang.org/x/sys@v0.6.0/plan9/env_plan9.go	ok
2026-09-27 14:59:35	C:\Users\lehie\AppData\Local\Temp\aiflow-security-modules-bnyayvbf\archives\golang.org_x_sys@v0.47.0.zip//golang.org/x/sys@v0.47.0/unix/ztypes_freebsd_arm.go	ok
2026-09-27 14:59:35	C:\Users\lehie\AppData\Local\Temp\aiflow-security-modules-bnyayvbf\archives\golang.org_x_sys@v0.6.0.zip//golang.org/x/sys@v0.6.0/plan9/errors_plan9.go	ok
2026-09-27 14:59:35	C:\Users\lehie\AppData\Local\Temp\aiflow-security-modules-bnyayvbf\archives\golang.org_x_sys@v0.47.0.zip//golang.org/x/sys@v0.47.0/unix/ztypes_freebsd_arm64.go	ok
2026-09-27 14:59:35	C:\Users\lehie\AppData\Local\Temp\aiflow-security-modules-bnyayvbf\archives\golang.org_x_sys@v0.6.0.zip//golang.org/x/sys@v0.6.0/plan9/mkall.sh	ok
2026-09-27 14:59:35	C:\Users\lehie\AppData\Local\Temp\aiflow-security-modules-bnyayvbf\archives\golang.org_x_sys@v0.47.0.zip//golang.org/x/sys@v0.47.0/unix/ztypes_freebsd_riscv64.go	ok
2026-09-27 14:59:35	C:\Users\lehie\AppData\Local\Temp\aiflow-security-modules-bnyayvbf\archives\golang.org_x_sys@v0.6.0.zip//golang.org/x/sys@v0.6.0/plan9/mkerrors.sh	ok
2026-09-27 14:59:35	C:\Users\lehie\AppData\Local\Temp\aiflow-security-modules-bnyayvbf\archives\golang.org_x_sys@v0.6.0.zip//golang.org/x/sys@v0.6.0/plan9/mksyscall.go	ok
2026-09-27 14:59:35	C:\Users\lehie\AppData\Local\Temp\aiflow-security-modules-bnyayvbf\archives\golang.org_x_sys@v0.6.0.zip//golang.org/x/sys@v0.6.0/plan9/mksysnum_plan9.sh	ok
2026-09-27 14:59:35	C:\Users\lehie\AppData\Local\Temp\aiflow-security-modules-bnyayvbf\archives\golang.org_x_sys@v0.6.0.zip//golang.org/x/sys@v0.6.0/plan9/pwd_go15_plan9.go	ok
2026-09-27 14:59:35	C:\Users\lehie\AppData\Local\Temp\aiflow-security-modules-bnyayvbf\archives\golang.org_x_sys@v0.47.0.zip//golang.org/x/sys@v0.47.0/unix/ztypes_linux.go	ok
2026-09-27 14:59:35	C:\Users\lehie\AppData\Local\Temp\aiflow-security-modules-bnyayvbf\archives\golang.org_x_sys@v0.6.0.zip//golang.org/x/sys@v0.6.0/plan9/pwd_plan9.go	ok
2026-09-27 14:59:35	C:\Users\lehie\AppData\Local\Temp\aiflow-security-modules-bnyayvbf\archives\golang.org_x_sys@v0.47.0.zip//golang.org/x/sys@v0.47.0/unix/ztypes_linux_386.go	ok
2026-09-27 14:59:35	C:\Users\lehie\AppData\Local\Temp\aiflow-security-modules-bnyayvbf\archives\golang.org_x_sys@v0.6.0.zip//golang.org/x/sys@v0.6.0/plan9/race.go	ok
2026-09-27 14:59:35	C:\Users\lehie\AppData\Local\Temp\aiflow-security-modules-bnyayvbf\archives\golang.org_x_sys@v0.6.0.zip//golang.org/x/sys@v0.6.0/plan9/race0.go	ok
2026-09-27 14:59:35	C:\Users\lehie\AppData\Local\Temp\aiflow-security-modules-bnyayvbf\archives\golang.org_x_sys@v0.47.0.zip//golang.org/x/sys@v0.47.0/unix/ztypes_linux_amd64.go	ok
2026-09-27 14:59:35	C:\Users\lehie\AppData\Local\Temp\aiflow-security-modules-bnyayvbf\archives\golang.org_x_sys@v0.6.0.zip//golang.org/x/sys@v0.6.0/plan9/str.go	ok
2026-09-27 14:59:35	C:\Users\lehie\AppData\Local\Temp\aiflow-security-modules-bnyayvbf\archives\golang.org_x_sys@v0.47.0.zip//golang.org/x/sys@v0.47.0/unix/ztypes_linux_arm.go	ok
2026-09-27 14:59:35	C:\Users\lehie\AppData\Local\Temp\aiflow-security-modules-bnyayvbf\archives\golang.org_x_sys@v0.6.0.zip//golang.org/x/sys@v0.6.0/plan9/syscall.go	ok
2026-09-27 14:59:35	C:\Users\lehie\AppData\Local\Temp\aiflow-security-modules-bnyayvbf\archives\golang.org_x_sys@v0.47.0.zip//golang.org/x/sys@v0.47.0/unix/ztypes_linux_arm64.go	ok
2026-09-27 14:59:35	C:\Users\lehie\AppData\Local\Temp\aiflow-security-modules-bnyayvbf\archives\golang.org_x_sys@v0.6.0.zip//golang.org/x/sys@v0.6.0/plan9/syscall_plan9.go	ok
2026-09-27 14:59:35	C:\Users\lehie\AppData\Local\Temp\aiflow-security-modules-bnyayvbf\archives\golang.org_x_sys@v0.6.0.zip//golang.org/x/sys@v0.6.0/plan9/syscall_test.go	ok
2026-09-27 14:59:35	C:\Users\lehie\AppData\Local\Temp\aiflow-security-modules-bnyayvbf\archives\golang.org_x_sys@v0.47.0.zip//golang.org/x/sys@v0.47.0/unix/ztypes_linux_loong64.go	ok
2026-09-27 14:59:35	C:\Users\lehie\AppData\Local\Temp\aiflow-security-modules-bnyayvbf\archives\golang.org_x_sys@v0.6.0.zip//golang.org/x/sys@v0.6.0/plan9/zsyscall_plan9_386.go	ok
2026-09-27 14:59:35	C:\Users\lehie\AppData\Local\Temp\aiflow-security-modules-bnyayvbf\archives\golang.org_x_sys@v0.47.0.zip//golang.org/x/sys@v0.47.0/unix/ztypes_linux_mips.go	ok
2026-09-27 14:59:35	C:\Users\lehie\AppData\Local\Temp\aiflow-security-modules-bnyayvbf\archives\golang.org_x_sys@v0.6.0.zip//golang.org/x/sys@v0.6.0/plan9/zsyscall_plan9_amd64.go	ok
2026-09-27 14:59:35	C:\Users\lehie\AppData\Local\Temp\aiflow-security-modules-bnyayvbf\archives\golang.org_x_sys@v0.47.0.zip//golang.org/x/sys@v0.47.0/unix/ztypes_linux_mips64.go	ok
2026-09-27 14:59:35	C:\Users\lehie\AppData\Local\Temp\aiflow-security-modules-bnyayvbf\archives\golang.org_x_sys@v0.6.0.zip//golang.org/x/sys@v0.6.0/plan9/zsyscall_plan9_arm.go	ok
2026-09-27 14:59:35	C:\Users\lehie\AppData\Local\Temp\aiflow-security-modules-bnyayvbf\archives\golang.org_x_sys@v0.47.0.zip//golang.org/x/sys@v0.47.0/unix/ztypes_linux_mips64le.go	ok
2026-09-27 14:59:35	C:\Users\lehie\AppData\Local\Temp\aiflow-security-modules-bnyayvbf\archives\golang.org_x_sys@v0.6.0.zip//golang.org/x/sys@v0.6.0/plan9/zsysnum_plan9.go	ok
2026-09-27 14:59:35	C:\Users\lehie\AppData\Local\Temp\aiflow-security-modules-bnyayvbf\archives\golang.org_x_sys@v0.6.0.zip//golang.org/x/sys@v0.6.0/unix/.gitignore	ok
2026-09-27 14:59:35	C:\Users\lehie\AppData\Local\Temp\aiflow-security-modules-bnyayvbf\archives\golang.org_x_sys@v0.47.0.zip//golang.org/x/sys@v0.47.0/unix/ztypes_linux_mipsle.go	ok
2026-09-27 14:59:35	C:\Users\lehie\AppData\Local\Temp\aiflow-security-modules-bnyayvbf\archives\golang.org_x_sys@v0.6.0.zip//golang.org/x/sys@v0.6.0/unix/README.md	ok
2026-09-27 14:59:35	C:\Users\lehie\AppData\Local\Temp\aiflow-security-modules-bnyayvbf\archives\golang.org_x_sys@v0.47.0.zip//golang.org/x/sys@v0.47.0/unix/ztypes_linux_ppc.go	ok
2026-09-27 14:59:35	C:\Users\lehie\AppData\Local\Temp\aiflow-security-modules-bnyayvbf\archives\golang.org_x_sys@v0.6.0.zip//golang.org/x/sys@v0.6.0/unix/affinity_linux.go	ok
2026-09-27 14:59:35	C:\Users\lehie\AppData\Local\Temp\aiflow-security-modules-bnyayvbf\archives\golang.org_x_sys@v0.47.0.zip//golang.org/x/sys@v0.47.0/unix/ztypes_linux_ppc64.go	ok
2026-09-27 14:59:35	C:\Users\lehie\AppData\Local\Temp\aiflow-security-modules-bnyayvbf\archives\golang.org_x_sys@v0.6.0.zip//golang.org/x/sys@v0.6.0/unix/aliases.go	ok
2026-09-27 14:59:35	C:\Users\lehie\AppData\Local\Temp\aiflow-security-modules-bnyayvbf\archives\golang.org_x_sys@v0.47.0.zip//golang.org/x/sys@v0.47.0/unix/ztypes_linux_ppc64le.go	ok
2026-09-27 14:59:35	C:\Users\lehie\AppData\Local\Temp\aiflow-security-modules-bnyayvbf\archives\golang.org_x_sys@v0.6.0.zip//golang.org/x/sys@v0.6.0/unix/asm_aix_ppc64.s	ok
2026-09-27 14:59:35	C:\Users\lehie\AppData\Local\Temp\aiflow-security-modules-bnyayvbf\archives\golang.org_x_sys@v0.6.0.zip//golang.org/x/sys@v0.6.0/unix/asm_bsd_386.s	ok
2026-09-27 14:59:35	C:\Users\lehie\AppData\Local\Temp\aiflow-security-modules-bnyayvbf\archives\golang.org_x_sys@v0.47.0.zip//golang.org/x/sys@v0.47.0/unix/ztypes_linux_riscv64.go	ok
2026-09-27 14:59:35	C:\Users\lehie\AppData\Local\Temp\aiflow-security-modules-bnyayvbf\archives\golang.org_x_sys@v0.6.0.zip//golang.org/x/sys@v0.6.0/unix/asm_bsd_amd64.s	ok
2026-09-27 14:59:35	C:\Users\lehie\AppData\Local\Temp\aiflow-security-modules-bnyayvbf\archives\golang.org_x_sys@v0.47.0.zip//golang.org/x/sys@v0.47.0/unix/ztypes_linux_s390x.go	ok
2026-09-27 14:59:35	C:\Users\lehie\AppData\Local\Temp\aiflow-security-modules-bnyayvbf\archives\golang.org_x_sys@v0.6.0.zip//golang.org/x/sys@v0.6.0/unix/asm_bsd_arm.s	ok
2026-09-27 14:59:35	C:\Users\lehie\AppData\Local\Temp\aiflow-security-modules-bnyayvbf\archives\golang.org_x_sys@v0.6.0.zip//golang.org/x/sys@v0.6.0/unix/asm_bsd_arm64.s	ok
2026-09-27 14:59:35	C:\Users\lehie\AppData\Local\Temp\aiflow-security-modules-bnyayvbf\archives\golang.org_x_sys@v0.47.0.zip//golang.org/x/sys@v0.47.0/unix/ztypes_linux_sparc64.go	ok
2026-09-27 14:59:35	C:\Users\lehie\AppData\Local\Temp\aiflow-security-modules-bnyayvbf\archives\golang.org_x_sys@v0.6.0.zip//golang.org/x/sys@v0.6.0/unix/asm_bsd_ppc64.s	ok
2026-09-27 14:59:35	C:\Users\lehie\AppData\Local\Temp\aiflow-security-modules-bnyayvbf\archives\golang.org_x_sys@v0.6.0.zip//golang.org/x/sys@v0.6.0/unix/asm_bsd_riscv64.s	ok
2026-09-27 14:59:35	C:\Users\lehie\AppData\Local\Temp\aiflow-security-modules-bnyayvbf\archives\golang.org_x_sys@v0.47.0.zip//golang.org/x/sys@v0.47.0/unix/ztypes_netbsd_386.go	ok
2026-09-27 14:59:35	C:\Users\lehie\AppData\Local\Temp\aiflow-security-modules-bnyayvbf\archives\golang.org_x_sys@v0.6.0.zip//golang.org/x/sys@v0.6.0/unix/asm_linux_386.s	ok
2026-09-27 14:59:35	C:\Users\lehie\AppData\Local\Temp\aiflow-security-modules-bnyayvbf\archives\golang.org_x_sys@v0.47.0.zip//golang.org/x/sys@v0.47.0/unix/ztypes_netbsd_amd64.go	ok
2026-09-27 14:59:35	C:\Users\lehie\AppData\Local\Temp\aiflow-security-modules-bnyayvbf\archives\golang.org_x_sys@v0.6.0.zip//golang.org/x/sys@v0.6.0/unix/asm_linux_amd64.s	ok
2026-09-27 14:59:35	C:\Users\lehie\AppData\Local\Temp\aiflow-security-modules-bnyayvbf\archives\golang.org_x_sys@v0.47.0.zip//golang.org/x/sys@v0.47.0/unix/ztypes_netbsd_arm.go	ok
2026-09-27 14:59:35	C:\Users\lehie\AppData\Local\Temp\aiflow-security-modules-bnyayvbf\archives\golang.org_x_sys@v0.6.0.zip//golang.org/x/sys@v0.6.0/unix/asm_linux_arm.s	ok
2026-09-27 14:59:35	C:\Users\lehie\AppData\Local\Temp\aiflow-security-modules-bnyayvbf\archives\golang.org_x_sys@v0.6.0.zip//golang.org/x/sys@v0.6.0/unix/asm_linux_arm64.s	ok
2026-09-27 14:59:35	C:\Users\lehie\AppData\Local\Temp\aiflow-security-modules-bnyayvbf\archives\golang.org_x_sys@v0.47.0.zip//golang.org/x/sys@v0.47.0/unix/ztypes_netbsd_arm64.go	ok
2026-09-27 14:59:35	C:\Users\lehie\AppData\Local\Temp\aiflow-security-modules-bnyayvbf\archives\golang.org_x_sys@v0.6.0.zip//golang.org/x/sys@v0.6.0/unix/asm_linux_loong64.s	ok
2026-09-27 14:59:35	C:\Users\lehie\AppData\Local\Temp\aiflow-security-modules-bnyayvbf\archives\golang.org_x_sys@v0.47.0.zip//golang.org/x/sys@v0.47.0/unix/ztypes_openbsd_386.go	ok
2026-09-27 14:59:35	C:\Users\lehie\AppData\Local\Temp\aiflow-security-modules-bnyayvbf\archives\golang.org_x_sys@v0.6.0.zip//golang.org/x/sys@v0.6.0/unix/asm_linux_mips64x.s	ok
2026-09-27 14:59:35	C:\Users\lehie\AppData\Local\Temp\aiflow-security-modules-bnyayvbf\archives\golang.org_x_sys@v0.47.0.zip//golang.org/x/sys@v0.47.0/unix/ztypes_openbsd_amd64.go	ok
2026-09-27 14:59:35	C:\Users\lehie\AppData\Local\Temp\aiflow-security-modules-bnyayvbf\archives\golang.org_x_sys@v0.6.0.zip//golang.org/x/sys@v0.6.0/unix/asm_linux_mipsx.s	ok
2026-09-27 14:59:35	C:\Users\lehie\AppData\Local\Temp\aiflow-security-modules-bnyayvbf\archives\golang.org_x_sys@v0.47.0.zip//golang.org/x/sys@v0.47.0/unix/ztypes_openbsd_arm.go	ok
2026-09-27 14:59:35	C:\Users\lehie\AppData\Local\Temp\aiflow-security-modules-bnyayvbf\archives\golang.org_x_sys@v0.6.0.zip//golang.org/x/sys@v0.6.0/unix/asm_linux_ppc64x.s	ok
2026-09-27 14:59:35	C:\Users\lehie\AppData\Local\Temp\aiflow-security-modules-bnyayvbf\archives\golang.org_x_sys@v0.6.0.zip//golang.org/x/sys@v0.6.0/unix/asm_linux_riscv64.s	ok
2026-09-27 14:59:35	C:\Users\lehie\AppData\Local\Temp\aiflow-security-modules-bnyayvbf\archives\golang.org_x_sys@v0.47.0.zip//golang.org/x/sys@v0.47.0/unix/ztypes_openbsd_arm64.go	ok
2026-09-27 14:59:35	C:\Users\lehie\AppData\Local\Temp\aiflow-security-modules-bnyayvbf\archives\golang.org_x_sys@v0.6.0.zip//golang.org/x/sys@v0.6.0/unix/asm_linux_s390x.s	ok
2026-09-27 14:59:35	C:\Users\lehie\AppData\Local\Temp\aiflow-security-modules-bnyayvbf\archives\golang.org_x_sys@v0.47.0.zip//golang.org/x/sys@v0.47.0/unix/ztypes_openbsd_mips64.go	ok
2026-09-27 14:59:35	C:\Users\lehie\AppData\Local\Temp\aiflow-security-modules-bnyayvbf\archives\golang.org_x_sys@v0.6.0.zip//golang.org/x/sys@v0.6.0/unix/asm_openbsd_mips64.s	ok
2026-09-27 14:59:35	C:\Users\lehie\AppData\Local\Temp\aiflow-security-modules-bnyayvbf\archives\golang.org_x_sys@v0.47.0.zip//golang.org/x/sys@v0.47.0/unix/ztypes_openbsd_ppc64.go	ok
2026-09-27 14:59:35	C:\Users\lehie\AppData\Local\Temp\aiflow-security-modules-bnyayvbf\archives\golang.org_x_sys@v0.6.0.zip//golang.org/x/sys@v0.6.0/unix/asm_solaris_amd64.s	ok
2026-09-27 14:59:35	C:\Users\lehie\AppData\Local\Temp\aiflow-security-modules-bnyayvbf\archives\golang.org_x_sys@v0.47.0.zip//golang.org/x/sys@v0.47.0/unix/ztypes_openbsd_riscv64.go	ok
2026-09-27 14:59:35	C:\Users\lehie\AppData\Local\Temp\aiflow-security-modules-bnyayvbf\archives\golang.org_x_sys@v0.6.0.zip//golang.org/x/sys@v0.6.0/unix/asm_zos_s390x.s	ok
2026-09-27 14:59:35	C:\Users\lehie\AppData\Local\Temp\aiflow-security-modules-bnyayvbf\archives\golang.org_x_sys@v0.47.0.zip//golang.org/x/sys@v0.47.0/unix/ztypes_solaris_amd64.go	ok
2026-09-27 14:59:35	C:\Users\lehie\AppData\Local\Temp\aiflow-security-modules-bnyayvbf\archives\golang.org_x_sys@v0.6.0.zip//golang.org/x/sys@v0.6.0/unix/bluetooth_linux.go	ok
2026-09-27 14:59:35	C:\Users\lehie\AppData\Local\Temp\aiflow-security-modules-bnyayvbf\archives\golang.org_x_sys@v0.47.0.zip//golang.org/x/sys@v0.47.0/unix/ztypes_zos_s390x.go	ok
2026-09-27 14:59:35	C:\Users\lehie\AppData\Local\Temp\aiflow-security-modules-bnyayvbf\archives\golang.org_x_sys@v0.6.0.zip//golang.org/x/sys@v0.6.0/unix/cap_freebsd.go	ok
2026-09-27 14:59:35	C:\Users\lehie\AppData\Local\Temp\aiflow-security-modules-bnyayvbf\archives\golang.org_x_sys@v0.6.0.zip//golang.org/x/sys@v0.6.0/unix/constants.go	ok
2026-09-27 14:59:35	C:\Users\lehie\AppData\Local\Temp\aiflow-security-modules-bnyayvbf\archives\golang.org_x_sys@v0.47.0.zip//golang.org/x/sys@v0.47.0/windows/aliases.go	ok
2026-09-27 14:59:35	C:\Users\lehie\AppData\Local\Temp\aiflow-security-modules-bnyayvbf\archives\golang.org_x_sys@v0.6.0.zip//golang.org/x/sys@v0.6.0/unix/creds_test.go	ok
2026-09-27 14:59:35	C:\Users\lehie\AppData\Local\Temp\aiflow-security-modules-bnyayvbf\archives\golang.org_x_sys@v0.47.0.zip//golang.org/x/sys@v0.47.0/windows/dll_windows.go	ok
2026-09-27 14:59:35	C:\Users\lehie\AppData\Local\Temp\aiflow-security-modules-bnyayvbf\archives\golang.org_x_sys@v0.6.0.zip//golang.org/x/sys@v0.6.0/unix/darwin_amd64_test.go	ok
2026-09-27 14:59:35	C:\Users\lehie\AppData\Local\Temp\aiflow-security-modules-bnyayvbf\archives\golang.org_x_sys@v0.47.0.zip//golang.org/x/sys@v0.47.0/windows/env_windows.go	ok
2026-09-27 14:59:35	C:\Users\lehie\AppData\Local\Temp\aiflow-security-modules-bnyayvbf\archives\golang.org_x_sys@v0.47.0.zip//golang.org/x/sys@v0.47.0/windows/env_windows_test.go	ok
2026-09-27 14:59:35	C:\Users\lehie\AppData\Local\Temp\aiflow-security-modules-bnyayvbf\archives\golang.org_x_sys@v0.6.0.zip//golang.org/x/sys@v0.6.0/unix/darwin_arm64_test.go	ok
2026-09-27 14:59:35	C:\Users\lehie\AppData\Local\Temp\aiflow-security-modules-bnyayvbf\archives\golang.org_x_sys@v0.47.0.zip//golang.org/x/sys@v0.47.0/windows/eventlog.go	ok
2026-09-27 14:59:35	C:\Users\lehie\AppData\Local\Temp\aiflow-security-modules-bnyayvbf\archives\golang.org_x_sys@v0.6.0.zip//golang.org/x/sys@v0.6.0/unix/darwin_test.go	ok
2026-09-27 14:59:35	C:\Users\lehie\AppData\Local\Temp\aiflow-security-modules-bnyayvbf\archives\golang.org_x_sys@v0.6.0.zip//golang.org/x/sys@v0.6.0/unix/dev_aix_ppc.go	ok
2026-09-27 14:59:35	C:\Users\lehie\AppData\Local\Temp\aiflow-security-modules-bnyayvbf\archives\golang.org_x_sys@v0.47.0.zip//golang.org/x/sys@v0.47.0/windows/exec_windows.go	ok
2026-09-27 14:59:35	C:\Users\lehie\AppData\Local\Temp\aiflow-security-modules-bnyayvbf\archives\golang.org_x_sys@v0.6.0.zip//golang.org/x/sys@v0.6.0/unix/dev_aix_ppc64.go	ok
2026-09-27 14:59:35	C:\Users\lehie\AppData\Local\Temp\aiflow-security-modules-bnyayvbf\archives\golang.org_x_sys@v0.47.0.zip//golang.org/x/sys@v0.47.0/windows/memory_windows.go	ok
2026-09-27 14:59:35	C:\Users\lehie\AppData\Local\Temp\aiflow-security-modules-bnyayvbf\archives\golang.org_x_sys@v0.6.0.zip//golang.org/x/sys@v0.6.0/unix/dev_darwin.go	ok
2026-09-27 14:59:35	C:\Users\lehie\AppData\Local\Temp\aiflow-security-modules-bnyayvbf\archives\golang.org_x_sys@v0.47.0.zip//golang.org/x/sys@v0.47.0/windows/mkerrors.bash	ok
2026-09-27 14:59:35	C:\Users\lehie\AppData\Local\Temp\aiflow-security-modules-bnyayvbf\archives\golang.org_x_sys@v0.6.0.zip//golang.org/x/sys@v0.6.0/unix/dev_dragonfly.go	ok
2026-09-27 14:59:35	C:\Users\lehie\AppData\Local\Temp\aiflow-security-modules-bnyayvbf\archives\golang.org_x_sys@v0.47.0.zip//golang.org/x/sys@v0.47.0/windows/mkknownfolderids.bash	ok
2026-09-27 14:59:35	C:\Users\lehie\AppData\Local\Temp\aiflow-security-modules-bnyayvbf\archives\golang.org_x_sys@v0.6.0.zip//golang.org/x/sys@v0.6.0/unix/dev_freebsd.go	ok
2026-09-27 14:59:35	C:\Users\lehie\AppData\Local\Temp\aiflow-security-modules-bnyayvbf\archives\golang.org_x_sys@v0.47.0.zip//golang.org/x/sys@v0.47.0/windows/mksyscall.go	ok
2026-09-27 14:59:35	C:\Users\lehie\AppData\Local\Temp\aiflow-security-modules-bnyayvbf\archives\golang.org_x_sys@v0.6.0.zip//golang.org/x/sys@v0.6.0/unix/dev_linux.go	ok
2026-09-27 14:59:35	C:\Users\lehie\AppData\Local\Temp\aiflow-security-modules-bnyayvbf\archives\golang.org_x_sys@v0.6.0.zip//golang.org/x/sys@v0.6.0/unix/dev_linux_test.go	ok
2026-09-27 14:59:35	C:\Users\lehie\AppData\Local\Temp\aiflow-security-modules-bnyayvbf\archives\golang.org_x_sys@v0.6.0.zip//golang.org/x/sys@v0.6.0/unix/dev_netbsd.go	ok
2026-09-27 14:59:35	C:\Users\lehie\AppData\Local\Temp\aiflow-security-modules-bnyayvbf\archives\golang.org_x_sys@v0.47.0.zip//golang.org/x/sys@v0.47.0/windows/mkwinsyscall/mkwinsyscall.go	ok
2026-09-27 14:59:35	C:\Users\lehie\AppData\Local\Temp\aiflow-security-modules-bnyayvbf\archives\golang.org_x_sys@v0.6.0.zip//golang.org/x/sys@v0.6.0/unix/dev_openbsd.go	ok
2026-09-27 14:59:35	C:\Users\lehie\AppData\Local\Temp\aiflow-security-modules-bnyayvbf\archives\golang.org_x_sys@v0.47.0.zip//golang.org/x/sys@v0.47.0/windows/mkwinsyscall/mkwinsyscall_test.go	ok
2026-09-27 14:59:35	C:\Users\lehie\AppData\Local\Temp\aiflow-security-modules-bnyayvbf\archives\golang.org_x_sys@v0.6.0.zip//golang.org/x/sys@v0.6.0/unix/dev_zos.go	ok
2026-09-27 14:59:35	C:\Users\lehie\AppData\Local\Temp\aiflow-security-modules-bnyayvbf\archives\golang.org_x_sys@v0.47.0.zip//golang.org/x/sys@v0.47.0/windows/race.go	ok
2026-09-27 14:59:35	C:\Users\lehie\AppData\Local\Temp\aiflow-security-modules-bnyayvbf\archives\golang.org_x_sys@v0.6.0.zip//golang.org/x/sys@v0.6.0/unix/dev_zos_test.go	ok
2026-09-27 14:59:35	C:\Users\lehie\AppData\Local\Temp\aiflow-security-modules-bnyayvbf\archives\golang.org_x_sys@v0.47.0.zip//golang.org/x/sys@v0.47.0/windows/race0.go	ok
2026-09-27 14:59:35	C:\Users\lehie\AppData\Local\Temp\aiflow-security-modules-bnyayvbf\archives\golang.org_x_sys@v0.47.0.zip//golang.org/x/sys@v0.47.0/windows/registry/export_test.go	ok
2026-09-27 14:59:35	C:\Users\lehie\AppData\Local\Temp\aiflow-security-modules-bnyayvbf\archives\golang.org_x_sys@v0.6.0.zip//golang.org/x/sys@v0.6.0/unix/dirent.go	ok
2026-09-27 14:59:35	C:\Users\lehie\AppData\Local\Temp\aiflow-security-modules-bnyayvbf\archives\golang.org_x_sys@v0.47.0.zip//golang.org/x/sys@v0.47.0/windows/registry/key.go	ok
2026-09-27 14:59:35	C:\Users\lehie\AppData\Local\Temp\aiflow-security-modules-bnyayvbf\archives\golang.org_x_sys@v0.6.0.zip//golang.org/x/sys@v0.6.0/unix/dirent_test.go	ok
2026-09-27 14:59:35	C:\Users\lehie\AppData\Local\Temp\aiflow-security-modules-bnyayvbf\archives\golang.org_x_sys@v0.47.0.zip//golang.org/x/sys@v0.47.0/windows/registry/mksyscall.go	ok
2026-09-27 14:59:35	C:\Users\lehie\AppData\Local\Temp\aiflow-security-modules-bnyayvbf\archives\golang.org_x_sys@v0.6.0.zip//golang.org/x/sys@v0.6.0/unix/dup3_test.go	ok
2026-09-27 14:59:35	C:\Users\lehie\AppData\Local\Temp\aiflow-security-modules-bnyayvbf\archives\golang.org_x_sys@v0.6.0.zip//golang.org/x/sys@v0.6.0/unix/endian_big.go	ok
2026-09-27 14:59:35	C:\Users\lehie\AppData\Local\Temp\aiflow-security-modules-bnyayvbf\archives\golang.org_x_sys@v0.47.0.zip//golang.org/x/sys@v0.47.0/windows/registry/registry_test.go	ok
2026-09-27 14:59:35	C:\Users\lehie\AppData\Local\Temp\aiflow-security-modules-bnyayvbf\archives\golang.org_x_sys@v0.6.0.zip//golang.org/x/sys@v0.6.0/unix/endian_little.go	ok
2026-09-27 14:59:35	C:\Users\lehie\AppData\Local\Temp\aiflow-security-modules-bnyayvbf\archives\golang.org_x_sys@v0.47.0.zip//golang.org/x/sys@v0.47.0/windows/registry/syscall.go	ok
2026-09-27 14:59:35	C:\Users\lehie\AppData\Local\Temp\aiflow-security-modules-bnyayvbf\archives\golang.org_x_sys@v0.6.0.zip//golang.org/x/sys@v0.6.0/unix/env_unix.go	ok
2026-09-27 14:59:35	C:\Users\lehie\AppData\Local\Temp\aiflow-security-modules-bnyayvbf\archives\golang.org_x_sys@v0.47.0.zip//golang.org/x/sys@v0.47.0/windows/registry/value.go	ok
2026-09-27 14:59:35	C:\Users\lehie\AppData\Local\Temp\aiflow-security-modules-bnyayvbf\archives\golang.org_x_sys@v0.6.0.zip//golang.org/x/sys@v0.6.0/unix/epoll_zos.go	ok
2026-09-27 14:59:35	C:\Users\lehie\AppData\Local\Temp\aiflow-security-modules-bnyayvbf\archives\golang.org_x_sys@v0.47.0.zip//golang.org/x/sys@v0.47.0/windows/registry/zsyscall_windows.go	ok
2026-09-27 14:59:35	C:\Users\lehie\AppData\Local\Temp\aiflow-security-modules-bnyayvbf\archives\golang.org_x_sys@v0.6.0.zip//golang.org/x/sys@v0.6.0/unix/epoll_zos_test.go	ok
2026-09-27 14:59:35	C:\Users\lehie\AppData\Local\Temp\aiflow-security-modules-bnyayvbf\archives\golang.org_x_sys@v0.6.0.zip//golang.org/x/sys@v0.6.0/unix/example_exec_test.go	ok
2026-09-27 14:59:35	C:\Users\lehie\AppData\Local\Temp\aiflow-security-modules-bnyayvbf\archives\golang.org_x_sys@v0.47.0.zip//golang.org/x/sys@v0.47.0/windows/security_windows.go	ok
2026-09-27 14:59:35	C:\Users\lehie\AppData\Local\Temp\aiflow-security-modules-bnyayvbf\archives\golang.org_x_sys@v0.6.0.zip//golang.org/x/sys@v0.6.0/unix/example_flock_test.go	ok
2026-09-27 14:59:35	C:\Users\lehie\AppData\Local\Temp\aiflow-security-modules-bnyayvbf\archives\golang.org_x_sys@v0.6.0.zip//golang.org/x/sys@v0.6.0/unix/example_sysvshm_test.go	ok
2026-09-27 14:59:35	C:\Users\lehie\AppData\Local\Temp\aiflow-security-modules-bnyayvbf\archives\golang.org_x_sys@v0.47.0.zip//golang.org/x/sys@v0.47.0/windows/service.go	ok
2026-09-27 14:59:35	C:\Users\lehie\AppData\Local\Temp\aiflow-security-modules-bnyayvbf\archives\golang.org_x_sys@v0.6.0.zip//golang.org/x/sys@v0.6.0/unix/fcntl.go	ok
2026-09-27 14:59:35	C:\Users\lehie\AppData\Local\Temp\aiflow-security-modules-bnyayvbf\archives\golang.org_x_sys@v0.6.0.zip//golang.org/x/sys@v0.6.0/unix/fcntl_darwin.go	ok
2026-09-27 14:59:35	C:\Users\lehie\AppData\Local\Temp\aiflow-security-modules-bnyayvbf\archives\golang.org_x_sys@v0.47.0.zip//golang.org/x/sys@v0.47.0/windows/setupapi_windows.go	ok
2026-09-27 14:59:35	C:\Users\lehie\AppData\Local\Temp\aiflow-security-modules-bnyayvbf\archives\golang.org_x_sys@v0.6.0.zip//golang.org/x/sys@v0.6.0/unix/fcntl_linux_32bit.go	ok
2026-09-27 14:59:35	C:\Users\lehie\AppData\Local\Temp\aiflow-security-modules-bnyayvbf\archives\golang.org_x_sys@v0.47.0.zip//golang.org/x/sys@v0.47.0/windows/str.go	ok
2026-09-27 14:59:35	C:\Users\lehie\AppData\Local\Temp\aiflow-security-modules-bnyayvbf\archives\golang.org_x_sys@v0.6.0.zip//golang.org/x/sys@v0.6.0/unix/fdset.go	ok
2026-09-27 14:59:35	C:\Users\lehie\AppData\Local\Temp\aiflow-security-modules-bnyayvbf\archives\golang.org_x_sys@v0.47.0.zip//golang.org/x/sys@v0.47.0/windows/svc/debug/log.go	ok
2026-09-27 14:59:35	C:\Users\lehie\AppData\Local\Temp\aiflow-security-modules-bnyayvbf\archives\golang.org_x_sys@v0.6.0.zip//golang.org/x/sys@v0.6.0/unix/fdset_test.go	ok
2026-09-27 14:59:35	C:\Users\lehie\AppData\Local\Temp\aiflow-security-modules-bnyayvbf\archives\golang.org_x_sys@v0.47.0.zip//golang.org/x/sys@v0.47.0/windows/svc/debug/service.go	ok
2026-09-27 14:59:35	C:\Users\lehie\AppData\Local\Temp\aiflow-security-modules-bnyayvbf\archives\golang.org_x_sys@v0.6.0.zip//golang.org/x/sys@v0.6.0/unix/fstatfs_zos.go	ok
2026-09-27 14:59:35	C:\Users\lehie\AppData\Local\Temp\aiflow-security-modules-bnyayvbf\archives\golang.org_x_sys@v0.47.0.zip//golang.org/x/sys@v0.47.0/windows/svc/eventlog/install.go	ok
2026-09-27 14:59:35	C:\Users\lehie\AppData\Local\Temp\aiflow-security-modules-bnyayvbf\archives\golang.org_x_sys@v0.6.0.zip//golang.org/x/sys@v0.6.0/unix/fstatfs_zos_test.go	ok
2026-09-27 14:59:35	C:\Users\lehie\AppData\Local\Temp\aiflow-security-modules-bnyayvbf\archives\golang.org_x_sys@v0.47.0.zip//golang.org/x/sys@v0.47.0/windows/svc/eventlog/log.go	ok
2026-09-27 14:59:35	C:\Users\lehie\AppData\Local\Temp\aiflow-security-modules-bnyayvbf\archives\golang.org_x_sys@v0.6.0.zip//golang.org/x/sys@v0.6.0/unix/gccgo.go	ok
2026-09-27 14:59:35	C:\Users\lehie\AppData\Local\Temp\aiflow-security-modules-bnyayvbf\archives\golang.org_x_sys@v0.47.0.zip//golang.org/x/sys@v0.47.0/windows/svc/eventlog/log_test.go	ok
2026-09-27 14:59:35	C:\Users\lehie\AppData\Local\Temp\aiflow-security-modules-bnyayvbf\archives\golang.org_x_sys@v0.6.0.zip//golang.org/x/sys@v0.6.0/unix/gccgo_c.c	ok
2026-09-27 14:59:35	C:\Users\lehie\AppData\Local\Temp\aiflow-security-modules-bnyayvbf\archives\golang.org_x_sys@v0.47.0.zip//golang.org/x/sys@v0.47.0/windows/svc/example/beep.go	ok
2026-09-27 14:59:35	C:\Users\lehie\AppData\Local\Temp\aiflow-security-modules-bnyayvbf\archives\golang.org_x_sys@v0.6.0.zip//golang.org/x/sys@v0.6.0/unix/gccgo_linux_amd64.go	ok
2026-09-27 14:59:35	C:\Users\lehie\AppData\Local\Temp\aiflow-security-modules-bnyayvbf\archives\golang.org_x_sys@v0.47.0.zip//golang.org/x/sys@v0.47.0/windows/svc/example/install.go	ok
2026-09-27 14:59:35	C:\Users\lehie\AppData\Local\Temp\aiflow-security-modules-bnyayvbf\archives\golang.org_x_sys@v0.6.0.zip//golang.org/x/sys@v0.6.0/unix/getdirentries_test.go	ok
2026-09-27 14:59:35	C:\Users\lehie\AppData\Local\Temp\aiflow-security-modules-bnyayvbf\archives\golang.org_x_sys@v0.47.0.zip//golang.org/x/sys@v0.47.0/windows/svc/example/main.go	ok
2026-09-27 14:59:35	C:\Users\lehie\AppData\Local\Temp\aiflow-security-modules-bnyayvbf\archives\golang.org_x_sys@v0.6.0.zip//golang.org/x/sys@v0.6.0/unix/getfsstat_test.go	ok
2026-09-27 14:59:35	C:\Users\lehie\AppData\Local\Temp\aiflow-security-modules-bnyayvbf\archives\golang.org_x_sys@v0.47.0.zip//golang.org/x/sys@v0.47.0/windows/svc/example/manage.go	ok
2026-09-27 14:59:35	C:\Users\lehie\AppData\Local\Temp\aiflow-security-modules-bnyayvbf\archives\golang.org_x_sys@v0.6.0.zip//golang.org/x/sys@v0.6.0/unix/ifreq_linux.go	ok
2026-09-27 14:59:35	C:\Users\lehie\AppData\Local\Temp\aiflow-security-modules-bnyayvbf\archives\golang.org_x_sys@v0.47.0.zip//golang.org/x/sys@v0.47.0/windows/svc/example/service.go	ok
2026-09-27 14:59:35	C:\Users\lehie\AppData\Local\Temp\aiflow-security-modules-bnyayvbf\archives\golang.org_x_sys@v0.6.0.zip//golang.org/x/sys@v0.6.0/unix/ifreq_linux_test.go	ok
2026-09-27 14:59:35	C:\Users\lehie\AppData\Local\Temp\aiflow-security-modules-bnyayvbf\archives\golang.org_x_sys@v0.47.0.zip//golang.org/x/sys@v0.47.0/windows/svc/mgr/config.go	ok
2026-09-27 14:59:35	C:\Users\lehie\AppData\Local\Temp\aiflow-security-modules-bnyayvbf\archives\golang.org_x_sys@v0.6.0.zip//golang.org/x/sys@v0.6.0/unix/internal/mkmerge/mkmerge.go	ok
2026-09-27 14:59:35	C:\Users\lehie\AppData\Local\Temp\aiflow-security-modules-bnyayvbf\archives\golang.org_x_sys@v0.47.0.zip//golang.org/x/sys@v0.47.0/windows/svc/mgr/mgr.go	ok
2026-09-27 14:59:35	C:\Users\lehie\AppData\Local\Temp\aiflow-security-modules-bnyayvbf\archives\golang.org_x_sys@v0.6.0.zip//golang.org/x/sys@v0.6.0/unix/internal/mkmerge/mkmerge_test.go	ok
2026-09-27 14:59:35	C:\Users\lehie\AppData\Local\Temp\aiflow-security-modules-bnyayvbf\archives\golang.org_x_sys@v0.47.0.zip//golang.org/x/sys@v0.47.0/windows/svc/mgr/mgr_test.go	ok
2026-09-27 14:59:35	C:\Users\lehie\AppData\Local\Temp\aiflow-security-modules-bnyayvbf\archives\golang.org_x_sys@v0.6.0.zip//golang.org/x/sys@v0.6.0/unix/ioctl.go	ok
2026-09-27 14:59:35	C:\Users\lehie\AppData\Local\Temp\aiflow-security-modules-bnyayvbf\archives\golang.org_x_sys@v0.47.0.zip//golang.org/x/sys@v0.47.0/windows/svc/mgr/recovery.go	ok
2026-09-27 14:59:35	C:\Users\lehie\AppData\Local\Temp\aiflow-security-modules-bnyayvbf\archives\golang.org_x_sys@v0.6.0.zip//golang.org/x/sys@v0.6.0/unix/ioctl_linux.go	ok
2026-09-27 14:59:35	C:\Users\lehie\AppData\Local\Temp\aiflow-security-modules-bnyayvbf\archives\golang.org_x_sys@v0.47.0.zip//golang.org/x/sys@v0.47.0/windows/svc/mgr/service.go	ok
2026-09-27 14:59:35	C:\Users\lehie\AppData\Local\Temp\aiflow-security-modules-bnyayvbf\archives\golang.org_x_sys@v0.6.0.zip//golang.org/x/sys@v0.6.0/unix/ioctl_zos.go	ok
2026-09-27 14:59:35	C:\Users\lehie\AppData\Local\Temp\aiflow-security-modules-bnyayvbf\archives\golang.org_x_sys@v0.47.0.zip//golang.org/x/sys@v0.47.0/windows/svc/security.go	ok
2026-09-27 14:59:35	C:\Users\lehie\AppData\Local\Temp\aiflow-security-modules-bnyayvbf\archives\golang.org_x_sys@v0.6.0.zip//golang.org/x/sys@v0.6.0/unix/linux/Dockerfile	ok
2026-09-27 14:59:35	C:\Users\lehie\AppData\Local\Temp\aiflow-security-modules-bnyayvbf\archives\golang.org_x_sys@v0.47.0.zip//golang.org/x/sys@v0.47.0/windows/svc/service.go	ok
2026-09-27 14:59:35	C:\Users\lehie\AppData\Local\Temp\aiflow-security-modules-bnyayvbf\archives\golang.org_x_sys@v0.6.0.zip//golang.org/x/sys@v0.6.0/unix/linux/mkall.go	ok
2026-09-27 14:59:35	C:\Users\lehie\AppData\Local\Temp\aiflow-security-modules-bnyayvbf\archives\golang.org_x_sys@v0.47.0.zip//golang.org/x/sys@v0.47.0/windows/svc/svc_test.go	ok
2026-09-27 14:59:35	C:\Users\lehie\AppData\Local\Temp\aiflow-security-modules-bnyayvbf\archives\golang.org_x_sys@v0.6.0.zip//golang.org/x/sys@v0.6.0/unix/linux/mksysnum.go	ok
2026-09-27 14:59:35	C:\Users\lehie\AppData\Local\Temp\aiflow-security-modules-bnyayvbf\archives\golang.org_x_sys@v0.47.0.zip//golang.org/x/sys@v0.47.0/windows/syscall.go	ok
2026-09-27 14:59:35	C:\Users\lehie\AppData\Local\Temp\aiflow-security-modules-bnyayvbf\archives\golang.org_x_sys@v0.47.0.zip//golang.org/x/sys@v0.47.0/windows/syscall_test.go	ok
2026-09-27 14:59:35	C:\Users\lehie\AppData\Local\Temp\aiflow-security-modules-bnyayvbf\archives\golang.org_x_sys@v0.6.0.zip//golang.org/x/sys@v0.6.0/unix/linux/types.go	ok
2026-09-27 14:59:35	C:\Users\lehie\AppData\Local\Temp\aiflow-security-modules-bnyayvbf\archives\golang.org_x_sys@v0.47.0.zip//golang.org/x/sys@v0.47.0/windows/syscall_windows.go	ok
2026-09-27 14:59:35	C:\Users\lehie\AppData\Local\Temp\aiflow-security-modules-bnyayvbf\archives\golang.org_x_sys@v0.6.0.zip//golang.org/x/sys@v0.6.0/unix/mkall.sh	ok
2026-09-27 14:59:35	C:\Users\lehie\AppData\Local\Temp\aiflow-security-modules-bnyayvbf\archives\golang.org_x_sys@v0.6.0.zip//golang.org/x/sys@v0.6.0/unix/mkasm.go	ok
2026-09-27 14:59:35	C:\Users\lehie\AppData\Local\Temp\aiflow-security-modules-bnyayvbf\archives\golang.org_x_sys@v0.47.0.zip//golang.org/x/sys@v0.47.0/windows/syscall_windows_test.go	ok
2026-09-27 14:59:35	C:\Users\lehie\AppData\Local\Temp\aiflow-security-modules-bnyayvbf\archives\golang.org_x_sys@v0.47.0.zip//golang.org/x/sys@v0.47.0/windows/testdata/README	ok
2026-09-27 14:59:35	C:\Users\lehie\AppData\Local\Temp\aiflow-security-modules-bnyayvbf\archives\golang.org_x_sys@v0.6.0.zip//golang.org/x/sys@v0.6.0/unix/mkerrors.sh	ok
2026-09-27 14:59:35	C:\Users\lehie\AppData\Local\Temp\aiflow-security-modules-bnyayvbf\archives\golang.org_x_sys@v0.6.0.zip//golang.org/x/sys@v0.6.0/unix/mkpost.go	ok
2026-09-27 14:59:35	C:\Users\lehie\AppData\Local\Temp\aiflow-security-modules-bnyayvbf\archives\golang.org_x_sys@v0.6.0.zip//golang.org/x/sys@v0.6.0/unix/mksyscall.go	ok
2026-09-27 14:59:35	C:\Users\lehie\AppData\Local\Temp\aiflow-security-modules-bnyayvbf\archives\golang.org_x_sys@v0.47.0.zip//golang.org/x/sys@v0.47.0/windows/testdata/ev-signed-file.exe	ok
2026-09-27 14:59:35	C:\Users\lehie\AppData\Local\Temp\aiflow-security-modules-bnyayvbf\archives\golang.org_x_sys@v0.6.0.zip//golang.org/x/sys@v0.6.0/unix/mksyscall_aix_ppc.go	ok
2026-09-27 14:59:35	C:\Users\lehie\AppData\Local\Temp\aiflow-security-modules-bnyayvbf\archives\golang.org_x_sys@v0.6.0.zip//golang.org/x/sys@v0.6.0/unix/mksyscall_aix_ppc64.go	ok
2026-09-27 14:59:35	C:\Users\lehie\AppData\Local\Temp\aiflow-security-modules-bnyayvbf\archives\golang.org_x_sys@v0.47.0.zip//golang.org/x/sys@v0.47.0/windows/types_windows.go	ok
2026-09-27 14:59:35	C:\Users\lehie\AppData\Local\Temp\aiflow-security-modules-bnyayvbf\archives\golang.org_x_sys@v0.6.0.zip//golang.org/x/sys@v0.6.0/unix/mksyscall_solaris.go	ok
2026-09-27 14:59:35	C:\Users\lehie\AppData\Local\Temp\aiflow-security-modules-bnyayvbf\archives\golang.org_x_sys@v0.47.0.zip//golang.org/x/sys@v0.47.0/windows/types_windows_386.go	ok
2026-09-27 14:59:35	C:\Users\lehie\AppData\Local\Temp\aiflow-security-modules-bnyayvbf\archives\golang.org_x_sys@v0.6.0.zip//golang.org/x/sys@v0.6.0/unix/mksysctl_openbsd.go	ok
2026-09-27 14:59:35	C:\Users\lehie\AppData\Local\Temp\aiflow-security-modules-bnyayvbf\archives\golang.org_x_sys@v0.47.0.zip//golang.org/x/sys@v0.47.0/windows/types_windows_amd64.go	ok
2026-09-27 14:59:35	C:\Users\lehie\AppData\Local\Temp\aiflow-security-modules-bnyayvbf\archives\golang.org_x_sys@v0.47.0.zip//golang.org/x/sys@v0.47.0/windows/types_windows_arm.go	ok
2026-09-27 14:59:35	C:\Users\lehie\AppData\Local\Temp\aiflow-security-modules-bnyayvbf\archives\golang.org_x_sys@v0.6.0.zip//golang.org/x/sys@v0.6.0/unix/mksysnum.go	ok
2026-09-27 14:59:35	C:\Users\lehie\AppData\Local\Temp\aiflow-security-modules-bnyayvbf\archives\golang.org_x_sys@v0.47.0.zip//golang.org/x/sys@v0.47.0/windows/types_windows_arm64.go	ok
2026-09-27 14:59:35	C:\Users\lehie\AppData\Local\Temp\aiflow-security-modules-bnyayvbf\archives\golang.org_x_sys@v0.6.0.zip//golang.org/x/sys@v0.6.0/unix/mmap_unix_test.go	ok
2026-09-27 14:59:35	C:\Users\lehie\AppData\Local\Temp\aiflow-security-modules-bnyayvbf\archives\golang.org_x_sys@v0.6.0.zip//golang.org/x/sys@v0.6.0/unix/mmap_zos_test.go	ok
2026-09-27 14:59:35	C:\Users\lehie\AppData\Local\Temp\aiflow-security-modules-bnyayvbf\archives\golang.org_x_sys@v0.47.0.zip//golang.org/x/sys@v0.47.0/windows/xattr_test.go	ok
2026-09-27 14:59:35	C:\Users\lehie\AppData\Local\Temp\aiflow-security-modules-bnyayvbf\archives\golang.org_x_sys@v0.6.0.zip//golang.org/x/sys@v0.6.0/unix/openbsd_test.go	ok
2026-09-27 14:59:35	C:\Users\lehie\AppData\Local\Temp\aiflow-security-modules-bnyayvbf\archives\golang.org_x_sys@v0.6.0.zip//golang.org/x/sys@v0.6.0/unix/pagesize_unix.go	ok
2026-09-27 14:59:35	C:\Users\lehie\AppData\Local\Temp\aiflow-security-modules-bnyayvbf\archives\golang.org_x_sys@v0.6.0.zip//golang.org/x/sys@v0.6.0/unix/pipe2_test.go	ok
2026-09-27 14:59:35	C:\Users\lehie\AppData\Local\Temp\aiflow-security-modules-bnyayvbf\archives\golang.org_x_sys@v0.6.0.zip//golang.org/x/sys@v0.6.0/unix/pledge_openbsd.go	ok
2026-09-27 14:59:35 	C:\Users\lehie\AppData\Local\Temp\aiflow-security-modules-bnyayvbf\archives\golang.org_x_sys@v0.47.0.zip//golang.org/x/sys@v0.47.0/windows/zerrors_windows.go	archive	Oxl
2026-09-27 14:59:35	C:\Users\lehie\AppData\Local\Temp\aiflow-security-modules-bnyayvbf\archives\golang.org_x_sys@v0.6.0.zip//golang.org/x/sys@v0.6.0/unix/ptrace_darwin.go	ok
2026-09-27 14:59:35	C:\Users\lehie\AppData\Local\Temp\aiflow-security-modules-bnyayvbf\archives\golang.org_x_sys@v0.6.0.zip//golang.org/x/sys@v0.6.0/unix/ptrace_ios.go	ok
2026-09-27 14:59:35	C:\Users\lehie\AppData\Local\Temp\aiflow-security-modules-bnyayvbf\archives\golang.org_x_sys@v0.6.0.zip//golang.org/x/sys@v0.6.0/unix/race.go	ok
2026-09-27 14:59:35	C:\Users\lehie\AppData\Local\Temp\aiflow-security-modules-bnyayvbf\archives\golang.org_x_sys@v0.6.0.zip//golang.org/x/sys@v0.6.0/unix/race0.go	ok
2026-09-27 14:59:35	C:\Users\lehie\AppData\Local\Temp\aiflow-security-modules-bnyayvbf\archives\golang.org_x_sys@v0.47.0.zip//golang.org/x/sys@v0.47.0/windows/zerrors_windows.go	ok
2026-09-27 14:59:35	C:\Users\lehie\AppData\Local\Temp\aiflow-security-modules-bnyayvbf\archives\golang.org_x_sys@v0.6.0.zip//golang.org/x/sys@v0.6.0/unix/readdirent_getdents.go	ok
2026-09-27 14:59:35	C:\Users\lehie\AppData\Local\Temp\aiflow-security-modules-bnyayvbf\archives\golang.org_x_sys@v0.47.0.zip//golang.org/x/sys@v0.47.0/windows/zknownfolderids_windows.go	ok
2026-09-27 14:59:35	C:\Users\lehie\AppData\Local\Temp\aiflow-security-modules-bnyayvbf\archives\golang.org_x_sys@v0.6.0.zip//golang.org/x/sys@v0.6.0/unix/readdirent_getdirentries.go	ok
2026-09-27 14:59:35	C:\Users\lehie\AppData\Local\Temp\aiflow-security-modules-bnyayvbf\archives\golang.org_x_sys@v0.6.0.zip//golang.org/x/sys@v0.6.0/unix/sendfile_test.go	ok
2026-09-27 14:59:35	C:\Users\lehie\AppData\Local\Temp\aiflow-security-modules-bnyayvbf\archives\golang.org_x_sys@v0.6.0.zip//golang.org/x/sys@v0.6.0/unix/sockcmsg_dragonfly.go	ok
2026-09-27 14:59:35	C:\Users\lehie\AppData\Local\Temp\aiflow-security-modules-bnyayvbf\archives\golang.org_x_sys@v0.6.0.zip//golang.org/x/sys@v0.6.0/unix/sockcmsg_linux.go	ok
2026-09-27 14:59:35	C:\Users\lehie\AppData\Local\Temp\aiflow-security-modules-bnyayvbf\archives\golang.org_x_sys@v0.6.0.zip//golang.org/x/sys@v0.6.0/unix/sockcmsg_unix.go	ok
2026-09-27 14:59:35	C:\Users\lehie\AppData\Local\Temp\aiflow-security-modules-bnyayvbf\archives\golang.org_x_sys@v0.47.0.zip//golang.org/x/sys@v0.47.0/windows/zsyscall_windows.go	ok
2026-09-27 14:59:35	C:\Users\lehie\AppData\Local\Temp\aiflow-security-modules-bnyayvbf\archives\golang.org_x_sys@v0.47.0.zip	ok
2026-09-27 14:59:35	C:\Users\lehie\AppData\Local\Temp\aiflow-security-modules-bnyayvbf\archives\golang.org_x_sys@v0.6.0.zip//golang.org/x/sys@v0.6.0/unix/sockcmsg_unix_other.go	ok
2026-09-27 14:59:35	C:\Users\lehie\AppData\Local\Temp\aiflow-security-modules-bnyayvbf\archives\golang.org_x_sys@v0.6.0.zip//golang.org/x/sys@v0.6.0/unix/syscall.go	ok
2026-09-27 14:59:35	C:\Users\lehie\AppData\Local\Temp\aiflow-security-modules-bnyayvbf\archives\golang.org_x_sys@v0.6.0.zip//golang.org/x/sys@v0.6.0/unix/syscall_aix.go	ok
2026-09-27 14:59:35	C:\Users\lehie\AppData\Local\Temp\aiflow-security-modules-bnyayvbf\archives\golang.org_x_sys@v0.6.0.zip//golang.org/x/sys@v0.6.0/unix/syscall_aix_ppc.go	ok
2026-09-27 14:59:35	C:\Users\lehie\AppData\Local\Temp\aiflow-security-modules-bnyayvbf\archives\golang.org_x_sys@v0.6.0.zip//golang.org/x/sys@v0.6.0/unix/syscall_aix_ppc64.go	ok
2026-09-27 14:59:35	C:\Users\lehie\AppData\Local\Temp\aiflow-security-modules-bnyayvbf\archives\golang.org_x_sys@v0.6.0.zip//golang.org/x/sys@v0.6.0/unix/syscall_aix_test.go	ok
2026-09-27 14:59:35 	C:\Users\lehie\AppData\Local\Temp\aiflow-security-modules-bnyayvbf\archives\golang.org_x_text@v0.41.0.zip	archive	ZIP
2026-09-27 14:59:35	C:\Users\lehie\AppData\Local\Temp\aiflow-security-modules-bnyayvbf\archives\golang.org_x_sys@v0.6.0.zip//golang.org/x/sys@v0.6.0/unix/syscall_bsd.go	ok
2026-09-27 14:59:35	C:\Users\lehie\AppData\Local\Temp\aiflow-security-modules-bnyayvbf\archives\golang.org_x_text@v0.41.0.zip//golang.org/x/text@v0.41.0/.gitattributes	ok
2026-09-27 14:59:35	C:\Users\lehie\AppData\Local\Temp\aiflow-security-modules-bnyayvbf\archives\golang.org_x_sys@v0.6.0.zip//golang.org/x/sys@v0.6.0/unix/syscall_bsd_test.go	ok
2026-09-27 14:59:35	C:\Users\lehie\AppData\Local\Temp\aiflow-security-modules-bnyayvbf\archives\golang.org_x_text@v0.41.0.zip//golang.org/x/text@v0.41.0/.gitignore	ok
2026-09-27 14:59:35	C:\Users\lehie\AppData\Local\Temp\aiflow-security-modules-bnyayvbf\archives\golang.org_x_text@v0.41.0.zip//golang.org/x/text@v0.41.0/CONTRIBUTING.md	ok
2026-09-27 14:59:35	C:\Users\lehie\AppData\Local\Temp\aiflow-security-modules-bnyayvbf\archives\golang.org_x_sys@v0.6.0.zip//golang.org/x/sys@v0.6.0/unix/syscall_darwin.go	ok
2026-09-27 14:59:35	C:\Users\lehie\AppData\Local\Temp\aiflow-security-modules-bnyayvbf\archives\golang.org_x_text@v0.41.0.zip//golang.org/x/text@v0.41.0/LICENSE	ok
2026-09-27 14:59:35	C:\Users\lehie\AppData\Local\Temp\aiflow-security-modules-bnyayvbf\archives\golang.org_x_sys@v0.6.0.zip//golang.org/x/sys@v0.6.0/unix/syscall_darwin_amd64.go	ok
2026-09-27 14:59:35	C:\Users\lehie\AppData\Local\Temp\aiflow-security-modules-bnyayvbf\archives\golang.org_x_text@v0.41.0.zip//golang.org/x/text@v0.41.0/PATENTS	ok
2026-09-27 14:59:35	C:\Users\lehie\AppData\Local\Temp\aiflow-security-modules-bnyayvbf\archives\golang.org_x_sys@v0.6.0.zip//golang.org/x/sys@v0.6.0/unix/syscall_darwin_arm64.go	ok
2026-09-27 14:59:35	C:\Users\lehie\AppData\Local\Temp\aiflow-security-modules-bnyayvbf\archives\golang.org_x_text@v0.41.0.zip//golang.org/x/text@v0.41.0/README.md	ok
2026-09-27 14:59:35	C:\Users\lehie\AppData\Local\Temp\aiflow-security-modules-bnyayvbf\archives\golang.org_x_sys@v0.6.0.zip//golang.org/x/sys@v0.6.0/unix/syscall_darwin_libSystem.go	ok
2026-09-27 14:59:35	C:\Users\lehie\AppData\Local\Temp\aiflow-security-modules-bnyayvbf\archives\golang.org_x_text@v0.41.0.zip//golang.org/x/text@v0.41.0/cases/cases.go	ok
2026-09-27 14:59:35	C:\Users\lehie\AppData\Local\Temp\aiflow-security-modules-bnyayvbf\archives\golang.org_x_sys@v0.6.0.zip//golang.org/x/sys@v0.6.0/unix/syscall_darwin_test.go	ok
2026-09-27 14:59:35	C:\Users\lehie\AppData\Local\Temp\aiflow-security-modules-bnyayvbf\archives\golang.org_x_text@v0.41.0.zip//golang.org/x/text@v0.41.0/cases/context.go	ok
2026-09-27 14:59:35	C:\Users\lehie\AppData\Local\Temp\aiflow-security-modules-bnyayvbf\archives\golang.org_x_sys@v0.6.0.zip//golang.org/x/sys@v0.6.0/unix/syscall_dragonfly.go	ok
2026-09-27 14:59:35	C:\Users\lehie\AppData\Local\Temp\aiflow-security-modules-bnyayvbf\archives\golang.org_x_text@v0.41.0.zip//golang.org/x/text@v0.41.0/cases/context_test.go	ok
2026-09-27 14:59:35	C:\Users\lehie\AppData\Local\Temp\aiflow-security-modules-bnyayvbf\archives\golang.org_x_sys@v0.6.0.zip//golang.org/x/sys@v0.6.0/unix/syscall_dragonfly_amd64.go	ok
2026-09-27 14:59:35	C:\Users\lehie\AppData\Local\Temp\aiflow-security-modules-bnyayvbf\archives\golang.org_x_text@v0.41.0.zip//golang.org/x/text@v0.41.0/cases/example_test.go	ok
2026-09-27 14:59:35	C:\Users\lehie\AppData\Local\Temp\aiflow-security-modules-bnyayvbf\archives\golang.org_x_sys@v0.6.0.zip//golang.org/x/sys@v0.6.0/unix/syscall_freebsd.go	ok
2026-09-27 14:59:35	C:\Users\lehie\AppData\Local\Temp\aiflow-security-modules-bnyayvbf\archives\golang.org_x_text@v0.41.0.zip//golang.org/x/text@v0.41.0/cases/fold.go	ok
2026-09-27 14:59:35	C:\Users\lehie\AppData\Local\Temp\aiflow-security-modules-bnyayvbf\archives\golang.org_x_sys@v0.6.0.zip//golang.org/x/sys@v0.6.0/unix/syscall_freebsd_386.go	ok
2026-09-27 14:59:35	C:\Users\lehie\AppData\Local\Temp\aiflow-security-modules-bnyayvbf\archives\golang.org_x_text@v0.41.0.zip//golang.org/x/text@v0.41.0/cases/fold_test.go	ok
2026-09-27 14:59:35	C:\Users\lehie\AppData\Local\Temp\aiflow-security-modules-bnyayvbf\archives\golang.org_x_sys@v0.6.0.zip//golang.org/x/sys@v0.6.0/unix/syscall_freebsd_amd64.go	ok
2026-09-27 14:59:35	C:\Users\lehie\AppData\Local\Temp\aiflow-security-modules-bnyayvbf\archives\golang.org_x_text@v0.41.0.zip//golang.org/x/text@v0.41.0/cases/gen.go	ok
2026-09-27 14:59:35	C:\Users\lehie\AppData\Local\Temp\aiflow-security-modules-bnyayvbf\archives\golang.org_x_sys@v0.6.0.zip//golang.org/x/sys@v0.6.0/unix/syscall_freebsd_arm.go	ok
2026-09-27 14:59:35	C:\Users\lehie\AppData\Local\Temp\aiflow-security-modules-bnyayvbf\archives\golang.org_x_sys@v0.6.0.zip//golang.org/x/sys@v0.6.0/unix/syscall_freebsd_arm64.go	ok
2026-09-27 14:59:35	C:\Users\lehie\AppData\Local\Temp\aiflow-security-modules-bnyayvbf\archives\golang.org_x_text@v0.41.0.zip//golang.org/x/text@v0.41.0/cases/gen_trieval.go	ok
2026-09-27 14:59:35	C:\Users\lehie\AppData\Local\Temp\aiflow-security-modules-bnyayvbf\archives\golang.org_x_sys@v0.6.0.zip//golang.org/x/sys@v0.6.0/unix/syscall_freebsd_riscv64.go	ok
2026-09-27 14:59:35	C:\Users\lehie\AppData\Local\Temp\aiflow-security-modules-bnyayvbf\archives\golang.org_x_text@v0.41.0.zip//golang.org/x/text@v0.41.0/cases/icu.go	ok
2026-09-27 14:59:35	C:\Users\lehie\AppData\Local\Temp\aiflow-security-modules-bnyayvbf\archives\golang.org_x_text@v0.41.0.zip//golang.org/x/text@v0.41.0/cases/icu_test.go	ok
2026-09-27 14:59:35	C:\Users\lehie\AppData\Local\Temp\aiflow-security-modules-bnyayvbf\archives\golang.org_x_sys@v0.6.0.zip//golang.org/x/sys@v0.6.0/unix/syscall_freebsd_test.go	ok
2026-09-27 14:59:35	C:\Users\lehie\AppData\Local\Temp\aiflow-security-modules-bnyayvbf\archives\golang.org_x_sys@v0.6.0.zip//golang.org/x/sys@v0.6.0/unix/syscall_hurd.go	ok
2026-09-27 14:59:35	C:\Users\lehie\AppData\Local\Temp\aiflow-security-modules-bnyayvbf\archives\golang.org_x_text@v0.41.0.zip//golang.org/x/text@v0.41.0/cases/info.go	ok
2026-09-27 14:59:35	C:\Users\lehie\AppData\Local\Temp\aiflow-security-modules-bnyayvbf\archives\golang.org_x_sys@v0.6.0.zip//golang.org/x/sys@v0.6.0/unix/syscall_hurd_386.go	ok
2026-09-27 14:59:35	C:\Users\lehie\AppData\Local\Temp\aiflow-security-modules-bnyayvbf\archives\golang.org_x_sys@v0.6.0.zip//golang.org/x/sys@v0.6.0/unix/syscall_illumos.go	ok
2026-09-27 14:59:35	C:\Users\lehie\AppData\Local\Temp\aiflow-security-modules-bnyayvbf\archives\golang.org_x_text@v0.41.0.zip//golang.org/x/text@v0.41.0/cases/map.go	ok
2026-09-27 14:59:35	C:\Users\lehie\AppData\Local\Temp\aiflow-security-modules-bnyayvbf\archives\golang.org_x_sys@v0.6.0.zip//golang.org/x/sys@v0.6.0/unix/syscall_internal_bsd_test.go	ok
2026-09-27 14:59:35	C:\Users\lehie\AppData\Local\Temp\aiflow-security-modules-bnyayvbf\archives\golang.org_x_text@v0.41.0.zip//golang.org/x/text@v0.41.0/cases/map_test.go	ok
2026-09-27 14:59:35	C:\Users\lehie\AppData\Local\Temp\aiflow-security-modules-bnyayvbf\archives\golang.org_x_sys@v0.6.0.zip//golang.org/x/sys@v0.6.0/unix/syscall_internal_darwin_test.go	ok
2026-09-27 14:59:35	C:\Users\lehie\AppData\Local\Temp\aiflow-security-modules-bnyayvbf\archives\golang.org_x_sys@v0.6.0.zip//golang.org/x/sys@v0.6.0/unix/syscall_internal_linux_test.go	ok
2026-09-27 14:59:35	C:\Users\lehie\AppData\Local\Temp\aiflow-security-modules-bnyayvbf\archives\golang.org_x_text@v0.41.0.zip//golang.org/x/text@v0.41.0/cases/tables15.0.0.go	ok
2026-09-27 14:59:35	C:\Users\lehie\AppData\Local\Temp\aiflow-security-modules-bnyayvbf\archives\golang.org_x_sys@v0.6.0.zip//golang.org/x/sys@v0.6.0/unix/syscall_internal_solaris_test.go	ok
2026-09-27 14:59:35	C:\Users\lehie\AppData\Local\Temp\aiflow-security-modules-bnyayvbf\archives\golang.org_x_text@v0.41.0.zip//golang.org/x/text@v0.41.0/cases/tables15.0.0_test.go	ok
2026-09-27 14:59:35	C:\Users\lehie\AppData\Local\Temp\aiflow-security-modules-bnyayvbf\archives\golang.org_x_sys@v0.6.0.zip//golang.org/x/sys@v0.6.0/unix/syscall_linux.go	ok
2026-09-27 14:59:35	C:\Users\lehie\AppData\Local\Temp\aiflow-security-modules-bnyayvbf\archives\golang.org_x_text@v0.41.0.zip//golang.org/x/text@v0.41.0/cases/tables17.0.0.go	ok
2026-09-27 14:59:35	C:\Users\lehie\AppData\Local\Temp\aiflow-security-modules-bnyayvbf\archives\golang.org_x_sys@v0.6.0.zip//golang.org/x/sys@v0.6.0/unix/syscall_linux_386.go	ok
2026-09-27 14:59:35	C:\Users\lehie\AppData\Local\Temp\aiflow-security-modules-bnyayvbf\archives\golang.org_x_text@v0.41.0.zip//golang.org/x/text@v0.41.0/cases/tables17.0.0_test.go	ok
2026-09-27 14:59:35	C:\Users\lehie\AppData\Local\Temp\aiflow-security-modules-bnyayvbf\archives\golang.org_x_sys@v0.6.0.zip//golang.org/x/sys@v0.6.0/unix/syscall_linux_alarm.go	ok
2026-09-27 14:59:35	C:\Users\lehie\AppData\Local\Temp\aiflow-security-modules-bnyayvbf\archives\golang.org_x_text@v0.41.0.zip//golang.org/x/text@v0.41.0/cases/trieval.go	ok
2026-09-27 14:59:35	C:\Users\lehie\AppData\Local\Temp\aiflow-security-modules-bnyayvbf\archives\golang.org_x_sys@v0.6.0.zip//golang.org/x/sys@v0.6.0/unix/syscall_linux_amd64.go	ok
2026-09-27 14:59:35	C:\Users\lehie\AppData\Local\Temp\aiflow-security-modules-bnyayvbf\archives\golang.org_x_text@v0.41.0.zip//golang.org/x/text@v0.41.0/cmd/gotext/common.go	ok
2026-09-27 14:59:35	C:\Users\lehie\AppData\Local\Temp\aiflow-security-modules-bnyayvbf\archives\golang.org_x_sys@v0.6.0.zip//golang.org/x/sys@v0.6.0/unix/syscall_linux_amd64_gc.go	ok
2026-09-27 14:59:35	C:\Users\lehie\AppData\Local\Temp\aiflow-security-modules-bnyayvbf\archives\golang.org_x_text@v0.41.0.zip//golang.org/x/text@v0.41.0/cmd/gotext/doc.go	ok
2026-09-27 14:59:35	C:\Users\lehie\AppData\Local\Temp\aiflow-security-modules-bnyayvbf\archives\golang.org_x_sys@v0.6.0.zip//golang.org/x/sys@v0.6.0/unix/syscall_linux_arm.go	ok
2026-09-27 14:59:35	C:\Users\lehie\AppData\Local\Temp\aiflow-security-modules-bnyayvbf\archives\golang.org_x_text@v0.41.0.zip//golang.org/x/text@v0.41.0/cmd/gotext/examples/extract/catalog.go	ok
2026-09-27 14:59:35	C:\Users\lehie\AppData\Local\Temp\aiflow-security-modules-bnyayvbf\archives\golang.org_x_text@v0.41.0.zip//golang.org/x/text@v0.41.0/cmd/gotext/examples/extract/locales/de/messages.gotext.json	ok
2026-09-27 14:59:35	C:\Users\lehie\AppData\Local\Temp\aiflow-security-modules-bnyayvbf\archives\golang.org_x_sys@v0.6.0.zip//golang.org/x/sys@v0.6.0/unix/syscall_linux_arm64.go	ok
2026-09-27 14:59:35	C:\Users\lehie\AppData\Local\Temp\aiflow-security-modules-bnyayvbf\archives\golang.org_x_sys@v0.6.0.zip//golang.org/x/sys@v0.6.0/unix/syscall_linux_gc.go	ok
2026-09-27 14:59:35	C:\Users\lehie\AppData\Local\Temp\aiflow-security-modules-bnyayvbf\archives\golang.org_x_text@v0.41.0.zip//golang.org/x/text@v0.41.0/cmd/gotext/examples/extract/locales/de/out.gotext.json	ok
2026-09-27 14:59:35	C:\Users\lehie\AppData\Local\Temp\aiflow-security-modules-bnyayvbf\archives\golang.org_x_sys@v0.6.0.zip//golang.org/x/sys@v0.6.0/unix/syscall_linux_gc_386.go	ok
2026-09-27 14:59:35	C:\Users\lehie\AppData\Local\Temp\aiflow-security-modules-bnyayvbf\archives\golang.org_x_text@v0.41.0.zip//golang.org/x/text@v0.41.0/cmd/gotext/examples/extract/locales/en-US/messages.gotext.json	ok
2026-09-27 14:59:35	C:\Users\lehie\AppData\Local\Temp\aiflow-security-modules-bnyayvbf\archives\golang.org_x_sys@v0.6.0.zip//golang.org/x/sys@v0.6.0/unix/syscall_linux_gc_arm.go	ok
2026-09-27 14:59:35	C:\Users\lehie\AppData\Local\Temp\aiflow-security-modules-bnyayvbf\archives\golang.org_x_text@v0.41.0.zip//golang.org/x/text@v0.41.0/cmd/gotext/examples/extract/locales/en-US/out.gotext.json	ok
2026-09-27 14:59:35	C:\Users\lehie\AppData\Local\Temp\aiflow-security-modules-bnyayvbf\archives\golang.org_x_sys@v0.6.0.zip//golang.org/x/sys@v0.6.0/unix/syscall_linux_gccgo_386.go	ok
2026-09-27 14:59:35	C:\Users\lehie\AppData\Local\Temp\aiflow-security-modules-bnyayvbf\archives\golang.org_x_text@v0.41.0.zip//golang.org/x/text@v0.41.0/cmd/gotext/examples/extract/locales/zh/messages.gotext.json	ok
2026-09-27 14:59:35	C:\Users\lehie\AppData\Local\Temp\aiflow-security-modules-bnyayvbf\archives\golang.org_x_text@v0.41.0.zip//golang.org/x/text@v0.41.0/cmd/gotext/examples/extract/locales/zh/out.gotext.json	ok
2026-09-27 14:59:35	C:\Users\lehie\AppData\Local\Temp\aiflow-security-modules-bnyayvbf\archives\golang.org_x_sys@v0.6.0.zip//golang.org/x/sys@v0.6.0/unix/syscall_linux_gccgo_arm.go	ok
2026-09-27 14:59:35	C:\Users\lehie\AppData\Local\Temp\aiflow-security-modules-bnyayvbf\archives\golang.org_x_text@v0.41.0.zip//golang.org/x/text@v0.41.0/cmd/gotext/examples/extract/main.go	ok
2026-09-27 14:59:35	C:\Users\lehie\AppData\Local\Temp\aiflow-security-modules-bnyayvbf\archives\golang.org_x_sys@v0.6.0.zip//golang.org/x/sys@v0.6.0/unix/syscall_linux_loong64.go	ok
2026-09-27 14:59:35	C:\Users\lehie\AppData\Local\Temp\aiflow-security-modules-bnyayvbf\archives\golang.org_x_text@v0.41.0.zip//golang.org/x/text@v0.41.0/cmd/gotext/examples/extract_http/catalog_gen.go	ok
2026-09-27 14:59:35	C:\Users\lehie\AppData\Local\Temp\aiflow-security-modules-bnyayvbf\archives\golang.org_x_sys@v0.6.0.zip//golang.org/x/sys@v0.6.0/unix/syscall_linux_mips64x.go	ok
2026-09-27 14:59:35	C:\Users\lehie\AppData\Local\Temp\aiflow-security-modules-bnyayvbf\archives\golang.org_x_text@v0.41.0.zip//golang.org/x/text@v0.41.0/cmd/gotext/examples/extract_http/locales/de/out.gotext.json	ok
2026-09-27 14:59:35	C:\Users\lehie\AppData\Local\Temp\aiflow-security-modules-bnyayvbf\archives\golang.org_x_sys@v0.6.0.zip//golang.org/x/sys@v0.6.0/unix/syscall_linux_mipsx.go	ok
2026-09-27 14:59:35	C:\Users\lehie\AppData\Local\Temp\aiflow-security-modules-bnyayvbf\archives\golang.org_x_text@v0.41.0.zip//golang.org/x/text@v0.41.0/cmd/gotext/examples/extract_http/locales/en-US/out.gotext.json	ok
2026-09-27 14:59:35	C:\Users\lehie\AppData\Local\Temp\aiflow-security-modules-bnyayvbf\archives\golang.org_x_text@v0.41.0.zip//golang.org/x/text@v0.41.0/cmd/gotext/examples/extract_http/locales/en/out.gotext.json	ok
2026-09-27 14:59:35	C:\Users\lehie\AppData\Local\Temp\aiflow-security-modules-bnyayvbf\archives\golang.org_x_sys@v0.6.0.zip//golang.org/x/sys@v0.6.0/unix/syscall_linux_ppc.go	ok
2026-09-27 14:59:35	C:\Users\lehie\AppData\Local\Temp\aiflow-security-modules-bnyayvbf\archives\golang.org_x_text@v0.41.0.zip//golang.org/x/text@v0.41.0/cmd/gotext/examples/extract_http/locales/zh/out.gotext.json	ok
2026-09-27 14:59:35	C:\Users\lehie\AppData\Local\Temp\aiflow-security-modules-bnyayvbf\archives\golang.org_x_sys@v0.6.0.zip//golang.org/x/sys@v0.6.0/unix/syscall_linux_ppc64x.go	ok
2026-09-27 14:59:35	C:\Users\lehie\AppData\Local\Temp\aiflow-security-modules-bnyayvbf\archives\golang.org_x_text@v0.41.0.zip//golang.org/x/text@v0.41.0/cmd/gotext/examples/extract_http/main.go	ok
2026-09-27 14:59:35	C:\Users\lehie\AppData\Local\Temp\aiflow-security-modules-bnyayvbf\archives\golang.org_x_text@v0.41.0.zip//golang.org/x/text@v0.41.0/cmd/gotext/examples/extract_http/pkg/pkg.go	ok
2026-09-27 14:59:35	C:\Users\lehie\AppData\Local\Temp\aiflow-security-modules-bnyayvbf\archives\golang.org_x_sys@v0.6.0.zip//golang.org/x/sys@v0.6.0/unix/syscall_linux_riscv64.go	ok
2026-09-27 14:59:35	C:\Users\lehie\AppData\Local\Temp\aiflow-security-modules-bnyayvbf\archives\golang.org_x_text@v0.41.0.zip//golang.org/x/text@v0.41.0/cmd/gotext/examples/rewrite/main.go	ok
2026-09-27 14:59:35	C:\Users\lehie\AppData\Local\Temp\aiflow-security-modules-bnyayvbf\archives\golang.org_x_sys@v0.6.0.zip//golang.org/x/sys@v0.6.0/unix/syscall_linux_s390x.go	ok
2026-09-27 14:59:35	C:\Users\lehie\AppData\Local\Temp\aiflow-security-modules-bnyayvbf\archives\golang.org_x_text@v0.41.0.zip//golang.org/x/text@v0.41.0/cmd/gotext/examples/rewrite/printer.go	ok
2026-09-27 14:59:35	C:\Users\lehie\AppData\Local\Temp\aiflow-security-modules-bnyayvbf\archives\golang.org_x_sys@v0.6.0.zip//golang.org/x/sys@v0.6.0/unix/syscall_linux_sparc64.go	ok
2026-09-27 14:59:35	C:\Users\lehie\AppData\Local\Temp\aiflow-security-modules-bnyayvbf\archives\golang.org_x_text@v0.41.0.zip//golang.org/x/text@v0.41.0/cmd/gotext/extract.go	ok
2026-09-27 14:59:35	C:\Users\lehie\AppData\Local\Temp\aiflow-security-modules-bnyayvbf\archives\golang.org_x_text@v0.41.0.zip//golang.org/x/text@v0.41.0/cmd/gotext/generate.go	ok
2026-09-27 14:59:35	C:\Users\lehie\AppData\Local\Temp\aiflow-security-modules-bnyayvbf\archives\golang.org_x_sys@v0.6.0.zip//golang.org/x/sys@v0.6.0/unix/syscall_linux_test.go	ok
2026-09-27 14:59:35	C:\Users\lehie\AppData\Local\Temp\aiflow-security-modules-bnyayvbf\archives\golang.org_x_text@v0.41.0.zip//golang.org/x/text@v0.41.0/cmd/gotext/main.go	ok
2026-09-27 14:59:35	C:\Users\lehie\AppData\Local\Temp\aiflow-security-modules-bnyayvbf\archives\golang.org_x_text@v0.41.0.zip//golang.org/x/text@v0.41.0/cmd/gotext/rewrite.go	ok
2026-09-27 14:59:35	C:\Users\lehie\AppData\Local\Temp\aiflow-security-modules-bnyayvbf\archives\golang.org_x_sys@v0.6.0.zip//golang.org/x/sys@v0.6.0/unix/syscall_netbsd.go	ok
2026-09-27 14:59:35	C:\Users\lehie\AppData\Local\Temp\aiflow-security-modules-bnyayvbf\archives\golang.org_x_sys@v0.6.0.zip//golang.org/x/sys@v0.6.0/unix/syscall_netbsd_386.go	ok
2026-09-27 14:59:35	C:\Users\lehie\AppData\Local\Temp\aiflow-security-modules-bnyayvbf\archives\golang.org_x_text@v0.41.0.zip//golang.org/x/text@v0.41.0/cmd/gotext/update.go	ok
2026-09-27 14:59:35	C:\Users\lehie\AppData\Local\Temp\aiflow-security-modules-bnyayvbf\archives\golang.org_x_text@v0.41.0.zip//golang.org/x/text@v0.41.0/codereview.cfg	ok
2026-09-27 14:59:35	C:\Users\lehie\AppData\Local\Temp\aiflow-security-modules-bnyayvbf\archives\golang.org_x_sys@v0.6.0.zip//golang.org/x/sys@v0.6.0/unix/syscall_netbsd_amd64.go	ok
2026-09-27 14:59:35	C:\Users\lehie\AppData\Local\Temp\aiflow-security-modules-bnyayvbf\archives\golang.org_x_sys@v0.6.0.zip//golang.org/x/sys@v0.6.0/unix/syscall_netbsd_arm.go	ok
2026-09-27 14:59:35	C:\Users\lehie\AppData\Local\Temp\aiflow-security-modules-bnyayvbf\archives\golang.org_x_text@v0.41.0.zip//golang.org/x/text@v0.41.0/collate/build/builder.go	ok
2026-09-27 14:59:35	C:\Users\lehie\AppData\Local\Temp\aiflow-security-modules-bnyayvbf\archives\golang.org_x_sys@v0.6.0.zip//golang.org/x/sys@v0.6.0/unix/syscall_netbsd_arm64.go	ok
2026-09-27 14:59:35	C:\Users\lehie\AppData\Local\Temp\aiflow-security-modules-bnyayvbf\archives\golang.org_x_sys@v0.6.0.zip//golang.org/x/sys@v0.6.0/unix/syscall_netbsd_test.go	ok
2026-09-27 14:59:35	C:\Users\lehie\AppData\Local\Temp\aiflow-security-modules-bnyayvbf\archives\golang.org_x_text@v0.41.0.zip//golang.org/x/text@v0.41.0/collate/build/builder_test.go	ok
2026-09-27 14:59:35	C:\Users\lehie\AppData\Local\Temp\aiflow-security-modules-bnyayvbf\archives\golang.org_x_sys@v0.6.0.zip//golang.org/x/sys@v0.6.0/unix/syscall_openbsd.go	ok
2026-09-27 14:59:35	C:\Users\lehie\AppData\Local\Temp\aiflow-security-modules-bnyayvbf\archives\golang.org_x_text@v0.41.0.zip//golang.org/x/text@v0.41.0/collate/build/colelem.go	ok
2026-09-27 14:59:35	C:\Users\lehie\AppData\Local\Temp\aiflow-security-modules-bnyayvbf\archives\golang.org_x_sys@v0.6.0.zip//golang.org/x/sys@v0.6.0/unix/syscall_openbsd_386.go	ok
2026-09-27 14:59:35	C:\Users\lehie\AppData\Local\Temp\aiflow-security-modules-bnyayvbf\archives\golang.org_x_text@v0.41.0.zip//golang.org/x/text@v0.41.0/collate/build/colelem_test.go	ok
2026-09-27 14:59:35	C:\Users\lehie\AppData\Local\Temp\aiflow-security-modules-bnyayvbf\archives\golang.org_x_sys@v0.6.0.zip//golang.org/x/sys@v0.6.0/unix/syscall_openbsd_amd64.go	ok
2026-09-27 14:59:35	C:\Users\lehie\AppData\Local\Temp\aiflow-security-modules-bnyayvbf\archives\golang.org_x_text@v0.41.0.zip//golang.org/x/text@v0.41.0/collate/build/contract.go	ok
2026-09-27 14:59:35	C:\Users\lehie\AppData\Local\Temp\aiflow-security-modules-bnyayvbf\archives\golang.org_x_sys@v0.6.0.zip//golang.org/x/sys@v0.6.0/unix/syscall_openbsd_arm.go	ok
2026-09-27 14:59:35	C:\Users\lehie\AppData\Local\Temp\aiflow-security-modules-bnyayvbf\archives\golang.org_x_text@v0.41.0.zip//golang.org/x/text@v0.41.0/collate/build/contract_test.go	ok
2026-09-27 14:59:35	C:\Users\lehie\AppData\Local\Temp\aiflow-security-modules-bnyayvbf\archives\golang.org_x_sys@v0.6.0.zip//golang.org/x/sys@v0.6.0/unix/syscall_openbsd_arm64.go	ok
2026-09-27 14:59:35	C:\Users\lehie\AppData\Local\Temp\aiflow-security-modules-bnyayvbf\archives\golang.org_x_sys@v0.6.0.zip//golang.org/x/sys@v0.6.0/unix/syscall_openbsd_libc.go	ok
2026-09-27 14:59:35	C:\Users\lehie\AppData\Local\Temp\aiflow-security-modules-bnyayvbf\archives\golang.org_x_text@v0.41.0.zip//golang.org/x/text@v0.41.0/collate/build/order.go	ok
2026-09-27 14:59:35	C:\Users\lehie\AppData\Local\Temp\aiflow-security-modules-bnyayvbf\archives\golang.org_x_sys@v0.6.0.zip//golang.org/x/sys@v0.6.0/unix/syscall_openbsd_mips64.go	ok
2026-09-27 14:59:35	C:\Users\lehie\AppData\Local\Temp\aiflow-security-modules-bnyayvbf\archives\golang.org_x_text@v0.41.0.zip//golang.org/x/text@v0.41.0/collate/build/order_test.go	ok
2026-09-27 14:59:35	C:\Users\lehie\AppData\Local\Temp\aiflow-security-modules-bnyayvbf\archives\golang.org_x_sys@v0.6.0.zip//golang.org/x/sys@v0.6.0/unix/syscall_openbsd_ppc64.go	ok
2026-09-27 14:59:35	C:\Users\lehie\AppData\Local\Temp\aiflow-security-modules-bnyayvbf\archives\golang.org_x_text@v0.41.0.zip//golang.org/x/text@v0.41.0/collate/build/table.go	ok
2026-09-27 14:59:35	C:\Users\lehie\AppData\Local\Temp\aiflow-security-modules-bnyayvbf\archives\golang.org_x_sys@v0.6.0.zip//golang.org/x/sys@v0.6.0/unix/syscall_openbsd_riscv64.go	ok
2026-09-27 14:59:35	C:\Users\lehie\AppData\Local\Temp\aiflow-security-modules-bnyayvbf\archives\golang.org_x_text@v0.41.0.zip//golang.org/x/text@v0.41.0/collate/build/trie.go	ok
2026-09-27 14:59:35	C:\Users\lehie\AppData\Local\Temp\aiflow-security-modules-bnyayvbf\archives\golang.org_x_sys@v0.6.0.zip//golang.org/x/sys@v0.6.0/unix/syscall_openbsd_test.go	ok
2026-09-27 14:59:35	C:\Users\lehie\AppData\Local\Temp\aiflow-security-modules-bnyayvbf\archives\golang.org_x_text@v0.41.0.zip//golang.org/x/text@v0.41.0/collate/build/trie_test.go	ok
2026-09-27 14:59:35	C:\Users\lehie\AppData\Local\Temp\aiflow-security-modules-bnyayvbf\archives\golang.org_x_text@v0.41.0.zip//golang.org/x/text@v0.41.0/collate/collate.go	ok
2026-09-27 14:59:35	C:\Users\lehie\AppData\Local\Temp\aiflow-security-modules-bnyayvbf\archives\golang.org_x_sys@v0.6.0.zip//golang.org/x/sys@v0.6.0/unix/syscall_solaris.go	ok
2026-09-27 14:59:35	C:\Users\lehie\AppData\Local\Temp\aiflow-security-modules-bnyayvbf\archives\golang.org_x_sys@v0.6.0.zip//golang.org/x/sys@v0.6.0/unix/syscall_solaris_amd64.go	ok
2026-09-27 14:59:35	C:\Users\lehie\AppData\Local\Temp\aiflow-security-modules-bnyayvbf\archives\golang.org_x_text@v0.41.0.zip//golang.org/x/text@v0.41.0/collate/collate_test.go	ok
2026-09-27 14:59:35	C:\Users\lehie\AppData\Local\Temp\aiflow-security-modules-bnyayvbf\archives\golang.org_x_text@v0.41.0.zip//golang.org/x/text@v0.41.0/collate/example_sort_test.go	ok
2026-09-27 14:59:35	C:\Users\lehie\AppData\Local\Temp\aiflow-security-modules-bnyayvbf\archives\golang.org_x_sys@v0.6.0.zip//golang.org/x/sys@v0.6.0/unix/syscall_solaris_test.go	ok
2026-09-27 14:59:35	C:\Users\lehie\AppData\Local\Temp\aiflow-security-modules-bnyayvbf\archives\golang.org_x_text@v0.41.0.zip//golang.org/x/text@v0.41.0/collate/examples_test.go	ok
2026-09-27 14:59:35	C:\Users\lehie\AppData\Local\Temp\aiflow-security-modules-bnyayvbf\archives\golang.org_x_sys@v0.6.0.zip//golang.org/x/sys@v0.6.0/unix/syscall_test.go	ok
2026-09-27 14:59:35	C:\Users\lehie\AppData\Local\Temp\aiflow-security-modules-bnyayvbf\archives\golang.org_x_text@v0.41.0.zip//golang.org/x/text@v0.41.0/collate/export_test.go	ok
2026-09-27 14:59:35	C:\Users\lehie\AppData\Local\Temp\aiflow-security-modules-bnyayvbf\archives\golang.org_x_text@v0.41.0.zip//golang.org/x/text@v0.41.0/collate/index.go	ok
2026-09-27 14:59:35	C:\Users\lehie\AppData\Local\Temp\aiflow-security-modules-bnyayvbf\archives\golang.org_x_sys@v0.6.0.zip//golang.org/x/sys@v0.6.0/unix/syscall_unix.go	ok
2026-09-27 14:59:35	C:\Users\lehie\AppData\Local\Temp\aiflow-security-modules-bnyayvbf\archives\golang.org_x_sys@v0.6.0.zip//golang.org/x/sys@v0.6.0/unix/syscall_unix_gc.go	ok
2026-09-27 14:59:35	C:\Users\lehie\AppData\Local\Temp\aiflow-security-modules-bnyayvbf\archives\golang.org_x_text@v0.41.0.zip//golang.org/x/text@v0.41.0/collate/maketables.go	ok
2026-09-27 14:59:35	C:\Users\lehie\AppData\Local\Temp\aiflow-security-modules-bnyayvbf\archives\golang.org_x_sys@v0.6.0.zip//golang.org/x/sys@v0.6.0/unix/syscall_unix_gc_ppc64x.go	ok
2026-09-27 14:59:35	C:\Users\lehie\AppData\Local\Temp\aiflow-security-modules-bnyayvbf\archives\golang.org_x_text@v0.41.0.zip//golang.org/x/text@v0.41.0/collate/option.go	ok
2026-09-27 14:59:35	C:\Users\lehie\AppData\Local\Temp\aiflow-security-modules-bnyayvbf\archives\golang.org_x_text@v0.41.0.zip//golang.org/x/text@v0.41.0/collate/option_test.go	ok
2026-09-27 14:59:35	C:\Users\lehie\AppData\Local\Temp\aiflow-security-modules-bnyayvbf\archives\golang.org_x_sys@v0.6.0.zip//golang.org/x/sys@v0.6.0/unix/syscall_unix_test.go	ok
2026-09-27 14:59:35	C:\Users\lehie\AppData\Local\Temp\aiflow-security-modules-bnyayvbf\archives\golang.org_x_text@v0.41.0.zip//golang.org/x/text@v0.41.0/collate/reg_test.go	ok
2026-09-27 14:59:35	C:\Users\lehie\AppData\Local\Temp\aiflow-security-modules-bnyayvbf\archives\golang.org_x_text@v0.41.0.zip//golang.org/x/text@v0.41.0/collate/sort.go	ok
2026-09-27 14:59:35	C:\Users\lehie\AppData\Local\Temp\aiflow-security-modules-bnyayvbf\archives\golang.org_x_sys@v0.6.0.zip//golang.org/x/sys@v0.6.0/unix/syscall_zos_s390x.go	ok
2026-09-27 14:59:35	C:\Users\lehie\AppData\Local\Temp\aiflow-security-modules-bnyayvbf\archives\golang.org_x_text@v0.41.0.zip//golang.org/x/text@v0.41.0/collate/sort_test.go	ok
2026-09-27 14:59:35	C:\Users\lehie\AppData\Local\Temp\aiflow-security-modules-bnyayvbf\archives\golang.org_x_text@v0.41.0.zip//golang.org/x/text@v0.41.0/collate/table_test.go	ok
2026-09-27 14:59:35	C:\Users\lehie\AppData\Local\Temp\aiflow-security-modules-bnyayvbf\archives\golang.org_x_sys@v0.6.0.zip//golang.org/x/sys@v0.6.0/unix/syscall_zos_test.go	ok
2026-09-27 14:59:35	C:\Users\lehie\AppData\Local\Temp\aiflow-security-modules-bnyayvbf\archives\golang.org_x_sys@v0.6.0.zip//golang.org/x/sys@v0.6.0/unix/sysctl_netbsd_test.go	ok
2026-09-27 14:59:35	C:\Users\lehie\AppData\Local\Temp\aiflow-security-modules-bnyayvbf\archives\golang.org_x_sys@v0.6.0.zip//golang.org/x/sys@v0.6.0/unix/sysvshm_linux.go	ok
2026-09-27 14:59:35	C:\Users\lehie\AppData\Local\Temp\aiflow-security-modules-bnyayvbf\archives\golang.org_x_sys@v0.6.0.zip//golang.org/x/sys@v0.6.0/unix/sysvshm_unix.go	ok
2026-09-27 14:59:35	C:\Users\lehie\AppData\Local\Temp\aiflow-security-modules-bnyayvbf\archives\golang.org_x_sys@v0.6.0.zip//golang.org/x/sys@v0.6.0/unix/sysvshm_unix_other.go	ok
2026-09-27 14:59:35	C:\Users\lehie\AppData\Local\Temp\aiflow-security-modules-bnyayvbf\archives\golang.org_x_sys@v0.6.0.zip//golang.org/x/sys@v0.6.0/unix/sysvshm_unix_test.go	ok
2026-09-27 14:59:35	C:\Users\lehie\AppData\Local\Temp\aiflow-security-modules-bnyayvbf\archives\golang.org_x_sys@v0.6.0.zip//golang.org/x/sys@v0.6.0/unix/timestruct.go	ok
2026-09-27 14:59:35	C:\Users\lehie\AppData\Local\Temp\aiflow-security-modules-bnyayvbf\archives\golang.org_x_sys@v0.6.0.zip//golang.org/x/sys@v0.6.0/unix/timestruct_test.go	ok
2026-09-27 14:59:35	C:\Users\lehie\AppData\Local\Temp\aiflow-security-modules-bnyayvbf\archives\golang.org_x_sys@v0.6.0.zip//golang.org/x/sys@v0.6.0/unix/types_aix.go	ok
2026-09-27 14:59:35	C:\Users\lehie\AppData\Local\Temp\aiflow-security-modules-bnyayvbf\archives\golang.org_x_sys@v0.6.0.zip//golang.org/x/sys@v0.6.0/unix/types_darwin.go	ok
2026-09-27 14:59:35	C:\Users\lehie\AppData\Local\Temp\aiflow-security-modules-bnyayvbf\archives\golang.org_x_sys@v0.6.0.zip//golang.org/x/sys@v0.6.0/unix/types_dragonfly.go	ok
2026-09-27 14:59:35	C:\Users\lehie\AppData\Local\Temp\aiflow-security-modules-bnyayvbf\archives\golang.org_x_sys@v0.6.0.zip//golang.org/x/sys@v0.6.0/unix/types_freebsd.go	ok
2026-09-27 14:59:35	C:\Users\lehie\AppData\Local\Temp\aiflow-security-modules-bnyayvbf\archives\golang.org_x_sys@v0.6.0.zip//golang.org/x/sys@v0.6.0/unix/types_netbsd.go	ok
2026-09-27 14:59:35	C:\Users\lehie\AppData\Local\Temp\aiflow-security-modules-bnyayvbf\archives\golang.org_x_text@v0.41.0.zip//golang.org/x/text@v0.41.0/collate/tables.go	ok
2026-09-27 14:59:35	C:\Users\lehie\AppData\Local\Temp\aiflow-security-modules-bnyayvbf\archives\golang.org_x_sys@v0.6.0.zip//golang.org/x/sys@v0.6.0/unix/types_openbsd.go	ok
2026-09-27 14:59:35	C:\Users\lehie\AppData\Local\Temp\aiflow-security-modules-bnyayvbf\archives\golang.org_x_text@v0.41.0.zip//golang.org/x/text@v0.41.0/collate/tools/colcmp/Makefile	ok
2026-09-27 14:59:35	C:\Users\lehie\AppData\Local\Temp\aiflow-security-modules-bnyayvbf\archives\golang.org_x_sys@v0.6.0.zip//golang.org/x/sys@v0.6.0/unix/types_solaris.go	ok
2026-09-27 14:59:35	C:\Users\lehie\AppData\Local\Temp\aiflow-security-modules-bnyayvbf\archives\golang.org_x_sys@v0.6.0.zip//golang.org/x/sys@v0.6.0/unix/unveil_openbsd.go	ok
2026-09-27 14:59:35	C:\Users\lehie\AppData\Local\Temp\aiflow-security-modules-bnyayvbf\archives\golang.org_x_text@v0.41.0.zip//golang.org/x/text@v0.41.0/collate/tools/colcmp/chars.go	ok
2026-09-27 14:59:35	C:\Users\lehie\AppData\Local\Temp\aiflow-security-modules-bnyayvbf\archives\golang.org_x_sys@v0.6.0.zip//golang.org/x/sys@v0.6.0/unix/xattr_bsd.go	ok
2026-09-27 14:59:35	C:\Users\lehie\AppData\Local\Temp\aiflow-security-modules-bnyayvbf\archives\golang.org_x_text@v0.41.0.zip//golang.org/x/text@v0.41.0/collate/tools/colcmp/col.go	ok
2026-09-27 14:59:35	C:\Users\lehie\AppData\Local\Temp\aiflow-security-modules-bnyayvbf\archives\golang.org_x_sys@v0.6.0.zip//golang.org/x/sys@v0.6.0/unix/xattr_test.go	ok
2026-09-27 14:59:35	C:\Users\lehie\AppData\Local\Temp\aiflow-security-modules-bnyayvbf\archives\golang.org_x_text@v0.41.0.zip//golang.org/x/text@v0.41.0/collate/tools/colcmp/colcmp.go	ok
2026-09-27 14:59:35	C:\Users\lehie\AppData\Local\Temp\aiflow-security-modules-bnyayvbf\archives\golang.org_x_sys@v0.6.0.zip//golang.org/x/sys@v0.6.0/unix/zerrors_aix_ppc.go	ok
2026-09-27 14:59:35	C:\Users\lehie\AppData\Local\Temp\aiflow-security-modules-bnyayvbf\archives\golang.org_x_text@v0.41.0.zip//golang.org/x/text@v0.41.0/collate/tools/colcmp/darwin.go	ok
2026-09-27 14:59:35	C:\Users\lehie\AppData\Local\Temp\aiflow-security-modules-bnyayvbf\archives\golang.org_x_text@v0.41.0.zip//golang.org/x/text@v0.41.0/collate/tools/colcmp/gen.go	ok
2026-09-27 14:59:35	C:\Users\lehie\AppData\Local\Temp\aiflow-security-modules-bnyayvbf\archives\golang.org_x_sys@v0.6.0.zip//golang.org/x/sys@v0.6.0/unix/zerrors_aix_ppc64.go	ok
2026-09-27 14:59:35	C:\Users\lehie\AppData\Local\Temp\aiflow-security-modules-bnyayvbf\archives\golang.org_x_text@v0.41.0.zip//golang.org/x/text@v0.41.0/collate/tools/colcmp/icu.go	ok
2026-09-27 14:59:35	C:\Users\lehie\AppData\Local\Temp\aiflow-security-modules-bnyayvbf\archives\golang.org_x_text@v0.41.0.zip//golang.org/x/text@v0.41.0/currency/common.go	ok
2026-09-27 14:59:35	C:\Users\lehie\AppData\Local\Temp\aiflow-security-modules-bnyayvbf\archives\golang.org_x_sys@v0.6.0.zip//golang.org/x/sys@v0.6.0/unix/zerrors_darwin_amd64.go	ok
2026-09-27 14:59:35	C:\Users\lehie\AppData\Local\Temp\aiflow-security-modules-bnyayvbf\archives\golang.org_x_text@v0.41.0.zip//golang.org/x/text@v0.41.0/currency/currency.go	ok
2026-09-27 14:59:35	C:\Users\lehie\AppData\Local\Temp\aiflow-security-modules-bnyayvbf\archives\golang.org_x_text@v0.41.0.zip//golang.org/x/text@v0.41.0/currency/currency_test.go	ok
2026-09-27 14:59:35	C:\Users\lehie\AppData\Local\Temp\aiflow-security-modules-bnyayvbf\archives\golang.org_x_sys@v0.6.0.zip//golang.org/x/sys@v0.6.0/unix/zerrors_darwin_arm64.go	ok
2026-09-27 14:59:35	C:\Users\lehie\AppData\Local\Temp\aiflow-security-modules-bnyayvbf\archives\golang.org_x_text@v0.41.0.zip//golang.org/x/text@v0.41.0/currency/example_test.go	ok
2026-09-27 14:59:35	C:\Users\lehie\AppData\Local\Temp\aiflow-security-modules-bnyayvbf\archives\golang.org_x_text@v0.41.0.zip//golang.org/x/text@v0.41.0/currency/format.go	ok
2026-09-27 14:59:35	C:\Users\lehie\AppData\Local\Temp\aiflow-security-modules-bnyayvbf\archives\golang.org_x_sys@v0.6.0.zip//golang.org/x/sys@v0.6.0/unix/zerrors_dragonfly_amd64.go	ok
2026-09-27 14:59:35	C:\Users\lehie\AppData\Local\Temp\aiflow-security-modules-bnyayvbf\archives\golang.org_x_text@v0.41.0.zip//golang.org/x/text@v0.41.0/currency/format_test.go	ok
2026-09-27 14:59:35	C:\Users\lehie\AppData\Local\Temp\aiflow-security-modules-bnyayvbf\archives\golang.org_x_text@v0.41.0.zip//golang.org/x/text@v0.41.0/currency/gen.go	ok
2026-09-27 14:59:35	C:\Users\lehie\AppData\Local\Temp\aiflow-security-modules-bnyayvbf\archives\golang.org_x_sys@v0.6.0.zip//golang.org/x/sys@v0.6.0/unix/zerrors_freebsd_386.go	ok
2026-09-27 14:59:35	C:\Users\lehie\AppData\Local\Temp\aiflow-security-modules-bnyayvbf\archives\golang.org_x_text@v0.41.0.zip//golang.org/x/text@v0.41.0/currency/gen_common.go	ok
2026-09-27 14:59:35	C:\Users\lehie\AppData\Local\Temp\aiflow-security-modules-bnyayvbf\archives\golang.org_x_text@v0.41.0.zip//golang.org/x/text@v0.41.0/currency/query.go	ok
2026-09-27 14:59:35	C:\Users\lehie\AppData\Local\Temp\aiflow-security-modules-bnyayvbf\archives\golang.org_x_sys@v0.6.0.zip//golang.org/x/sys@v0.6.0/unix/zerrors_freebsd_amd64.go	ok
2026-09-27 14:59:35	C:\Users\lehie\AppData\Local\Temp\aiflow-security-modules-bnyayvbf\archives\golang.org_x_text@v0.41.0.zip//golang.org/x/text@v0.41.0/currency/query_test.go	ok
2026-09-27 14:59:35	C:\Users\lehie\AppData\Local\Temp\aiflow-security-modules-bnyayvbf\archives\golang.org_x_sys@v0.6.0.zip//golang.org/x/sys@v0.6.0/unix/zerrors_freebsd_arm.go	ok
2026-09-27 14:59:35	C:\Users\lehie\AppData\Local\Temp\aiflow-security-modules-bnyayvbf\archives\golang.org_x_text@v0.41.0.zip//golang.org/x/text@v0.41.0/currency/tables.go	ok
2026-09-27 14:59:35	C:\Users\lehie\AppData\Local\Temp\aiflow-security-modules-bnyayvbf\archives\golang.org_x_text@v0.41.0.zip//golang.org/x/text@v0.41.0/currency/tables_test.go	ok
2026-09-27 14:59:35	C:\Users\lehie\AppData\Local\Temp\aiflow-security-modules-bnyayvbf\archives\golang.org_x_sys@v0.6.0.zip//golang.org/x/sys@v0.6.0/unix/zerrors_freebsd_arm64.go	ok
2026-09-27 14:59:35	C:\Users\lehie\AppData\Local\Temp\aiflow-security-modules-bnyayvbf\archives\golang.org_x_text@v0.41.0.zip//golang.org/x/text@v0.41.0/date/data_test.go	ok
2026-09-27 14:59:35	C:\Users\lehie\AppData\Local\Temp\aiflow-security-modules-bnyayvbf\archives\golang.org_x_text@v0.41.0.zip//golang.org/x/text@v0.41.0/date/gen.go	ok
2026-09-27 14:59:35	C:\Users\lehie\AppData\Local\Temp\aiflow-security-modules-bnyayvbf\archives\golang.org_x_sys@v0.6.0.zip//golang.org/x/sys@v0.6.0/unix/zerrors_freebsd_riscv64.go	ok
2026-09-27 14:59:35	C:\Users\lehie\AppData\Local\Temp\aiflow-security-modules-bnyayvbf\archives\golang.org_x_text@v0.41.0.zip//golang.org/x/text@v0.41.0/date/gen_test.go	ok
2026-09-27 14:59:35	C:\Users\lehie\AppData\Local\Temp\aiflow-security-modules-bnyayvbf\archives\golang.org_x_sys@v0.6.0.zip//golang.org/x/sys@v0.6.0/unix/zerrors_linux.go	ok
2026-09-27 14:59:35	C:\Users\lehie\AppData\Local\Temp\aiflow-security-modules-bnyayvbf\archives\golang.org_x_sys@v0.6.0.zip//golang.org/x/sys@v0.6.0/unix/zerrors_linux_386.go	ok
2026-09-27 14:59:35	C:\Users\lehie\AppData\Local\Temp\aiflow-security-modules-bnyayvbf\archives\golang.org_x_sys@v0.6.0.zip//golang.org/x/sys@v0.6.0/unix/zerrors_linux_amd64.go	ok
2026-09-27 14:59:35	C:\Users\lehie\AppData\Local\Temp\aiflow-security-modules-bnyayvbf\archives\golang.org_x_sys@v0.6.0.zip//golang.org/x/sys@v0.6.0/unix/zerrors_linux_arm.go	ok
2026-09-27 14:59:35	C:\Users\lehie\AppData\Local\Temp\aiflow-security-modules-bnyayvbf\archives\golang.org_x_sys@v0.6.0.zip//golang.org/x/sys@v0.6.0/unix/zerrors_linux_arm64.go	ok
2026-09-27 14:59:35	C:\Users\lehie\AppData\Local\Temp\aiflow-security-modules-bnyayvbf\archives\golang.org_x_sys@v0.6.0.zip//golang.org/x/sys@v0.6.0/unix/zerrors_linux_loong64.go	ok
2026-09-27 14:59:35	C:\Users\lehie\AppData\Local\Temp\aiflow-security-modules-bnyayvbf\archives\golang.org_x_sys@v0.6.0.zip//golang.org/x/sys@v0.6.0/unix/zerrors_linux_mips.go	ok
2026-09-27 14:59:35	C:\Users\lehie\AppData\Local\Temp\aiflow-security-modules-bnyayvbf\archives\golang.org_x_sys@v0.6.0.zip//golang.org/x/sys@v0.6.0/unix/zerrors_linux_mips64.go	ok
2026-09-27 14:59:35	C:\Users\lehie\AppData\Local\Temp\aiflow-security-modules-bnyayvbf\archives\golang.org_x_text@v0.41.0.zip//golang.org/x/text@v0.41.0/date/tables.go	ok
2026-09-27 14:59:35	C:\Users\lehie\AppData\Local\Temp\aiflow-security-modules-bnyayvbf\archives\golang.org_x_sys@v0.6.0.zip//golang.org/x/sys@v0.6.0/unix/zerrors_linux_mips64le.go	ok
2026-09-27 14:59:35	C:\Users\lehie\AppData\Local\Temp\aiflow-security-modules-bnyayvbf\archives\golang.org_x_text@v0.41.0.zip//golang.org/x/text@v0.41.0/doc.go	ok
2026-09-27 14:59:35	C:\Users\lehie\AppData\Local\Temp\aiflow-security-modules-bnyayvbf\archives\golang.org_x_sys@v0.6.0.zip//golang.org/x/sys@v0.6.0/unix/zerrors_linux_mipsle.go	ok
2026-09-27 14:59:35	C:\Users\lehie\AppData\Local\Temp\aiflow-security-modules-bnyayvbf\archives\golang.org_x_text@v0.41.0.zip//golang.org/x/text@v0.41.0/encoding/charmap/charmap.go	ok
2026-09-27 14:59:35	C:\Users\lehie\AppData\Local\Temp\aiflow-security-modules-bnyayvbf\archives\golang.org_x_text@v0.41.0.zip//golang.org/x/text@v0.41.0/encoding/charmap/charmap_test.go	ok
2026-09-27 14:59:35	C:\Users\lehie\AppData\Local\Temp\aiflow-security-modules-bnyayvbf\archives\golang.org_x_sys@v0.6.0.zip//golang.org/x/sys@v0.6.0/unix/zerrors_linux_ppc.go	ok
2026-09-27 14:59:35	C:\Users\lehie\AppData\Local\Temp\aiflow-security-modules-bnyayvbf\archives\golang.org_x_text@v0.41.0.zip//golang.org/x/text@v0.41.0/encoding/charmap/maketables.go	ok
2026-09-27 14:59:35	C:\Users\lehie\AppData\Local\Temp\aiflow-security-modules-bnyayvbf\archives\golang.org_x_sys@v0.6.0.zip//golang.org/x/sys@v0.6.0/unix/zerrors_linux_ppc64.go	ok
2026-09-27 14:59:35	C:\Users\lehie\AppData\Local\Temp\aiflow-security-modules-bnyayvbf\archives\golang.org_x_sys@v0.6.0.zip//golang.org/x/sys@v0.6.0/unix/zerrors_linux_ppc64le.go	ok
2026-09-27 14:59:35	C:\Users\lehie\AppData\Local\Temp\aiflow-security-modules-bnyayvbf\archives\golang.org_x_sys@v0.6.0.zip//golang.org/x/sys@v0.6.0/unix/zerrors_linux_riscv64.go	ok
2026-09-27 14:59:35	C:\Users\lehie\AppData\Local\Temp\aiflow-security-modules-bnyayvbf\archives\golang.org_x_text@v0.41.0.zip//golang.org/x/text@v0.41.0/encoding/charmap/tables.go	ok
2026-09-27 14:59:35	C:\Users\lehie\AppData\Local\Temp\aiflow-security-modules-bnyayvbf\archives\golang.org_x_sys@v0.6.0.zip//golang.org/x/sys@v0.6.0/unix/zerrors_linux_s390x.go	ok
2026-09-27 14:59:35	C:\Users\lehie\AppData\Local\Temp\aiflow-security-modules-bnyayvbf\archives\golang.org_x_text@v0.41.0.zip//golang.org/x/text@v0.41.0/encoding/encoding.go	ok
2026-09-27 14:59:35	C:\Users\lehie\AppData\Local\Temp\aiflow-security-modules-bnyayvbf\archives\golang.org_x_sys@v0.6.0.zip//golang.org/x/sys@v0.6.0/unix/zerrors_linux_sparc64.go	ok
2026-09-27 14:59:35	C:\Users\lehie\AppData\Local\Temp\aiflow-security-modules-bnyayvbf\archives\golang.org_x_text@v0.41.0.zip//golang.org/x/text@v0.41.0/encoding/encoding_test.go	ok
2026-09-27 14:59:35	C:\Users\lehie\AppData\Local\Temp\aiflow-security-modules-bnyayvbf\archives\golang.org_x_text@v0.41.0.zip//golang.org/x/text@v0.41.0/encoding/example_test.go	ok
2026-09-27 14:59:35	C:\Users\lehie\AppData\Local\Temp\aiflow-security-modules-bnyayvbf\archives\golang.org_x_sys@v0.6.0.zip//golang.org/x/sys@v0.6.0/unix/zerrors_netbsd_386.go	ok
2026-09-27 14:59:35	C:\Users\lehie\AppData\Local\Temp\aiflow-security-modules-bnyayvbf\archives\golang.org_x_text@v0.41.0.zip//golang.org/x/text@v0.41.0/encoding/htmlindex/gen.go	ok
2026-09-27 14:59:35	C:\Users\lehie\AppData\Local\Temp\aiflow-security-modules-bnyayvbf\archives\golang.org_x_text@v0.41.0.zip//golang.org/x/text@v0.41.0/encoding/htmlindex/htmlindex.go	ok
2026-09-27 14:59:35	C:\Users\lehie\AppData\Local\Temp\aiflow-security-modules-bnyayvbf\archives\golang.org_x_sys@v0.6.0.zip//golang.org/x/sys@v0.6.0/unix/zerrors_netbsd_amd64.go	ok
2026-09-27 14:59:35	C:\Users\lehie\AppData\Local\Temp\aiflow-security-modules-bnyayvbf\archives\golang.org_x_text@v0.41.0.zip//golang.org/x/text@v0.41.0/encoding/htmlindex/htmlindex_test.go	ok
2026-09-27 14:59:35	C:\Users\lehie\AppData\Local\Temp\aiflow-security-modules-bnyayvbf\archives\golang.org_x_text@v0.41.0.zip//golang.org/x/text@v0.41.0/encoding/htmlindex/map.go	ok
2026-09-27 14:59:35	C:\Users\lehie\AppData\Local\Temp\aiflow-security-modules-bnyayvbf\archives\golang.org_x_sys@v0.6.0.zip//golang.org/x/sys@v0.6.0/unix/zerrors_netbsd_arm.go	ok
2026-09-27 14:59:35	C:\Users\lehie\AppData\Local\Temp\aiflow-security-modules-bnyayvbf\archives\golang.org_x_text@v0.41.0.zip//golang.org/x/text@v0.41.0/encoding/htmlindex/tables.go	ok
2026-09-27 14:59:35	C:\Users\lehie\AppData\Local\Temp\aiflow-security-modules-bnyayvbf\archives\golang.org_x_text@v0.41.0.zip//golang.org/x/text@v0.41.0/encoding/ianaindex/ascii.go	ok
2026-09-27 14:59:35	C:\Users\lehie\AppData\Local\Temp\aiflow-security-modules-bnyayvbf\archives\golang.org_x_sys@v0.6.0.zip//golang.org/x/sys@v0.6.0/unix/zerrors_netbsd_arm64.go	ok
2026-09-27 14:59:35	C:\Users\lehie\AppData\Local\Temp\aiflow-security-modules-bnyayvbf\archives\golang.org_x_text@v0.41.0.zip//golang.org/x/text@v0.41.0/encoding/ianaindex/ascii_test.go	ok
2026-09-27 14:59:35	C:\Users\lehie\AppData\Local\Temp\aiflow-security-modules-bnyayvbf\archives\golang.org_x_text@v0.41.0.zip//golang.org/x/text@v0.41.0/encoding/ianaindex/example_test.go	ok
2026-09-27 14:59:35	C:\Users\lehie\AppData\Local\Temp\aiflow-security-modules-bnyayvbf\archives\golang.org_x_sys@v0.6.0.zip//golang.org/x/sys@v0.6.0/unix/zerrors_openbsd_386.go	ok
2026-09-27 14:59:35	C:\Users\lehie\AppData\Local\Temp\aiflow-security-modules-bnyayvbf\archives\golang.org_x_text@v0.41.0.zip//golang.org/x/text@v0.41.0/encoding/ianaindex/gen.go	ok
2026-09-27 14:59:35	C:\Users\lehie\AppData\Local\Temp\aiflow-security-modules-bnyayvbf\archives\golang.org_x_text@v0.41.0.zip//golang.org/x/text@v0.41.0/encoding/ianaindex/ianaindex.go	ok
2026-09-27 14:59:35	C:\Users\lehie\AppData\Local\Temp\aiflow-security-modules-bnyayvbf\archives\golang.org_x_sys@v0.6.0.zip//golang.org/x/sys@v0.6.0/unix/zerrors_openbsd_amd64.go	ok
2026-09-27 14:59:35	C:\Users\lehie\AppData\Local\Temp\aiflow-security-modules-bnyayvbf\archives\golang.org_x_text@v0.41.0.zip//golang.org/x/text@v0.41.0/encoding/ianaindex/ianaindex_test.go	ok
2026-09-27 14:59:35	C:\Users\lehie\AppData\Local\Temp\aiflow-security-modules-bnyayvbf\archives\golang.org_x_sys@v0.6.0.zip//golang.org/x/sys@v0.6.0/unix/zerrors_openbsd_arm.go	ok
2026-09-27 14:59:35	C:\Users\lehie\AppData\Local\Temp\aiflow-security-modules-bnyayvbf\archives\golang.org_x_text@v0.41.0.zip//golang.org/x/text@v0.41.0/encoding/ianaindex/tables.go	ok
2026-09-27 14:59:35	C:\Users\lehie\AppData\Local\Temp\aiflow-security-modules-bnyayvbf\archives\golang.org_x_text@v0.41.0.zip//golang.org/x/text@v0.41.0/encoding/internal/enctest/enctest.go	ok
2026-09-27 14:59:35	C:\Users\lehie\AppData\Local\Temp\aiflow-security-modules-bnyayvbf\archives\golang.org_x_sys@v0.6.0.zip//golang.org/x/sys@v0.6.0/unix/zerrors_openbsd_arm64.go	ok
2026-09-27 14:59:35	C:\Users\lehie\AppData\Local\Temp\aiflow-security-modules-bnyayvbf\archives\golang.org_x_text@v0.41.0.zip//golang.org/x/text@v0.41.0/encoding/internal/identifier/gen.go	ok
2026-09-27 14:59:35	C:\Users\lehie\AppData\Local\Temp\aiflow-security-modules-bnyayvbf\archives\golang.org_x_text@v0.41.0.zip//golang.org/x/text@v0.41.0/encoding/internal/identifier/identifier.go	ok
2026-09-27 14:59:35	C:\Users\lehie\AppData\Local\Temp\aiflow-security-modules-bnyayvbf\archives\golang.org_x_sys@v0.6.0.zip//golang.org/x/sys@v0.6.0/unix/zerrors_openbsd_mips64.go	ok
2026-09-27 14:59:35	C:\Users\lehie\AppData\Local\Temp\aiflow-security-modules-bnyayvbf\archives\golang.org_x_text@v0.41.0.zip//golang.org/x/text@v0.41.0/encoding/internal/identifier/mib.go	ok
2026-09-27 14:59:35	C:\Users\lehie\AppData\Local\Temp\aiflow-security-modules-bnyayvbf\archives\golang.org_x_sys@v0.6.0.zip//golang.org/x/sys@v0.6.0/unix/zerrors_openbsd_ppc64.go	ok
2026-09-27 14:59:35	C:\Users\lehie\AppData\Local\Temp\aiflow-security-modules-bnyayvbf\archives\golang.org_x_text@v0.41.0.zip//golang.org/x/text@v0.41.0/encoding/internal/internal.go	ok
2026-09-27 14:59:35	C:\Users\lehie\AppData\Local\Temp\aiflow-security-modules-bnyayvbf\archives\golang.org_x_text@v0.41.0.zip//golang.org/x/text@v0.41.0/encoding/japanese/all.go	ok
2026-09-27 14:59:35	C:\Users\lehie\AppData\Local\Temp\aiflow-security-modules-bnyayvbf\archives\golang.org_x_sys@v0.6.0.zip//golang.org/x/sys@v0.6.0/unix/zerrors_openbsd_riscv64.go	ok
2026-09-27 14:59:35	C:\Users\lehie\AppData\Local\Temp\aiflow-security-modules-bnyayvbf\archives\golang.org_x_text@v0.41.0.zip//golang.org/x/text@v0.41.0/encoding/japanese/all_test.go	ok
2026-09-27 14:59:35	C:\Users\lehie\AppData\Local\Temp\aiflow-security-modules-bnyayvbf\archives\golang.org_x_text@v0.41.0.zip//golang.org/x/text@v0.41.0/encoding/japanese/eucjp.go	ok
2026-09-27 14:59:35	C:\Users\lehie\AppData\Local\Temp\aiflow-security-modules-bnyayvbf\archives\golang.org_x_sys@v0.6.0.zip//golang.org/x/sys@v0.6.0/unix/zerrors_solaris_amd64.go	ok
2026-09-27 14:59:35	C:\Users\lehie\AppData\Local\Temp\aiflow-security-modules-bnyayvbf\archives\golang.org_x_text@v0.41.0.zip//golang.org/x/text@v0.41.0/encoding/japanese/iso2022jp.go	ok
2026-09-27 14:59:35	C:\Users\lehie\AppData\Local\Temp\aiflow-security-modules-bnyayvbf\archives\golang.org_x_text@v0.41.0.zip//golang.org/x/text@v0.41.0/encoding/japanese/maketables.go	ok
2026-09-27 14:59:35	C:\Users\lehie\AppData\Local\Temp\aiflow-security-modules-bnyayvbf\archives\golang.org_x_sys@v0.6.0.zip//golang.org/x/sys@v0.6.0/unix/zerrors_zos_s390x.go	ok
2026-09-27 14:59:35	C:\Users\lehie\AppData\Local\Temp\aiflow-security-modules-bnyayvbf\archives\golang.org_x_text@v0.41.0.zip//golang.org/x/text@v0.41.0/encoding/japanese/shiftjis.go	ok
2026-09-27 14:59:35	C:\Users\lehie\AppData\Local\Temp\aiflow-security-modules-bnyayvbf\archives\golang.org_x_sys@v0.6.0.zip//golang.org/x/sys@v0.6.0/unix/zptrace_armnn_linux.go	ok
2026-09-27 14:59:35	C:\Users\lehie\AppData\Local\Temp\aiflow-security-modules-bnyayvbf\archives\golang.org_x_sys@v0.6.0.zip//golang.org/x/sys@v0.6.0/unix/zptrace_linux_arm64.go	ok
2026-09-27 14:59:35	C:\Users\lehie\AppData\Local\Temp\aiflow-security-modules-bnyayvbf\archives\golang.org_x_sys@v0.6.0.zip//golang.org/x/sys@v0.6.0/unix/zptrace_mipsnn_linux.go	ok
2026-09-27 14:59:35	C:\Users\lehie\AppData\Local\Temp\aiflow-security-modules-bnyayvbf\archives\golang.org_x_sys@v0.6.0.zip//golang.org/x/sys@v0.6.0/unix/zptrace_mipsnnle_linux.go	ok
2026-09-27 14:59:35	C:\Users\lehie\AppData\Local\Temp\aiflow-security-modules-bnyayvbf\archives\golang.org_x_sys@v0.6.0.zip//golang.org/x/sys@v0.6.0/unix/zptrace_x86_linux.go	ok
2026-09-27 14:59:35	C:\Users\lehie\AppData\Local\Temp\aiflow-security-modules-bnyayvbf\archives\golang.org_x_sys@v0.6.0.zip//golang.org/x/sys@v0.6.0/unix/zsyscall_aix_ppc.go	ok
2026-09-27 14:59:35	C:\Users\lehie\AppData\Local\Temp\aiflow-security-modules-bnyayvbf\archives\golang.org_x_text@v0.41.0.zip//golang.org/x/text@v0.41.0/encoding/japanese/tables.go	ok
2026-09-27 14:59:35	C:\Users\lehie\AppData\Local\Temp\aiflow-security-modules-bnyayvbf\archives\golang.org_x_text@v0.41.0.zip//golang.org/x/text@v0.41.0/encoding/korean/all_test.go	ok
2026-09-27 14:59:35	C:\Users\lehie\AppData\Local\Temp\aiflow-security-modules-bnyayvbf\archives\golang.org_x_sys@v0.6.0.zip//golang.org/x/sys@v0.6.0/unix/zsyscall_aix_ppc64.go	ok
2026-09-27 14:59:35	C:\Users\lehie\AppData\Local\Temp\aiflow-security-modules-bnyayvbf\archives\golang.org_x_text@v0.41.0.zip//golang.org/x/text@v0.41.0/encoding/korean/euckr.go	ok
2026-09-27 14:59:35	C:\Users\lehie\AppData\Local\Temp\aiflow-security-modules-bnyayvbf\archives\golang.org_x_sys@v0.6.0.zip//golang.org/x/sys@v0.6.0/unix/zsyscall_aix_ppc64_gc.go	ok
2026-09-27 14:59:35	C:\Users\lehie\AppData\Local\Temp\aiflow-security-modules-bnyayvbf\archives\golang.org_x_text@v0.41.0.zip//golang.org/x/text@v0.41.0/encoding/korean/maketables.go	ok
2026-09-27 14:59:35	C:\Users\lehie\AppData\Local\Temp\aiflow-security-modules-bnyayvbf\archives\golang.org_x_sys@v0.6.0.zip//golang.org/x/sys@v0.6.0/unix/zsyscall_aix_ppc64_gccgo.go	ok
2026-09-27 14:59:35	C:\Users\lehie\AppData\Local\Temp\aiflow-security-modules-bnyayvbf\archives\golang.org_x_sys@v0.6.0.zip//golang.org/x/sys@v0.6.0/unix/zsyscall_darwin_amd64.go	ok
2026-09-27 14:59:35	C:\Users\lehie\AppData\Local\Temp\aiflow-security-modules-bnyayvbf\archives\golang.org_x_text@v0.41.0.zip//golang.org/x/text@v0.41.0/encoding/korean/tables.go	ok
2026-09-27 14:59:35	C:\Users\lehie\AppData\Local\Temp\aiflow-security-modules-bnyayvbf\archives\golang.org_x_sys@v0.6.0.zip//golang.org/x/sys@v0.6.0/unix/zsyscall_darwin_amd64.s	ok
2026-09-27 14:59:35	C:\Users\lehie\AppData\Local\Temp\aiflow-security-modules-bnyayvbf\archives\golang.org_x_text@v0.41.0.zip//golang.org/x/text@v0.41.0/encoding/simplifiedchinese/all.go	ok
2026-09-27 14:59:35	C:\Users\lehie\AppData\Local\Temp\aiflow-security-modules-bnyayvbf\archives\golang.org_x_text@v0.41.0.zip//golang.org/x/text@v0.41.0/encoding/simplifiedchinese/all_test.go	ok
2026-09-27 14:59:35	C:\Users\lehie\AppData\Local\Temp\aiflow-security-modules-bnyayvbf\archives\golang.org_x_sys@v0.6.0.zip//golang.org/x/sys@v0.6.0/unix/zsyscall_darwin_arm64.go	ok
2026-09-27 14:59:35	C:\Users\lehie\AppData\Local\Temp\aiflow-security-modules-bnyayvbf\archives\golang.org_x_text@v0.41.0.zip//golang.org/x/text@v0.41.0/encoding/simplifiedchinese/gbk.go	ok
2026-09-27 14:59:35	C:\Users\lehie\AppData\Local\Temp\aiflow-security-modules-bnyayvbf\archives\golang.org_x_sys@v0.6.0.zip//golang.org/x/sys@v0.6.0/unix/zsyscall_darwin_arm64.s	ok
2026-09-27 14:59:35	C:\Users\lehie\AppData\Local\Temp\aiflow-security-modules-bnyayvbf\archives\golang.org_x_text@v0.41.0.zip//golang.org/x/text@v0.41.0/encoding/simplifiedchinese/hzgb2312.go	ok
2026-09-27 14:59:35	C:\Users\lehie\AppData\Local\Temp\aiflow-security-modules-bnyayvbf\archives\golang.org_x_text@v0.41.0.zip//golang.org/x/text@v0.41.0/encoding/simplifiedchinese/maketables.go	ok
2026-09-27 14:59:35	C:\Users\lehie\AppData\Local\Temp\aiflow-security-modules-bnyayvbf\archives\golang.org_x_sys@v0.6.0.zip//golang.org/x/sys@v0.6.0/unix/zsyscall_dragonfly_amd64.go	ok
2026-09-27 14:59:35	C:\Users\lehie\AppData\Local\Temp\aiflow-security-modules-bnyayvbf\archives\golang.org_x_sys@v0.6.0.zip//golang.org/x/sys@v0.6.0/unix/zsyscall_freebsd_386.go	ok
2026-09-27 14:59:35	C:\Users\lehie\AppData\Local\Temp\aiflow-security-modules-bnyayvbf\archives\golang.org_x_sys@v0.6.0.zip//golang.org/x/sys@v0.6.0/unix/zsyscall_freebsd_amd64.go	ok
2026-09-27 14:59:35	C:\Users\lehie\AppData\Local\Temp\aiflow-security-modules-bnyayvbf\archives\golang.org_x_text@v0.41.0.zip//golang.org/x/text@v0.41.0/encoding/simplifiedchinese/tables.go	ok
2026-09-27 14:59:35	C:\Users\lehie\AppData\Local\Temp\aiflow-security-modules-bnyayvbf\archives\golang.org_x_sys@v0.6.0.zip//golang.org/x/sys@v0.6.0/unix/zsyscall_freebsd_arm.go	ok
2026-09-27 14:59:35	C:\Users\lehie\AppData\Local\Temp\aiflow-security-modules-bnyayvbf\archives\golang.org_x_text@v0.41.0.zip//golang.org/x/text@v0.41.0/encoding/testdata/candide-gb18030.txt	ok
2026-09-27 14:59:35	C:\Users\lehie\AppData\Local\Temp\aiflow-security-modules-bnyayvbf\archives\golang.org_x_sys@v0.6.0.zip//golang.org/x/sys@v0.6.0/unix/zsyscall_freebsd_arm64.go	ok
2026-09-27 14:59:35	C:\Users\lehie\AppData\Local\Temp\aiflow-security-modules-bnyayvbf\archives\golang.org_x_text@v0.41.0.zip//golang.org/x/text@v0.41.0/encoding/testdata/candide-utf-16le.txt	ok
2026-09-27 14:59:35	C:\Users\lehie\AppData\Local\Temp\aiflow-security-modules-bnyayvbf\archives\golang.org_x_sys@v0.6.0.zip//golang.org/x/sys@v0.6.0/unix/zsyscall_freebsd_riscv64.go	ok
2026-09-27 14:59:35	C:\Users\lehie\AppData\Local\Temp\aiflow-security-modules-bnyayvbf\archives\golang.org_x_text@v0.41.0.zip//golang.org/x/text@v0.41.0/encoding/testdata/candide-utf-32be.txt	ok
2026-09-27 14:59:35	C:\Users\lehie\AppData\Local\Temp\aiflow-security-modules-bnyayvbf\archives\golang.org_x_sys@v0.6.0.zip//golang.org/x/sys@v0.6.0/unix/zsyscall_illumos_amd64.go	ok
2026-09-27 14:59:35	C:\Users\lehie\AppData\Local\Temp\aiflow-security-modules-bnyayvbf\archives\golang.org_x_text@v0.41.0.zip//golang.org/x/text@v0.41.0/encoding/testdata/candide-utf-8.txt	ok
2026-09-27 14:59:35	C:\Users\lehie\AppData\Local\Temp\aiflow-security-modules-bnyayvbf\archives\golang.org_x_sys@v0.6.0.zip//golang.org/x/sys@v0.6.0/unix/zsyscall_linux.go	ok
2026-09-27 14:59:35	C:\Users\lehie\AppData\Local\Temp\aiflow-security-modules-bnyayvbf\archives\golang.org_x_text@v0.41.0.zip//golang.org/x/text@v0.41.0/encoding/testdata/candide-windows-1252.txt	ok
2026-09-27 14:59:35	C:\Users\lehie\AppData\Local\Temp\aiflow-security-modules-bnyayvbf\archives\golang.org_x_sys@v0.6.0.zip//golang.org/x/sys@v0.6.0/unix/zsyscall_linux_386.go	ok
2026-09-27 14:59:35	C:\Users\lehie\AppData\Local\Temp\aiflow-security-modules-bnyayvbf\archives\golang.org_x_text@v0.41.0.zip//golang.org/x/text@v0.41.0/encoding/testdata/rashomon-euc-jp.txt	ok
2026-09-27 14:59:35	C:\Users\lehie\AppData\Local\Temp\aiflow-security-modules-bnyayvbf\archives\golang.org_x_sys@v0.6.0.zip//golang.org/x/sys@v0.6.0/unix/zsyscall_linux_amd64.go	ok
2026-09-27 14:59:35	C:\Users\lehie\AppData\Local\Temp\aiflow-security-modules-bnyayvbf\archives\golang.org_x_text@v0.41.0.zip//golang.org/x/text@v0.41.0/encoding/testdata/rashomon-iso-2022-jp.txt	ok
2026-09-27 14:59:35	C:\Users\lehie\AppData\Local\Temp\aiflow-security-modules-bnyayvbf\archives\golang.org_x_text@v0.41.0.zip//golang.org/x/text@v0.41.0/encoding/testdata/rashomon-shift-jis.txt	ok
2026-09-27 14:59:35	C:\Users\lehie\AppData\Local\Temp\aiflow-security-modules-bnyayvbf\archives\golang.org_x_sys@v0.6.0.zip//golang.org/x/sys@v0.6.0/unix/zsyscall_linux_arm.go	ok
2026-09-27 14:59:35	C:\Users\lehie\AppData\Local\Temp\aiflow-security-modules-bnyayvbf\archives\golang.org_x_text@v0.41.0.zip//golang.org/x/text@v0.41.0/encoding/testdata/rashomon-utf-8.txt	ok
2026-09-27 14:59:35	C:\Users\lehie\AppData\Local\Temp\aiflow-security-modules-bnyayvbf\archives\golang.org_x_sys@v0.6.0.zip//golang.org/x/sys@v0.6.0/unix/zsyscall_linux_arm64.go	ok
2026-09-27 14:59:35	C:\Users\lehie\AppData\Local\Temp\aiflow-security-modules-bnyayvbf\archives\golang.org_x_text@v0.41.0.zip//golang.org/x/text@v0.41.0/encoding/testdata/sunzi-bingfa-gb-levels-1-and-2-hz-gb2312.txt	ok
2026-09-27 14:59:35	C:\Users\lehie\AppData\Local\Temp\aiflow-security-modules-bnyayvbf\archives\golang.org_x_sys@v0.6.0.zip//golang.org/x/sys@v0.6.0/unix/zsyscall_linux_loong64.go	ok
2026-09-27 14:59:35	C:\Users\lehie\AppData\Local\Temp\aiflow-security-modules-bnyayvbf\archives\golang.org_x_text@v0.41.0.zip//golang.org/x/text@v0.41.0/encoding/testdata/sunzi-bingfa-gb-levels-1-and-2-utf-8.txt	ok
2026-09-27 14:59:35	C:\Users\lehie\AppData\Local\Temp\aiflow-security-modules-bnyayvbf\archives\golang.org_x_sys@v0.6.0.zip//golang.org/x/sys@v0.6.0/unix/zsyscall_linux_mips.go	ok
2026-09-27 14:59:35	C:\Users\lehie\AppData\Local\Temp\aiflow-security-modules-bnyayvbf\archives\golang.org_x_text@v0.41.0.zip//golang.org/x/text@v0.41.0/encoding/testdata/sunzi-bingfa-simplified-gbk.txt	ok
2026-09-27 14:59:35	C:\Users\lehie\AppData\Local\Temp\aiflow-security-modules-bnyayvbf\archives\golang.org_x_sys@v0.6.0.zip//golang.org/x/sys@v0.6.0/unix/zsyscall_linux_mips64.go	ok
2026-09-27 14:59:35	C:\Users\lehie\AppData\Local\Temp\aiflow-security-modules-bnyayvbf\archives\golang.org_x_text@v0.41.0.zip//golang.org/x/text@v0.41.0/encoding/testdata/sunzi-bingfa-simplified-utf-8.txt	ok
2026-09-27 14:59:35	C:\Users\lehie\AppData\Local\Temp\aiflow-security-modules-bnyayvbf\archives\golang.org_x_sys@v0.6.0.zip//golang.org/x/sys@v0.6.0/unix/zsyscall_linux_mips64le.go	ok
2026-09-27 14:59:35	C:\Users\lehie\AppData\Local\Temp\aiflow-security-modules-bnyayvbf\archives\golang.org_x_text@v0.41.0.zip//golang.org/x/text@v0.41.0/encoding/testdata/sunzi-bingfa-traditional-big5.txt	ok
2026-09-27 14:59:35	C:\Users\lehie\AppData\Local\Temp\aiflow-security-modules-bnyayvbf\archives\golang.org_x_sys@v0.6.0.zip//golang.org/x/sys@v0.6.0/unix/zsyscall_linux_mipsle.go	ok
2026-09-27 14:59:35	C:\Users\lehie\AppData\Local\Temp\aiflow-security-modules-bnyayvbf\archives\golang.org_x_text@v0.41.0.zip//golang.org/x/text@v0.41.0/encoding/testdata/sunzi-bingfa-traditional-utf-8.txt	ok
2026-09-27 14:59:35	C:\Users\lehie\AppData\Local\Temp\aiflow-security-modules-bnyayvbf\archives\golang.org_x_sys@v0.6.0.zip//golang.org/x/sys@v0.6.0/unix/zsyscall_linux_ppc.go	ok
2026-09-27 14:59:35	C:\Users\lehie\AppData\Local\Temp\aiflow-security-modules-bnyayvbf\archives\golang.org_x_text@v0.41.0.zip//golang.org/x/text@v0.41.0/encoding/testdata/unsu-joh-eun-nal-euc-kr.txt	ok
2026-09-27 14:59:35	C:\Users\lehie\AppData\Local\Temp\aiflow-security-modules-bnyayvbf\archives\golang.org_x_sys@v0.6.0.zip//golang.org/x/sys@v0.6.0/unix/zsyscall_linux_ppc64.go	ok
2026-09-27 14:59:35	C:\Users\lehie\AppData\Local\Temp\aiflow-security-modules-bnyayvbf\archives\golang.org_x_text@v0.41.0.zip//golang.org/x/text@v0.41.0/encoding/testdata/unsu-joh-eun-nal-utf-8.txt	ok
2026-09-27 14:59:35	C:\Users\lehie\AppData\Local\Temp\aiflow-security-modules-bnyayvbf\archives\golang.org_x_sys@v0.6.0.zip//golang.org/x/sys@v0.6.0/unix/zsyscall_linux_ppc64le.go	ok
2026-09-27 14:59:35	C:\Users\lehie\AppData\Local\Temp\aiflow-security-modules-bnyayvbf\archives\golang.org_x_text@v0.41.0.zip//golang.org/x/text@v0.41.0/encoding/traditionalchinese/all_test.go	ok
2026-09-27 14:59:35	C:\Users\lehie\AppData\Local\Temp\aiflow-security-modules-bnyayvbf\archives\golang.org_x_text@v0.41.0.zip//golang.org/x/text@v0.41.0/encoding/traditionalchinese/big5.go	ok
2026-09-27 14:59:35	C:\Users\lehie\AppData\Local\Temp\aiflow-security-modules-bnyayvbf\archives\golang.org_x_sys@v0.6.0.zip//golang.org/x/sys@v0.6.0/unix/zsyscall_linux_riscv64.go	ok
2026-09-27 14:59:35	C:\Users\lehie\AppData\Local\Temp\aiflow-security-modules-bnyayvbf\archives\golang.org_x_text@v0.41.0.zip//golang.org/x/text@v0.41.0/encoding/traditionalchinese/maketables.go	ok
2026-09-27 14:59:35	C:\Users\lehie\AppData\Local\Temp\aiflow-security-modules-bnyayvbf\archives\golang.org_x_sys@v0.6.0.zip//golang.org/x/sys@v0.6.0/unix/zsyscall_linux_s390x.go	ok
2026-09-27 14:59:35	C:\Users\lehie\AppData\Local\Temp\aiflow-security-modules-bnyayvbf\archives\golang.org_x_sys@v0.6.0.zip//golang.org/x/sys@v0.6.0/unix/zsyscall_linux_sparc64.go	ok
2026-09-27 14:59:35	C:\Users\lehie\AppData\Local\Temp\aiflow-security-modules-bnyayvbf\archives\golang.org_x_sys@v0.6.0.zip//golang.org/x/sys@v0.6.0/unix/zsyscall_netbsd_386.go	ok
2026-09-27 14:59:35	C:\Users\lehie\AppData\Local\Temp\aiflow-security-modules-bnyayvbf\archives\golang.org_x_sys@v0.6.0.zip//golang.org/x/sys@v0.6.0/unix/zsyscall_netbsd_amd64.go	ok
2026-09-27 14:59:35	C:\Users\lehie\AppData\Local\Temp\aiflow-security-modules-bnyayvbf\archives\golang.org_x_text@v0.41.0.zip//golang.org/x/text@v0.41.0/encoding/traditionalchinese/tables.go	ok
2026-09-27 14:59:35	C:\Users\lehie\AppData\Local\Temp\aiflow-security-modules-bnyayvbf\archives\golang.org_x_sys@v0.6.0.zip//golang.org/x/sys@v0.6.0/unix/zsyscall_netbsd_arm.go	ok
2026-09-27 14:59:35	C:\Users\lehie\AppData\Local\Temp\aiflow-security-modules-bnyayvbf\archives\golang.org_x_text@v0.41.0.zip//golang.org/x/text@v0.41.0/encoding/unicode/override.go	ok
2026-09-27 14:59:35	C:\Users\lehie\AppData\Local\Temp\aiflow-security-modules-bnyayvbf\archives\golang.org_x_sys@v0.6.0.zip//golang.org/x/sys@v0.6.0/unix/zsyscall_netbsd_arm64.go	ok
2026-09-27 14:59:35	C:\Users\lehie\AppData\Local\Temp\aiflow-security-modules-bnyayvbf\archives\golang.org_x_text@v0.41.0.zip//golang.org/x/text@v0.41.0/encoding/unicode/unicode.go	ok
2026-09-27 14:59:35	C:\Users\lehie\AppData\Local\Temp\aiflow-security-modules-bnyayvbf\archives\golang.org_x_text@v0.41.0.zip//golang.org/x/text@v0.41.0/encoding/unicode/unicode_test.go	ok
2026-09-27 14:59:35	C:\Users\lehie\AppData\Local\Temp\aiflow-security-modules-bnyayvbf\archives\golang.org_x_sys@v0.6.0.zip//golang.org/x/sys@v0.6.0/unix/zsyscall_openbsd_386.go	ok
2026-09-27 14:59:35	C:\Users\lehie\AppData\Local\Temp\aiflow-security-modules-bnyayvbf\archives\golang.org_x_text@v0.41.0.zip//golang.org/x/text@v0.41.0/encoding/unicode/utf32/utf32.go	ok
2026-09-27 14:59:35	C:\Users\lehie\AppData\Local\Temp\aiflow-security-modules-bnyayvbf\archives\golang.org_x_sys@v0.6.0.zip//golang.org/x/sys@v0.6.0/unix/zsyscall_openbsd_386.s	ok
2026-09-27 14:59:35	C:\Users\lehie\AppData\Local\Temp\aiflow-security-modules-bnyayvbf\archives\golang.org_x_text@v0.41.0.zip//golang.org/x/text@v0.41.0/encoding/unicode/utf32/utf32_test.go	ok
2026-09-27 14:59:35	C:\Users\lehie\AppData\Local\Temp\aiflow-security-modules-bnyayvbf\archives\golang.org_x_text@v0.41.0.zip//golang.org/x/text@v0.41.0/feature/plural/common.go	ok
2026-09-27 14:59:35	C:\Users\lehie\AppData\Local\Temp\aiflow-security-modules-bnyayvbf\archives\golang.org_x_sys@v0.6.0.zip//golang.org/x/sys@v0.6.0/unix/zsyscall_openbsd_amd64.go	ok
2026-09-27 14:59:35	C:\Users\lehie\AppData\Local\Temp\aiflow-security-modules-bnyayvbf\archives\golang.org_x_text@v0.41.0.zip//golang.org/x/text@v0.41.0/feature/plural/data_test.go	ok
2026-09-27 14:59:35	C:\Users\lehie\AppData\Local\Temp\aiflow-security-modules-bnyayvbf\archives\golang.org_x_sys@v0.6.0.zip//golang.org/x/sys@v0.6.0/unix/zsyscall_openbsd_amd64.s	ok
2026-09-27 14:59:35	C:\Users\lehie\AppData\Local\Temp\aiflow-security-modules-bnyayvbf\archives\golang.org_x_text@v0.41.0.zip//golang.org/x/text@v0.41.0/feature/plural/example_test.go	ok
2026-09-27 14:59:35	C:\Users\lehie\AppData\Local\Temp\aiflow-security-modules-bnyayvbf\archives\golang.org_x_text@v0.41.0.zip//golang.org/x/text@v0.41.0/feature/plural/gen.go	ok
2026-09-27 14:59:35	C:\Users\lehie\AppData\Local\Temp\aiflow-security-modules-bnyayvbf\archives\golang.org_x_sys@v0.6.0.zip//golang.org/x/sys@v0.6.0/unix/zsyscall_openbsd_arm.go	ok
2026-09-27 14:59:35	C:\Users\lehie\AppData\Local\Temp\aiflow-security-modules-bnyayvbf\archives\golang.org_x_text@v0.41.0.zip//golang.org/x/text@v0.41.0/feature/plural/gen_common.go	ok
2026-09-27 14:59:35	C:\Users\lehie\AppData\Local\Temp\aiflow-security-modules-bnyayvbf\archives\golang.org_x_sys@v0.6.0.zip//golang.org/x/sys@v0.6.0/unix/zsyscall_openbsd_arm.s	ok
2026-09-27 14:59:35	C:\Users\lehie\AppData\Local\Temp\aiflow-security-modules-bnyayvbf\archives\golang.org_x_text@v0.41.0.zip//golang.org/x/text@v0.41.0/feature/plural/message.go	ok
2026-09-27 14:59:35	C:\Users\lehie\AppData\Local\Temp\aiflow-security-modules-bnyayvbf\archives\golang.org_x_text@v0.41.0.zip//golang.org/x/text@v0.41.0/feature/plural/message_test.go	ok
2026-09-27 14:59:35	C:\Users\lehie\AppData\Local\Temp\aiflow-security-modules-bnyayvbf\archives\golang.org_x_sys@v0.6.0.zip//golang.org/x/sys@v0.6.0/unix/zsyscall_openbsd_arm64.go	ok
2026-09-27 14:59:35	C:\Users\lehie\AppData\Local\Temp\aiflow-security-modules-bnyayvbf\archives\golang.org_x_text@v0.41.0.zip//golang.org/x/text@v0.41.0/feature/plural/plural.go	ok
2026-09-27 14:59:35	C:\Users\lehie\AppData\Local\Temp\aiflow-security-modules-bnyayvbf\archives\golang.org_x_text@v0.41.0.zip//golang.org/x/text@v0.41.0/feature/plural/plural_test.go	ok
2026-09-27 14:59:35	C:\Users\lehie\AppData\Local\Temp\aiflow-security-modules-bnyayvbf\archives\golang.org_x_sys@v0.6.0.zip//golang.org/x/sys@v0.6.0/unix/zsyscall_openbsd_arm64.s	ok
2026-09-27 14:59:35	C:\Users\lehie\AppData\Local\Temp\aiflow-security-modules-bnyayvbf\archives\golang.org_x_text@v0.41.0.zip//golang.org/x/text@v0.41.0/feature/plural/tables.go	ok
2026-09-27 14:59:35	C:\Users\lehie\AppData\Local\Temp\aiflow-security-modules-bnyayvbf\archives\golang.org_x_sys@v0.6.0.zip//golang.org/x/sys@v0.6.0/unix/zsyscall_openbsd_mips64.go	ok
2026-09-27 14:59:35	C:\Users\lehie\AppData\Local\Temp\aiflow-security-modules-bnyayvbf\archives\golang.org_x_text@v0.41.0.zip//golang.org/x/text@v0.41.0/gen.go	ok
2026-09-27 14:59:35	C:\Users\lehie\AppData\Local\Temp\aiflow-security-modules-bnyayvbf\archives\golang.org_x_text@v0.41.0.zip//golang.org/x/text@v0.41.0/go.mod	ok
2026-09-27 14:59:35	C:\Users\lehie\AppData\Local\Temp\aiflow-security-modules-bnyayvbf\archives\golang.org_x_sys@v0.6.0.zip//golang.org/x/sys@v0.6.0/unix/zsyscall_openbsd_mips64.s	ok
2026-09-27 14:59:35	C:\Users\lehie\AppData\Local\Temp\aiflow-security-modules-bnyayvbf\archives\golang.org_x_text@v0.41.0.zip//golang.org/x/text@v0.41.0/go.sum	ok
2026-09-27 14:59:35	C:\Users\lehie\AppData\Local\Temp\aiflow-security-modules-bnyayvbf\archives\golang.org_x_sys@v0.6.0.zip//golang.org/x/sys@v0.6.0/unix/zsyscall_openbsd_ppc64.go	ok
2026-09-27 14:59:35	C:\Users\lehie\AppData\Local\Temp\aiflow-security-modules-bnyayvbf\archives\golang.org_x_text@v0.41.0.zip//golang.org/x/text@v0.41.0/internal/catmsg/catmsg.go	ok
2026-09-27 14:59:35	C:\Users\lehie\AppData\Local\Temp\aiflow-security-modules-bnyayvbf\archives\golang.org_x_sys@v0.6.0.zip//golang.org/x/sys@v0.6.0/unix/zsyscall_openbsd_ppc64.s	ok
2026-09-27 14:59:35	C:\Users\lehie\AppData\Local\Temp\aiflow-security-modules-bnyayvbf\archives\golang.org_x_text@v0.41.0.zip//golang.org/x/text@v0.41.0/internal/catmsg/catmsg_test.go	ok
2026-09-27 14:59:35	C:\Users\lehie\AppData\Local\Temp\aiflow-security-modules-bnyayvbf\archives\golang.org_x_text@v0.41.0.zip//golang.org/x/text@v0.41.0/internal/catmsg/codec.go	ok
2026-09-27 14:59:35	C:\Users\lehie\AppData\Local\Temp\aiflow-security-modules-bnyayvbf\archives\golang.org_x_sys@v0.6.0.zip//golang.org/x/sys@v0.6.0/unix/zsyscall_openbsd_riscv64.go	ok
2026-09-27 14:59:35	C:\Users\lehie\AppData\Local\Temp\aiflow-security-modules-bnyayvbf\archives\golang.org_x_text@v0.41.0.zip//golang.org/x/text@v0.41.0/internal/catmsg/varint.go	ok
2026-09-27 14:59:35	C:\Users\lehie\AppData\Local\Temp\aiflow-security-modules-bnyayvbf\archives\golang.org_x_text@v0.41.0.zip//golang.org/x/text@v0.41.0/internal/catmsg/varint_test.go	ok
2026-09-27 14:59:35	C:\Users\lehie\AppData\Local\Temp\aiflow-security-modules-bnyayvbf\archives\golang.org_x_sys@v0.6.0.zip//golang.org/x/sys@v0.6.0/unix/zsyscall_openbsd_riscv64.s	ok
2026-09-27 14:59:35	C:\Users\lehie\AppData\Local\Temp\aiflow-security-modules-bnyayvbf\archives\golang.org_x_text@v0.41.0.zip//golang.org/x/text@v0.41.0/internal/cldrtree/cldrtree.go	ok
2026-09-27 14:59:35	C:\Users\lehie\AppData\Local\Temp\aiflow-security-modules-bnyayvbf\archives\golang.org_x_sys@v0.6.0.zip//golang.org/x/sys@v0.6.0/unix/zsyscall_solaris_amd64.go	ok
2026-09-27 14:59:35	C:\Users\lehie\AppData\Local\Temp\aiflow-security-modules-bnyayvbf\archives\golang.org_x_text@v0.41.0.zip//golang.org/x/text@v0.41.0/internal/cldrtree/cldrtree_test.go	ok
2026-09-27 14:59:35	C:\Users\lehie\AppData\Local\Temp\aiflow-security-modules-bnyayvbf\archives\golang.org_x_sys@v0.6.0.zip//golang.org/x/sys@v0.6.0/unix/zsyscall_zos_s390x.go	ok
2026-09-27 14:59:35	C:\Users\lehie\AppData\Local\Temp\aiflow-security-modules-bnyayvbf\archives\golang.org_x_text@v0.41.0.zip//golang.org/x/text@v0.41.0/internal/cldrtree/generate.go	ok
2026-09-27 14:59:35	C:\Users\lehie\AppData\Local\Temp\aiflow-security-modules-bnyayvbf\archives\golang.org_x_sys@v0.6.0.zip//golang.org/x/sys@v0.6.0/unix/zsysctl_openbsd_386.go	ok
2026-09-27 14:59:35	C:\Users\lehie\AppData\Local\Temp\aiflow-security-modules-bnyayvbf\archives\golang.org_x_text@v0.41.0.zip//golang.org/x/text@v0.41.0/internal/cldrtree/option.go	ok
2026-09-27 14:59:35	C:\Users\lehie\AppData\Local\Temp\aiflow-security-modules-bnyayvbf\archives\golang.org_x_text@v0.41.0.zip//golang.org/x/text@v0.41.0/internal/cldrtree/testdata/test1/common/main/root.xml	ok
2026-09-27 14:59:35	C:\Users\lehie\AppData\Local\Temp\aiflow-security-modules-bnyayvbf\archives\golang.org_x_sys@v0.6.0.zip//golang.org/x/sys@v0.6.0/unix/zsysctl_openbsd_amd64.go	ok
2026-09-27 14:59:35	C:\Users\lehie\AppData\Local\Temp\aiflow-security-modules-bnyayvbf\archives\golang.org_x_text@v0.41.0.zip//golang.org/x/text@v0.41.0/internal/cldrtree/testdata/test1/output.go	ok
2026-09-27 14:59:35	C:\Users\lehie\AppData\Local\Temp\aiflow-security-modules-bnyayvbf\archives\golang.org_x_sys@v0.6.0.zip//golang.org/x/sys@v0.6.0/unix/zsysctl_openbsd_arm.go	ok
2026-09-27 14:59:35	C:\Users\lehie\AppData\Local\Temp\aiflow-security-modules-bnyayvbf\archives\golang.org_x_text@v0.41.0.zip//golang.org/x/text@v0.41.0/internal/cldrtree/testdata/test2/common/main/en.xml	ok
2026-09-27 14:59:35	C:\Users\lehie\AppData\Local\Temp\aiflow-security-modules-bnyayvbf\archives\golang.org_x_sys@v0.6.0.zip//golang.org/x/sys@v0.6.0/unix/zsysctl_openbsd_arm64.go	ok
2026-09-27 14:59:35	C:\Users\lehie\AppData\Local\Temp\aiflow-security-modules-bnyayvbf\archives\golang.org_x_text@v0.41.0.zip//golang.org/x/text@v0.41.0/internal/cldrtree/testdata/test2/common/main/en_001.xml	ok
2026-09-27 14:59:35	C:\Users\lehie\AppData\Local\Temp\aiflow-security-modules-bnyayvbf\archives\golang.org_x_sys@v0.6.0.zip//golang.org/x/sys@v0.6.0/unix/zsysctl_openbsd_mips64.go	ok
2026-09-27 14:59:35	C:\Users\lehie\AppData\Local\Temp\aiflow-security-modules-bnyayvbf\archives\golang.org_x_text@v0.41.0.zip//golang.org/x/text@v0.41.0/internal/cldrtree/testdata/test2/common/main/en_GB.xml	ok
2026-09-27 14:59:35	C:\Users\lehie\AppData\Local\Temp\aiflow-security-modules-bnyayvbf\archives\golang.org_x_sys@v0.6.0.zip//golang.org/x/sys@v0.6.0/unix/zsysctl_openbsd_ppc64.go	ok
2026-09-27 14:59:35	C:\Users\lehie\AppData\Local\Temp\aiflow-security-modules-bnyayvbf\archives\golang.org_x_text@v0.41.0.zip//golang.org/x/text@v0.41.0/internal/cldrtree/testdata/test2/common/main/root.xml	ok
2026-09-27 14:59:36	C:\Users\lehie\AppData\Local\Temp\aiflow-security-modules-bnyayvbf\archives\golang.org_x_sys@v0.6.0.zip//golang.org/x/sys@v0.6.0/unix/zsysctl_openbsd_riscv64.go	ok
2026-09-27 14:59:36	C:\Users\lehie\AppData\Local\Temp\aiflow-security-modules-bnyayvbf\archives\golang.org_x_text@v0.41.0.zip//golang.org/x/text@v0.41.0/internal/cldrtree/testdata/test2/output.go	ok
2026-09-27 14:59:36	C:\Users\lehie\AppData\Local\Temp\aiflow-security-modules-bnyayvbf\archives\golang.org_x_sys@v0.6.0.zip//golang.org/x/sys@v0.6.0/unix/zsysnum_darwin_amd64.go	ok
2026-09-27 14:59:36	C:\Users\lehie\AppData\Local\Temp\aiflow-security-modules-bnyayvbf\archives\golang.org_x_text@v0.41.0.zip//golang.org/x/text@v0.41.0/internal/cldrtree/tree.go	ok
2026-09-27 14:59:36	C:\Users\lehie\AppData\Local\Temp\aiflow-security-modules-bnyayvbf\archives\golang.org_x_sys@v0.6.0.zip//golang.org/x/sys@v0.6.0/unix/zsysnum_darwin_arm64.go	ok
2026-09-27 14:59:36	C:\Users\lehie\AppData\Local\Temp\aiflow-security-modules-bnyayvbf\archives\golang.org_x_text@v0.41.0.zip//golang.org/x/text@v0.41.0/internal/cldrtree/type.go	ok
2026-09-27 14:59:36	C:\Users\lehie\AppData\Local\Temp\aiflow-security-modules-bnyayvbf\archives\golang.org_x_text@v0.41.0.zip//golang.org/x/text@v0.41.0/internal/colltab/collate_test.go	ok
2026-09-27 14:59:36	C:\Users\lehie\AppData\Local\Temp\aiflow-security-modules-bnyayvbf\archives\golang.org_x_sys@v0.6.0.zip//golang.org/x/sys@v0.6.0/unix/zsysnum_dragonfly_amd64.go	ok
2026-09-27 14:59:36	C:\Users\lehie\AppData\Local\Temp\aiflow-security-modules-bnyayvbf\archives\golang.org_x_text@v0.41.0.zip//golang.org/x/text@v0.41.0/internal/colltab/collelem.go	ok
2026-09-27 14:59:36	C:\Users\lehie\AppData\Local\Temp\aiflow-security-modules-bnyayvbf\archives\golang.org_x_sys@v0.6.0.zip//golang.org/x/sys@v0.6.0/unix/zsysnum_freebsd_386.go	ok
2026-09-27 14:59:36	C:\Users\lehie\AppData\Local\Temp\aiflow-security-modules-bnyayvbf\archives\golang.org_x_text@v0.41.0.zip//golang.org/x/text@v0.41.0/internal/colltab/collelem_test.go	ok
2026-09-27 14:59:36	C:\Users\lehie\AppData\Local\Temp\aiflow-security-modules-bnyayvbf\archives\golang.org_x_text@v0.41.0.zip//golang.org/x/text@v0.41.0/internal/colltab/colltab.go	ok
2026-09-27 14:59:36	C:\Users\lehie\AppData\Local\Temp\aiflow-security-modules-bnyayvbf\archives\golang.org_x_sys@v0.6.0.zip//golang.org/x/sys@v0.6.0/unix/zsysnum_freebsd_amd64.go	ok
2026-09-27 14:59:36	C:\Users\lehie\AppData\Local\Temp\aiflow-security-modules-bnyayvbf\archives\golang.org_x_text@v0.41.0.zip//golang.org/x/text@v0.41.0/internal/colltab/colltab_test.go	ok
2026-09-27 14:59:36	C:\Users\lehie\AppData\Local\Temp\aiflow-security-modules-bnyayvbf\archives\golang.org_x_sys@v0.6.0.zip//golang.org/x/sys@v0.6.0/unix/zsysnum_freebsd_arm.go	ok
2026-09-27 14:59:36	C:\Users\lehie\AppData\Local\Temp\aiflow-security-modules-bnyayvbf\archives\golang.org_x_text@v0.41.0.zip//golang.org/x/text@v0.41.0/internal/colltab/contract.go	ok
2026-09-27 14:59:36	C:\Users\lehie\AppData\Local\Temp\aiflow-security-modules-bnyayvbf\archives\golang.org_x_text@v0.41.0.zip//golang.org/x/text@v0.41.0/internal/colltab/contract_test.go	ok
2026-09-27 14:59:36	C:\Users\lehie\AppData\Local\Temp\aiflow-security-modules-bnyayvbf\archives\golang.org_x_sys@v0.6.0.zip//golang.org/x/sys@v0.6.0/unix/zsysnum_freebsd_arm64.go	ok
2026-09-27 14:59:36	C:\Users\lehie\AppData\Local\Temp\aiflow-security-modules-bnyayvbf\archives\golang.org_x_text@v0.41.0.zip//golang.org/x/text@v0.41.0/internal/colltab/iter.go	ok
2026-09-27 14:59:36	C:\Users\lehie\AppData\Local\Temp\aiflow-security-modules-bnyayvbf\archives\golang.org_x_text@v0.41.0.zip//golang.org/x/text@v0.41.0/internal/colltab/iter_test.go	ok
2026-09-27 14:59:36	C:\Users\lehie\AppData\Local\Temp\aiflow-security-modules-bnyayvbf\archives\golang.org_x_sys@v0.6.0.zip//golang.org/x/sys@v0.6.0/unix/zsysnum_freebsd_riscv64.go	ok
2026-09-27 14:59:36	C:\Users\lehie\AppData\Local\Temp\aiflow-security-modules-bnyayvbf\archives\golang.org_x_text@v0.41.0.zip//golang.org/x/text@v0.41.0/internal/colltab/numeric.go	ok
2026-09-27 14:59:36	C:\Users\lehie\AppData\Local\Temp\aiflow-security-modules-bnyayvbf\archives\golang.org_x_sys@v0.6.0.zip//golang.org/x/sys@v0.6.0/unix/zsysnum_linux_386.go	ok
2026-09-27 14:59:36	C:\Users\lehie\AppData\Local\Temp\aiflow-security-modules-bnyayvbf\archives\golang.org_x_text@v0.41.0.zip//golang.org/x/text@v0.41.0/internal/colltab/numeric_test.go	ok
2026-09-27 14:59:36	C:\Users\lehie\AppData\Local\Temp\aiflow-security-modules-bnyayvbf\archives\golang.org_x_sys@v0.6.0.zip//golang.org/x/sys@v0.6.0/unix/zsysnum_linux_amd64.go	ok
2026-09-27 14:59:36	C:\Users\lehie\AppData\Local\Temp\aiflow-security-modules-bnyayvbf\archives\golang.org_x_text@v0.41.0.zip//golang.org/x/text@v0.41.0/internal/colltab/table.go	ok
2026-09-27 14:59:36	C:\Users\lehie\AppData\Local\Temp\aiflow-security-modules-bnyayvbf\archives\golang.org_x_sys@v0.6.0.zip//golang.org/x/sys@v0.6.0/unix/zsysnum_linux_arm.go	ok
2026-09-27 14:59:36	C:\Users\lehie\AppData\Local\Temp\aiflow-security-modules-bnyayvbf\archives\golang.org_x_text@v0.41.0.zip//golang.org/x/text@v0.41.0/internal/colltab/trie.go	ok
2026-09-27 14:59:36	C:\Users\lehie\AppData\Local\Temp\aiflow-security-modules-bnyayvbf\archives\golang.org_x_sys@v0.6.0.zip//golang.org/x/sys@v0.6.0/unix/zsysnum_linux_arm64.go	ok
2026-09-27 14:59:36	C:\Users\lehie\AppData\Local\Temp\aiflow-security-modules-bnyayvbf\archives\golang.org_x_text@v0.41.0.zip//golang.org/x/text@v0.41.0/internal/colltab/trie_test.go	ok
2026-09-27 14:59:36	C:\Users\lehie\AppData\Local\Temp\aiflow-security-modules-bnyayvbf\archives\golang.org_x_text@v0.41.0.zip//golang.org/x/text@v0.41.0/internal/colltab/weighter.go	ok
2026-09-27 14:59:36	C:\Users\lehie\AppData\Local\Temp\aiflow-security-modules-bnyayvbf\archives\golang.org_x_sys@v0.6.0.zip//golang.org/x/sys@v0.6.0/unix/zsysnum_linux_loong64.go	ok
2026-09-27 14:59:36	C:\Users\lehie\AppData\Local\Temp\aiflow-security-modules-bnyayvbf\archives\golang.org_x_text@v0.41.0.zip//golang.org/x/text@v0.41.0/internal/colltab/weighter_test.go	ok
2026-09-27 14:59:36	C:\Users\lehie\AppData\Local\Temp\aiflow-security-modules-bnyayvbf\archives\golang.org_x_sys@v0.6.0.zip//golang.org/x/sys@v0.6.0/unix/zsysnum_linux_mips.go	ok
2026-09-27 14:59:36	C:\Users\lehie\AppData\Local\Temp\aiflow-security-modules-bnyayvbf\archives\golang.org_x_text@v0.41.0.zip//golang.org/x/text@v0.41.0/internal/export/README	ok
2026-09-27 14:59:36	C:\Users\lehie\AppData\Local\Temp\aiflow-security-modules-bnyayvbf\archives\golang.org_x_sys@v0.6.0.zip//golang.org/x/sys@v0.6.0/unix/zsysnum_linux_mips64.go	ok
2026-09-27 14:59:36	C:\Users\lehie\AppData\Local\Temp\aiflow-security-modules-bnyayvbf\archives\golang.org_x_text@v0.41.0.zip//golang.org/x/text@v0.41.0/internal/export/idna/common_test.go	ok
2026-09-27 14:59:36	C:\Users\lehie\AppData\Local\Temp\aiflow-security-modules-bnyayvbf\archives\golang.org_x_text@v0.41.0.zip//golang.org/x/text@v0.41.0/internal/export/idna/conformance_test.go	ok
2026-09-27 14:59:36	C:\Users\lehie\AppData\Local\Temp\aiflow-security-modules-bnyayvbf\archives\golang.org_x_sys@v0.6.0.zip//golang.org/x/sys@v0.6.0/unix/zsysnum_linux_mips64le.go	ok
2026-09-27 14:59:36	C:\Users\lehie\AppData\Local\Temp\aiflow-security-modules-bnyayvbf\archives\golang.org_x_text@v0.41.0.zip//golang.org/x/text@v0.41.0/internal/export/idna/conformancev2_test.go	ok
2026-09-27 14:59:36	C:\Users\lehie\AppData\Local\Temp\aiflow-security-modules-bnyayvbf\archives\golang.org_x_sys@v0.6.0.zip//golang.org/x/sys@v0.6.0/unix/zsysnum_linux_mipsle.go	ok
2026-09-27 14:59:36	C:\Users\lehie\AppData\Local\Temp\aiflow-security-modules-bnyayvbf\archives\golang.org_x_text@v0.41.0.zip//golang.org/x/text@v0.41.0/internal/export/idna/example_test.go	ok
2026-09-27 14:59:36	C:\Users\lehie\AppData\Local\Temp\aiflow-security-modules-bnyayvbf\archives\golang.org_x_sys@v0.6.0.zip//golang.org/x/sys@v0.6.0/unix/zsysnum_linux_ppc.go	ok
2026-09-27 14:59:36	C:\Users\lehie\AppData\Local\Temp\aiflow-security-modules-bnyayvbf\archives\golang.org_x_text@v0.41.0.zip//golang.org/x/text@v0.41.0/internal/export/idna/gen.go	ok
2026-09-27 14:59:36	C:\Users\lehie\AppData\Local\Temp\aiflow-security-modules-bnyayvbf\archives\golang.org_x_sys@v0.6.0.zip//golang.org/x/sys@v0.6.0/unix/zsysnum_linux_ppc64.go	ok
2026-09-27 14:59:36	C:\Users\lehie\AppData\Local\Temp\aiflow-security-modules-bnyayvbf\archives\golang.org_x_text@v0.41.0.zip//golang.org/x/text@v0.41.0/internal/export/idna/gen_common.go	ok
2026-09-27 14:59:36	C:\Users\lehie\AppData\Local\Temp\aiflow-security-modules-bnyayvbf\archives\golang.org_x_sys@v0.6.0.zip//golang.org/x/sys@v0.6.0/unix/zsysnum_linux_ppc64le.go	ok
2026-09-27 14:59:36	C:\Users\lehie\AppData\Local\Temp\aiflow-security-modules-bnyayvbf\archives\golang.org_x_text@v0.41.0.zip//golang.org/x/text@v0.41.0/internal/export/idna/gen_test.go	ok
2026-09-27 14:59:36	C:\Users\lehie\AppData\Local\Temp\aiflow-security-modules-bnyayvbf\archives\golang.org_x_text@v0.41.0.zip//golang.org/x/text@v0.41.0/internal/export/idna/gen_trieval.go	ok
2026-09-27 14:59:36	C:\Users\lehie\AppData\Local\Temp\aiflow-security-modules-bnyayvbf\archives\golang.org_x_sys@v0.6.0.zip//golang.org/x/sys@v0.6.0/unix/zsysnum_linux_riscv64.go	ok
2026-09-27 14:59:36	C:\Users\lehie\AppData\Local\Temp\aiflow-security-modules-bnyayvbf\archives\golang.org_x_sys@v0.6.0.zip//golang.org/x/sys@v0.6.0/unix/zsysnum_linux_s390x.go	ok
2026-09-27 14:59:36	C:\Users\lehie\AppData\Local\Temp\aiflow-security-modules-bnyayvbf\archives\golang.org_x_text@v0.41.0.zip//golang.org/x/text@v0.41.0/internal/export/idna/idna.go	ok
2026-09-27 14:59:36	C:\Users\lehie\AppData\Local\Temp\aiflow-security-modules-bnyayvbf\archives\golang.org_x_sys@v0.6.0.zip//golang.org/x/sys@v0.6.0/unix/zsysnum_linux_sparc64.go	ok
2026-09-27 14:59:36	C:\Users\lehie\AppData\Local\Temp\aiflow-security-modules-bnyayvbf\archives\golang.org_x_text@v0.41.0.zip//golang.org/x/text@v0.41.0/internal/export/idna/idna_test.go	ok
2026-09-27 14:59:36	C:\Users\lehie\AppData\Local\Temp\aiflow-security-modules-bnyayvbf\archives\golang.org_x_sys@v0.6.0.zip//golang.org/x/sys@v0.6.0/unix/zsysnum_netbsd_386.go	ok
2026-09-27 14:59:36	C:\Users\lehie\AppData\Local\Temp\aiflow-security-modules-bnyayvbf\archives\golang.org_x_text@v0.41.0.zip//golang.org/x/text@v0.41.0/internal/export/idna/punycode.go	ok
2026-09-27 14:59:36	C:\Users\lehie\AppData\Local\Temp\aiflow-security-modules-bnyayvbf\archives\golang.org_x_text@v0.41.0.zip//golang.org/x/text@v0.41.0/internal/export/idna/punycode_test.go	ok
2026-09-27 14:59:36	C:\Users\lehie\AppData\Local\Temp\aiflow-security-modules-bnyayvbf\archives\golang.org_x_sys@v0.6.0.zip//golang.org/x/sys@v0.6.0/unix/zsysnum_netbsd_amd64.go	ok
2026-09-27 14:59:36	C:\Users\lehie\AppData\Local\Temp\aiflow-security-modules-bnyayvbf\archives\golang.org_x_sys@v0.6.0.zip//golang.org/x/sys@v0.6.0/unix/zsysnum_netbsd_arm.go	ok
2026-09-27 14:59:36	C:\Users\lehie\AppData\Local\Temp\aiflow-security-modules-bnyayvbf\archives\golang.org_x_sys@v0.6.0.zip//golang.org/x/sys@v0.6.0/unix/zsysnum_netbsd_arm64.go	ok
2026-09-27 14:59:36	C:\Users\lehie\AppData\Local\Temp\aiflow-security-modules-bnyayvbf\archives\golang.org_x_text@v0.41.0.zip//golang.org/x/text@v0.41.0/internal/export/idna/tables15.0.0.go	ok
2026-09-27 14:59:36	C:\Users\lehie\AppData\Local\Temp\aiflow-security-modules-bnyayvbf\archives\golang.org_x_sys@v0.6.0.zip//golang.org/x/sys@v0.6.0/unix/zsysnum_openbsd_386.go	ok
2026-09-27 14:59:36	C:\Users\lehie\AppData\Local\Temp\aiflow-security-modules-bnyayvbf\archives\golang.org_x_sys@v0.6.0.zip//golang.org/x/sys@v0.6.0/unix/zsysnum_openbsd_amd64.go	ok
2026-09-27 14:59:36	C:\Users\lehie\AppData\Local\Temp\aiflow-security-modules-bnyayvbf\archives\golang.org_x_sys@v0.6.0.zip//golang.org/x/sys@v0.6.0/unix/zsysnum_openbsd_arm.go	ok
2026-09-27 14:59:36	C:\Users\lehie\AppData\Local\Temp\aiflow-security-modules-bnyayvbf\archives\golang.org_x_text@v0.41.0.zip//golang.org/x/text@v0.41.0/internal/export/idna/tables17.0.0.go	ok
2026-09-27 14:59:36	C:\Users\lehie\AppData\Local\Temp\aiflow-security-modules-bnyayvbf\archives\golang.org_x_text@v0.41.0.zip//golang.org/x/text@v0.41.0/internal/export/idna/trie.go	ok
2026-09-27 14:59:36	C:\Users\lehie\AppData\Local\Temp\aiflow-security-modules-bnyayvbf\archives\golang.org_x_sys@v0.6.0.zip//golang.org/x/sys@v0.6.0/unix/zsysnum_openbsd_arm64.go	ok
2026-09-27 14:59:36	C:\Users\lehie\AppData\Local\Temp\aiflow-security-modules-bnyayvbf\archives\golang.org_x_text@v0.41.0.zip//golang.org/x/text@v0.41.0/internal/export/idna/trieval.go	ok
2026-09-27 14:59:36	C:\Users\lehie\AppData\Local\Temp\aiflow-security-modules-bnyayvbf\archives\golang.org_x_sys@v0.6.0.zip//golang.org/x/sys@v0.6.0/unix/zsysnum_openbsd_mips64.go	ok
2026-09-27 14:59:36	C:\Users\lehie\AppData\Local\Temp\aiflow-security-modules-bnyayvbf\archives\golang.org_x_text@v0.41.0.zip//golang.org/x/text@v0.41.0/internal/export/unicode/doc.go	ok
2026-09-27 14:59:36	C:\Users\lehie\AppData\Local\Temp\aiflow-security-modules-bnyayvbf\archives\golang.org_x_sys@v0.6.0.zip//golang.org/x/sys@v0.6.0/unix/zsysnum_openbsd_ppc64.go	ok
2026-09-27 14:59:36	C:\Users\lehie\AppData\Local\Temp\aiflow-security-modules-bnyayvbf\archives\golang.org_x_text@v0.41.0.zip//golang.org/x/text@v0.41.0/internal/export/unicode/gen.go	ok
2026-09-27 14:59:36	C:\Users\lehie\AppData\Local\Temp\aiflow-security-modules-bnyayvbf\archives\golang.org_x_sys@v0.6.0.zip//golang.org/x/sys@v0.6.0/unix/zsysnum_openbsd_riscv64.go	ok
2026-09-27 14:59:36	C:\Users\lehie\AppData\Local\Temp\aiflow-security-modules-bnyayvbf\archives\golang.org_x_text@v0.41.0.zip//golang.org/x/text@v0.41.0/internal/export/unicode/unicode_test.go	ok
2026-09-27 14:59:36	C:\Users\lehie\AppData\Local\Temp\aiflow-security-modules-bnyayvbf\archives\golang.org_x_text@v0.41.0.zip//golang.org/x/text@v0.41.0/internal/format/format.go	ok
2026-09-27 14:59:36	C:\Users\lehie\AppData\Local\Temp\aiflow-security-modules-bnyayvbf\archives\golang.org_x_sys@v0.6.0.zip//golang.org/x/sys@v0.6.0/unix/zsysnum_zos_s390x.go	ok
2026-09-27 14:59:36	C:\Users\lehie\AppData\Local\Temp\aiflow-security-modules-bnyayvbf\archives\golang.org_x_text@v0.41.0.zip//golang.org/x/text@v0.41.0/internal/format/parser.go	ok
2026-09-27 14:59:36	C:\Users\lehie\AppData\Local\Temp\aiflow-security-modules-bnyayvbf\archives\golang.org_x_sys@v0.6.0.zip//golang.org/x/sys@v0.6.0/unix/ztypes_aix_ppc.go	ok
2026-09-27 14:59:36	C:\Users\lehie\AppData\Local\Temp\aiflow-security-modules-bnyayvbf\archives\golang.org_x_text@v0.41.0.zip//golang.org/x/text@v0.41.0/internal/format/parser_test.go	ok
2026-09-27 14:59:36	C:\Users\lehie\AppData\Local\Temp\aiflow-security-modules-bnyayvbf\archives\golang.org_x_sys@v0.6.0.zip//golang.org/x/sys@v0.6.0/unix/ztypes_aix_ppc64.go	ok
2026-09-27 14:59:36	C:\Users\lehie\AppData\Local\Temp\aiflow-security-modules-bnyayvbf\archives\golang.org_x_text@v0.41.0.zip//golang.org/x/text@v0.41.0/internal/gen/bitfield/bitfield.go	ok
2026-09-27 14:59:36	C:\Users\lehie\AppData\Local\Temp\aiflow-security-modules-bnyayvbf\archives\golang.org_x_text@v0.41.0.zip//golang.org/x/text@v0.41.0/internal/gen/bitfield/bitfield_test.go	ok
2026-09-27 14:59:36	C:\Users\lehie\AppData\Local\Temp\aiflow-security-modules-bnyayvbf\archives\golang.org_x_sys@v0.6.0.zip//golang.org/x/sys@v0.6.0/unix/ztypes_darwin_amd64.go	ok
2026-09-27 14:59:36	C:\Users\lehie\AppData\Local\Temp\aiflow-security-modules-bnyayvbf\archives\golang.org_x_text@v0.41.0.zip//golang.org/x/text@v0.41.0/internal/gen/bitfield/gen1_test.go	ok
2026-09-27 14:59:36	C:\Users\lehie\AppData\Local\Temp\aiflow-security-modules-bnyayvbf\archives\golang.org_x_sys@v0.6.0.zip//golang.org/x/sys@v0.6.0/unix/ztypes_darwin_arm64.go	ok
2026-09-27 14:59:36	C:\Users\lehie\AppData\Local\Temp\aiflow-security-modules-bnyayvbf\archives\golang.org_x_text@v0.41.0.zip//golang.org/x/text@v0.41.0/internal/gen/bitfield/gen2_test.go	ok
2026-09-27 14:59:36	C:\Users\lehie\AppData\Local\Temp\aiflow-security-modules-bnyayvbf\archives\golang.org_x_sys@v0.6.0.zip//golang.org/x/sys@v0.6.0/unix/ztypes_dragonfly_amd64.go	ok
2026-09-27 14:59:36	C:\Users\lehie\AppData\Local\Temp\aiflow-security-modules-bnyayvbf\archives\golang.org_x_text@v0.41.0.zip//golang.org/x/text@v0.41.0/internal/gen/code.go	ok
2026-09-27 14:59:36	C:\Users\lehie\AppData\Local\Temp\aiflow-security-modules-bnyayvbf\archives\golang.org_x_sys@v0.6.0.zip//golang.org/x/sys@v0.6.0/unix/ztypes_freebsd_386.go	ok
2026-09-27 14:59:36	C:\Users\lehie\AppData\Local\Temp\aiflow-security-modules-bnyayvbf\archives\golang.org_x_text@v0.41.0.zip//golang.org/x/text@v0.41.0/internal/gen/gen.go	ok
2026-09-27 14:59:36	C:\Users\lehie\AppData\Local\Temp\aiflow-security-modules-bnyayvbf\archives\golang.org_x_sys@v0.6.0.zip//golang.org/x/sys@v0.6.0/unix/ztypes_freebsd_amd64.go	ok
2026-09-27 14:59:36	C:\Users\lehie\AppData\Local\Temp\aiflow-security-modules-bnyayvbf\archives\golang.org_x_text@v0.41.0.zip//golang.org/x/text@v0.41.0/internal/internal.go	ok
2026-09-27 14:59:36	C:\Users\lehie\AppData\Local\Temp\aiflow-security-modules-bnyayvbf\archives\golang.org_x_text@v0.41.0.zip//golang.org/x/text@v0.41.0/internal/internal_test.go	ok
2026-09-27 14:59:36	C:\Users\lehie\AppData\Local\Temp\aiflow-security-modules-bnyayvbf\archives\golang.org_x_sys@v0.6.0.zip//golang.org/x/sys@v0.6.0/unix/ztypes_freebsd_arm.go	ok
2026-09-27 14:59:36	C:\Users\lehie\AppData\Local\Temp\aiflow-security-modules-bnyayvbf\archives\golang.org_x_text@v0.41.0.zip//golang.org/x/text@v0.41.0/internal/language/common.go	ok
2026-09-27 14:59:36	C:\Users\lehie\AppData\Local\Temp\aiflow-security-modules-bnyayvbf\archives\golang.org_x_sys@v0.6.0.zip//golang.org/x/sys@v0.6.0/unix/ztypes_freebsd_arm64.go	ok
2026-09-27 14:59:36	C:\Users\lehie\AppData\Local\Temp\aiflow-security-modules-bnyayvbf\archives\golang.org_x_text@v0.41.0.zip//golang.org/x/text@v0.41.0/internal/language/compact.go	ok
2026-09-27 14:59:36	C:\Users\lehie\AppData\Local\Temp\aiflow-security-modules-bnyayvbf\archives\golang.org_x_sys@v0.6.0.zip//golang.org/x/sys@v0.6.0/unix/ztypes_freebsd_riscv64.go	ok
2026-09-27 14:59:36	C:\Users\lehie\AppData\Local\Temp\aiflow-security-modules-bnyayvbf\archives\golang.org_x_text@v0.41.0.zip//golang.org/x/text@v0.41.0/internal/language/compact/compact.go	ok
2026-09-27 14:59:36	C:\Users\lehie\AppData\Local\Temp\aiflow-security-modules-bnyayvbf\archives\golang.org_x_text@v0.41.0.zip//golang.org/x/text@v0.41.0/internal/language/compact/gen.go	ok
2026-09-27 14:59:36	C:\Users\lehie\AppData\Local\Temp\aiflow-security-modules-bnyayvbf\archives\golang.org_x_text@v0.41.0.zip//golang.org/x/text@v0.41.0/internal/language/compact/gen_index.go	ok
2026-09-27 14:59:36	C:\Users\lehie\AppData\Local\Temp\aiflow-security-modules-bnyayvbf\archives\golang.org_x_text@v0.41.0.zip//golang.org/x/text@v0.41.0/internal/language/compact/gen_parents.go	ok
2026-09-27 14:59:36	C:\Users\lehie\AppData\Local\Temp\aiflow-security-modules-bnyayvbf\archives\golang.org_x_sys@v0.6.0.zip//golang.org/x/sys@v0.6.0/unix/ztypes_linux.go	ok
2026-09-27 14:59:36	C:\Users\lehie\AppData\Local\Temp\aiflow-security-modules-bnyayvbf\archives\golang.org_x_text@v0.41.0.zip//golang.org/x/text@v0.41.0/internal/language/compact/gen_test.go	ok
2026-09-27 14:59:36	C:\Users\lehie\AppData\Local\Temp\aiflow-security-modules-bnyayvbf\archives\golang.org_x_sys@v0.6.0.zip//golang.org/x/sys@v0.6.0/unix/ztypes_linux_386.go	ok
2026-09-27 14:59:36	C:\Users\lehie\AppData\Local\Temp\aiflow-security-modules-bnyayvbf\archives\golang.org_x_text@v0.41.0.zip//golang.org/x/text@v0.41.0/internal/language/compact/language.go	ok
2026-09-27 14:59:36	C:\Users\lehie\AppData\Local\Temp\aiflow-security-modules-bnyayvbf\archives\golang.org_x_sys@v0.6.0.zip//golang.org/x/sys@v0.6.0/unix/ztypes_linux_amd64.go	ok
2026-09-27 14:59:36	C:\Users\lehie\AppData\Local\Temp\aiflow-security-modules-bnyayvbf\archives\golang.org_x_text@v0.41.0.zip//golang.org/x/text@v0.41.0/internal/language/compact/language_test.go	ok
2026-09-27 14:59:36	C:\Users\lehie\AppData\Local\Temp\aiflow-security-modules-bnyayvbf\archives\golang.org_x_text@v0.41.0.zip//golang.org/x/text@v0.41.0/internal/language/compact/parents.go	ok
2026-09-27 14:59:36	C:\Users\lehie\AppData\Local\Temp\aiflow-security-modules-bnyayvbf\archives\golang.org_x_sys@v0.6.0.zip//golang.org/x/sys@v0.6.0/unix/ztypes_linux_arm.go	ok
2026-09-27 14:59:36	C:\Users\lehie\AppData\Local\Temp\aiflow-security-modules-bnyayvbf\archives\golang.org_x_text@v0.41.0.zip//golang.org/x/text@v0.41.0/internal/language/compact/parse_test.go	ok
2026-09-27 14:59:36	C:\Users\lehie\AppData\Local\Temp\aiflow-security-modules-bnyayvbf\archives\golang.org_x_sys@v0.6.0.zip//golang.org/x/sys@v0.6.0/unix/ztypes_linux_arm64.go	ok
2026-09-27 14:59:36	C:\Users\lehie\AppData\Local\Temp\aiflow-security-modules-bnyayvbf\archives\golang.org_x_sys@v0.6.0.zip//golang.org/x/sys@v0.6.0/unix/ztypes_linux_loong64.go	ok
2026-09-27 14:59:36	C:\Users\lehie\AppData\Local\Temp\aiflow-security-modules-bnyayvbf\archives\golang.org_x_text@v0.41.0.zip//golang.org/x/text@v0.41.0/internal/language/compact/tables.go	ok
2026-09-27 14:59:36	C:\Users\lehie\AppData\Local\Temp\aiflow-security-modules-bnyayvbf\archives\golang.org_x_text@v0.41.0.zip//golang.org/x/text@v0.41.0/internal/language/compact/tags.go	ok
2026-09-27 14:59:36	C:\Users\lehie\AppData\Local\Temp\aiflow-security-modules-bnyayvbf\archives\golang.org_x_sys@v0.6.0.zip//golang.org/x/sys@v0.6.0/unix/ztypes_linux_mips.go	ok
2026-09-27 14:59:36	C:\Users\lehie\AppData\Local\Temp\aiflow-security-modules-bnyayvbf\archives\golang.org_x_text@v0.41.0.zip//golang.org/x/text@v0.41.0/internal/language/compose.go	ok
2026-09-27 14:59:36	C:\Users\lehie\AppData\Local\Temp\aiflow-security-modules-bnyayvbf\archives\golang.org_x_sys@v0.6.0.zip//golang.org/x/sys@v0.6.0/unix/ztypes_linux_mips64.go	ok
2026-09-27 14:59:36	C:\Users\lehie\AppData\Local\Temp\aiflow-security-modules-bnyayvbf\archives\golang.org_x_text@v0.41.0.zip//golang.org/x/text@v0.41.0/internal/language/compose_test.go	ok
2026-09-27 14:59:36	C:\Users\lehie\AppData\Local\Temp\aiflow-security-modules-bnyayvbf\archives\golang.org_x_sys@v0.6.0.zip//golang.org/x/sys@v0.6.0/unix/ztypes_linux_mips64le.go	ok
2026-09-27 14:59:36	C:\Users\lehie\AppData\Local\Temp\aiflow-security-modules-bnyayvbf\archives\golang.org_x_text@v0.41.0.zip//golang.org/x/text@v0.41.0/internal/language/coverage.go	ok
2026-09-27 14:59:36	C:\Users\lehie\AppData\Local\Temp\aiflow-security-modules-bnyayvbf\archives\golang.org_x_sys@v0.6.0.zip//golang.org/x/sys@v0.6.0/unix/ztypes_linux_mipsle.go	ok
2026-09-27 14:59:36	C:\Users\lehie\AppData\Local\Temp\aiflow-security-modules-bnyayvbf\archives\golang.org_x_sys@v0.6.0.zip//golang.org/x/sys@v0.6.0/unix/ztypes_linux_ppc.go	ok
2026-09-27 14:59:36	C:\Users\lehie\AppData\Local\Temp\aiflow-security-modules-bnyayvbf\archives\golang.org_x_text@v0.41.0.zip//golang.org/x/text@v0.41.0/internal/language/gen.go	ok
2026-09-27 14:59:36	C:\Users\lehie\AppData\Local\Temp\aiflow-security-modules-bnyayvbf\archives\golang.org_x_text@v0.41.0.zip//golang.org/x/text@v0.41.0/internal/language/gen_common.go	ok
2026-09-27 14:59:36	C:\Users\lehie\AppData\Local\Temp\aiflow-security-modules-bnyayvbf\archives\golang.org_x_sys@v0.6.0.zip//golang.org/x/sys@v0.6.0/unix/ztypes_linux_ppc64.go	ok
2026-09-27 14:59:36	C:\Users\lehie\AppData\Local\Temp\aiflow-security-modules-bnyayvbf\archives\golang.org_x_sys@v0.6.0.zip//golang.org/x/sys@v0.6.0/unix/ztypes_linux_ppc64le.go	ok
2026-09-27 14:59:36	C:\Users\lehie\AppData\Local\Temp\aiflow-security-modules-bnyayvbf\archives\golang.org_x_text@v0.41.0.zip//golang.org/x/text@v0.41.0/internal/language/language.go	ok
2026-09-27 14:59:36	C:\Users\lehie\AppData\Local\Temp\aiflow-security-modules-bnyayvbf\archives\golang.org_x_sys@v0.6.0.zip//golang.org/x/sys@v0.6.0/unix/ztypes_linux_riscv64.go	ok
2026-09-27 14:59:36	C:\Users\lehie\AppData\Local\Temp\aiflow-security-modules-bnyayvbf\archives\golang.org_x_text@v0.41.0.zip//golang.org/x/text@v0.41.0/internal/language/language_test.go	ok
2026-09-27 14:59:36	C:\Users\lehie\AppData\Local\Temp\aiflow-security-modules-bnyayvbf\archives\golang.org_x_sys@v0.6.0.zip//golang.org/x/sys@v0.6.0/unix/ztypes_linux_s390x.go	ok
2026-09-27 14:59:36	C:\Users\lehie\AppData\Local\Temp\aiflow-security-modules-bnyayvbf\archives\golang.org_x_text@v0.41.0.zip//golang.org/x/text@v0.41.0/internal/language/lookup.go	ok
2026-09-27 14:59:36	C:\Users\lehie\AppData\Local\Temp\aiflow-security-modules-bnyayvbf\archives\golang.org_x_sys@v0.6.0.zip//golang.org/x/sys@v0.6.0/unix/ztypes_linux_sparc64.go	ok
2026-09-27 14:59:36	C:\Users\lehie\AppData\Local\Temp\aiflow-security-modules-bnyayvbf\archives\golang.org_x_text@v0.41.0.zip//golang.org/x/text@v0.41.0/internal/language/lookup_test.go	ok
2026-09-27 14:59:36	C:\Users\lehie\AppData\Local\Temp\aiflow-security-modules-bnyayvbf\archives\golang.org_x_sys@v0.6.0.zip//golang.org/x/sys@v0.6.0/unix/ztypes_netbsd_386.go	ok
2026-09-27 14:59:36	C:\Users\lehie\AppData\Local\Temp\aiflow-security-modules-bnyayvbf\archives\golang.org_x_text@v0.41.0.zip//golang.org/x/text@v0.41.0/internal/language/match.go	ok
2026-09-27 14:59:36	C:\Users\lehie\AppData\Local\Temp\aiflow-security-modules-bnyayvbf\archives\golang.org_x_text@v0.41.0.zip//golang.org/x/text@v0.41.0/internal/language/match_test.go	ok
2026-09-27 14:59:36	C:\Users\lehie\AppData\Local\Temp\aiflow-security-modules-bnyayvbf\archives\golang.org_x_sys@v0.6.0.zip//golang.org/x/sys@v0.6.0/unix/ztypes_netbsd_amd64.go	ok
2026-09-27 14:59:36	C:\Users\lehie\AppData\Local\Temp\aiflow-security-modules-bnyayvbf\archives\golang.org_x_sys@v0.6.0.zip//golang.org/x/sys@v0.6.0/unix/ztypes_netbsd_arm.go	ok
2026-09-27 14:59:36	C:\Users\lehie\AppData\Local\Temp\aiflow-security-modules-bnyayvbf\archives\golang.org_x_text@v0.41.0.zip//golang.org/x/text@v0.41.0/internal/language/parse.go	ok
2026-09-27 14:59:36	C:\Users\lehie\AppData\Local\Temp\aiflow-security-modules-bnyayvbf\archives\golang.org_x_sys@v0.6.0.zip//golang.org/x/sys@v0.6.0/unix/ztypes_netbsd_arm64.go	ok
2026-09-27 14:59:36	C:\Users\lehie\AppData\Local\Temp\aiflow-security-modules-bnyayvbf\archives\golang.org_x_text@v0.41.0.zip//golang.org/x/text@v0.41.0/internal/language/parse_test.go	ok
2026-09-27 14:59:36	C:\Users\lehie\AppData\Local\Temp\aiflow-security-modules-bnyayvbf\archives\golang.org_x_sys@v0.6.0.zip//golang.org/x/sys@v0.6.0/unix/ztypes_openbsd_386.go	ok
2026-09-27 14:59:36	C:\Users\lehie\AppData\Local\Temp\aiflow-security-modules-bnyayvbf\archives\golang.org_x_sys@v0.6.0.zip//golang.org/x/sys@v0.6.0/unix/ztypes_openbsd_amd64.go	ok
2026-09-27 14:59:36	C:\Users\lehie\AppData\Local\Temp\aiflow-security-modules-bnyayvbf\archives\golang.org_x_sys@v0.6.0.zip//golang.org/x/sys@v0.6.0/unix/ztypes_openbsd_arm.go	ok
2026-09-27 14:59:36	C:\Users\lehie\AppData\Local\Temp\aiflow-security-modules-bnyayvbf\archives\golang.org_x_text@v0.41.0.zip//golang.org/x/text@v0.41.0/internal/language/tables.go	ok
2026-09-27 14:59:36	C:\Users\lehie\AppData\Local\Temp\aiflow-security-modules-bnyayvbf\archives\golang.org_x_sys@v0.6.0.zip//golang.org/x/sys@v0.6.0/unix/ztypes_openbsd_arm64.go	ok
2026-09-27 14:59:36	C:\Users\lehie\AppData\Local\Temp\aiflow-security-modules-bnyayvbf\archives\golang.org_x_text@v0.41.0.zip//golang.org/x/text@v0.41.0/internal/language/tags.go	ok
2026-09-27 14:59:36	C:\Users\lehie\AppData\Local\Temp\aiflow-security-modules-bnyayvbf\archives\golang.org_x_text@v0.41.0.zip//golang.org/x/text@v0.41.0/internal/match.go	ok
2026-09-27 14:59:36	C:\Users\lehie\AppData\Local\Temp\aiflow-security-modules-bnyayvbf\archives\golang.org_x_sys@v0.6.0.zip//golang.org/x/sys@v0.6.0/unix/ztypes_openbsd_mips64.go	ok
2026-09-27 14:59:36	C:\Users\lehie\AppData\Local\Temp\aiflow-security-modules-bnyayvbf\archives\golang.org_x_text@v0.41.0.zip//golang.org/x/text@v0.41.0/internal/match_test.go	ok
2026-09-27 14:59:36	C:\Users\lehie\AppData\Local\Temp\aiflow-security-modules-bnyayvbf\archives\golang.org_x_sys@v0.6.0.zip//golang.org/x/sys@v0.6.0/unix/ztypes_openbsd_ppc64.go	ok
2026-09-27 14:59:36	C:\Users\lehie\AppData\Local\Temp\aiflow-security-modules-bnyayvbf\archives\golang.org_x_text@v0.41.0.zip//golang.org/x/text@v0.41.0/internal/number/common.go	ok
2026-09-27 14:59:36	C:\Users\lehie\AppData\Local\Temp\aiflow-security-modules-bnyayvbf\archives\golang.org_x_sys@v0.6.0.zip//golang.org/x/sys@v0.6.0/unix/ztypes_openbsd_riscv64.go	ok
2026-09-27 14:59:36	C:\Users\lehie\AppData\Local\Temp\aiflow-security-modules-bnyayvbf\archives\golang.org_x_text@v0.41.0.zip//golang.org/x/text@v0.41.0/internal/number/decimal.go	ok
2026-09-27 14:59:36	C:\Users\lehie\AppData\Local\Temp\aiflow-security-modules-bnyayvbf\archives\golang.org_x_sys@v0.6.0.zip//golang.org/x/sys@v0.6.0/unix/ztypes_solaris_amd64.go	ok
2026-09-27 14:59:36	C:\Users\lehie\AppData\Local\Temp\aiflow-security-modules-bnyayvbf\archives\golang.org_x_sys@v0.6.0.zip//golang.org/x/sys@v0.6.0/unix/ztypes_zos_s390x.go	ok
2026-09-27 14:59:36	C:\Users\lehie\AppData\Local\Temp\aiflow-security-modules-bnyayvbf\archives\golang.org_x_text@v0.41.0.zip//golang.org/x/text@v0.41.0/internal/number/decimal_test.go	ok
2026-09-27 14:59:36	C:\Users\lehie\AppData\Local\Temp\aiflow-security-modules-bnyayvbf\archives\golang.org_x_sys@v0.6.0.zip//golang.org/x/sys@v0.6.0/windows/aliases.go	ok
2026-09-27 14:59:36	C:\Users\lehie\AppData\Local\Temp\aiflow-security-modules-bnyayvbf\archives\golang.org_x_text@v0.41.0.zip//golang.org/x/text@v0.41.0/internal/number/format.go	ok
2026-09-27 14:59:36	C:\Users\lehie\AppData\Local\Temp\aiflow-security-modules-bnyayvbf\archives\golang.org_x_sys@v0.6.0.zip//golang.org/x/sys@v0.6.0/windows/dll_windows.go	ok
2026-09-27 14:59:36	C:\Users\lehie\AppData\Local\Temp\aiflow-security-modules-bnyayvbf\archives\golang.org_x_text@v0.41.0.zip//golang.org/x/text@v0.41.0/internal/number/format_test.go	ok
2026-09-27 14:59:36	C:\Users\lehie\AppData\Local\Temp\aiflow-security-modules-bnyayvbf\archives\golang.org_x_sys@v0.6.0.zip//golang.org/x/sys@v0.6.0/windows/empty.s	ok
2026-09-27 14:59:36	C:\Users\lehie\AppData\Local\Temp\aiflow-security-modules-bnyayvbf\archives\golang.org_x_text@v0.41.0.zip//golang.org/x/text@v0.41.0/internal/number/gen.go	ok
2026-09-27 14:59:36	C:\Users\lehie\AppData\Local\Temp\aiflow-security-modules-bnyayvbf\archives\golang.org_x_sys@v0.6.0.zip//golang.org/x/sys@v0.6.0/windows/env_windows.go	ok
2026-09-27 14:59:36	C:\Users\lehie\AppData\Local\Temp\aiflow-security-modules-bnyayvbf\archives\golang.org_x_text@v0.41.0.zip//golang.org/x/text@v0.41.0/internal/number/gen_common.go	ok
2026-09-27 14:59:36	C:\Users\lehie\AppData\Local\Temp\aiflow-security-modules-bnyayvbf\archives\golang.org_x_sys@v0.6.0.zip//golang.org/x/sys@v0.6.0/windows/eventlog.go	ok
2026-09-27 14:59:36	C:\Users\lehie\AppData\Local\Temp\aiflow-security-modules-bnyayvbf\archives\golang.org_x_text@v0.41.0.zip//golang.org/x/text@v0.41.0/internal/number/number.go	ok
2026-09-27 14:59:36	C:\Users\lehie\AppData\Local\Temp\aiflow-security-modules-bnyayvbf\archives\golang.org_x_sys@v0.6.0.zip//golang.org/x/sys@v0.6.0/windows/exec_windows.go	ok
2026-09-27 14:59:36	C:\Users\lehie\AppData\Local\Temp\aiflow-security-modules-bnyayvbf\archives\golang.org_x_text@v0.41.0.zip//golang.org/x/text@v0.41.0/internal/number/number_test.go	ok
2026-09-27 14:59:36	C:\Users\lehie\AppData\Local\Temp\aiflow-security-modules-bnyayvbf\archives\golang.org_x_sys@v0.6.0.zip//golang.org/x/sys@v0.6.0/windows/memory_windows.go	ok
2026-09-27 14:59:36	C:\Users\lehie\AppData\Local\Temp\aiflow-security-modules-bnyayvbf\archives\golang.org_x_sys@v0.6.0.zip//golang.org/x/sys@v0.6.0/windows/mkerrors.bash	ok
2026-09-27 14:59:36	C:\Users\lehie\AppData\Local\Temp\aiflow-security-modules-bnyayvbf\archives\golang.org_x_text@v0.41.0.zip//golang.org/x/text@v0.41.0/internal/number/pattern.go	ok
2026-09-27 14:59:36	C:\Users\lehie\AppData\Local\Temp\aiflow-security-modules-bnyayvbf\archives\golang.org_x_sys@v0.6.0.zip//golang.org/x/sys@v0.6.0/windows/mkknownfolderids.bash	ok
2026-09-27 14:59:36	C:\Users\lehie\AppData\Local\Temp\aiflow-security-modules-bnyayvbf\archives\golang.org_x_text@v0.41.0.zip//golang.org/x/text@v0.41.0/internal/number/pattern_test.go	ok
2026-09-27 14:59:36	C:\Users\lehie\AppData\Local\Temp\aiflow-security-modules-bnyayvbf\archives\golang.org_x_sys@v0.6.0.zip//golang.org/x/sys@v0.6.0/windows/mksyscall.go	ok
2026-09-27 14:59:36	C:\Users\lehie\AppData\Local\Temp\aiflow-security-modules-bnyayvbf\archives\golang.org_x_text@v0.41.0.zip//golang.org/x/text@v0.41.0/internal/number/roundingmode_string.go	ok
2026-09-27 14:59:36	C:\Users\lehie\AppData\Local\Temp\aiflow-security-modules-bnyayvbf\archives\golang.org_x_text@v0.41.0.zip//golang.org/x/text@v0.41.0/internal/number/tables.go	ok
2026-09-27 14:59:36	C:\Users\lehie\AppData\Local\Temp\aiflow-security-modules-bnyayvbf\archives\golang.org_x_sys@v0.6.0.zip//golang.org/x/sys@v0.6.0/windows/mkwinsyscall/mkwinsyscall.go	ok
2026-09-27 14:59:36	C:\Users\lehie\AppData\Local\Temp\aiflow-security-modules-bnyayvbf\archives\golang.org_x_text@v0.41.0.zip//golang.org/x/text@v0.41.0/internal/number/tables_test.go	ok
2026-09-27 14:59:36	C:\Users\lehie\AppData\Local\Temp\aiflow-security-modules-bnyayvbf\archives\golang.org_x_sys@v0.6.0.zip//golang.org/x/sys@v0.6.0/windows/mkwinsyscall/mkwinsyscall_test.go	ok
2026-09-27 14:59:36	C:\Users\lehie\AppData\Local\Temp\aiflow-security-modules-bnyayvbf\archives\golang.org_x_sys@v0.6.0.zip//golang.org/x/sys@v0.6.0/windows/race.go	ok
2026-09-27 14:59:36	C:\Users\lehie\AppData\Local\Temp\aiflow-security-modules-bnyayvbf\archives\golang.org_x_text@v0.41.0.zip//golang.org/x/text@v0.41.0/internal/stringset/set.go	ok
2026-09-27 14:59:36	C:\Users\lehie\AppData\Local\Temp\aiflow-security-modules-bnyayvbf\archives\golang.org_x_sys@v0.6.0.zip//golang.org/x/sys@v0.6.0/windows/race0.go	ok
2026-09-27 14:59:36	C:\Users\lehie\AppData\Local\Temp\aiflow-security-modules-bnyayvbf\archives\golang.org_x_text@v0.41.0.zip//golang.org/x/text@v0.41.0/internal/stringset/set_test.go	ok
2026-09-27 14:59:36	C:\Users\lehie\AppData\Local\Temp\aiflow-security-modules-bnyayvbf\archives\golang.org_x_sys@v0.6.0.zip//golang.org/x/sys@v0.6.0/windows/registry/export_test.go	ok
2026-09-27 14:59:36	C:\Users\lehie\AppData\Local\Temp\aiflow-security-modules-bnyayvbf\archives\golang.org_x_text@v0.41.0.zip//golang.org/x/text@v0.41.0/internal/tag/tag.go	ok
2026-09-27 14:59:36	C:\Users\lehie\AppData\Local\Temp\aiflow-security-modules-bnyayvbf\archives\golang.org_x_sys@v0.6.0.zip//golang.org/x/sys@v0.6.0/windows/registry/key.go	ok
2026-09-27 14:59:36	C:\Users\lehie\AppData\Local\Temp\aiflow-security-modules-bnyayvbf\archives\golang.org_x_text@v0.41.0.zip//golang.org/x/text@v0.41.0/internal/tag/tag_test.go	ok
2026-09-27 14:59:36	C:\Users\lehie\AppData\Local\Temp\aiflow-security-modules-bnyayvbf\archives\golang.org_x_sys@v0.6.0.zip//golang.org/x/sys@v0.6.0/windows/registry/mksyscall.go	ok
2026-09-27 14:59:36	C:\Users\lehie\AppData\Local\Temp\aiflow-security-modules-bnyayvbf\archives\golang.org_x_text@v0.41.0.zip//golang.org/x/text@v0.41.0/internal/testtext/codesize.go	ok
2026-09-27 14:59:36	C:\Users\lehie\AppData\Local\Temp\aiflow-security-modules-bnyayvbf\archives\golang.org_x_text@v0.41.0.zip//golang.org/x/text@v0.41.0/internal/testtext/flag.go	ok
2026-09-27 14:59:36	C:\Users\lehie\AppData\Local\Temp\aiflow-security-modules-bnyayvbf\archives\golang.org_x_sys@v0.6.0.zip//golang.org/x/sys@v0.6.0/windows/registry/registry_test.go	ok
2026-09-27 14:59:36	C:\Users\lehie\AppData\Local\Temp\aiflow-security-modules-bnyayvbf\archives\golang.org_x_text@v0.41.0.zip//golang.org/x/text@v0.41.0/internal/testtext/gc.go	ok
2026-09-27 14:59:36	C:\Users\lehie\AppData\Local\Temp\aiflow-security-modules-bnyayvbf\archives\golang.org_x_text@v0.41.0.zip//golang.org/x/text@v0.41.0/internal/testtext/gccgo.go	ok
2026-09-27 14:59:36	C:\Users\lehie\AppData\Local\Temp\aiflow-security-modules-bnyayvbf\archives\golang.org_x_sys@v0.6.0.zip//golang.org/x/sys@v0.6.0/windows/registry/syscall.go	ok
2026-09-27 14:59:36	C:\Users\lehie\AppData\Local\Temp\aiflow-security-modules-bnyayvbf\archives\golang.org_x_text@v0.41.0.zip//golang.org/x/text@v0.41.0/internal/testtext/text.go	ok
2026-09-27 14:59:36	C:\Users\lehie\AppData\Local\Temp\aiflow-security-modules-bnyayvbf\archives\golang.org_x_sys@v0.6.0.zip//golang.org/x/sys@v0.6.0/windows/registry/value.go	ok
2026-09-27 14:59:36	C:\Users\lehie\AppData\Local\Temp\aiflow-security-modules-bnyayvbf\archives\golang.org_x_text@v0.41.0.zip//golang.org/x/text@v0.41.0/internal/triegen/compact.go	ok
2026-09-27 14:59:36	C:\Users\lehie\AppData\Local\Temp\aiflow-security-modules-bnyayvbf\archives\golang.org_x_sys@v0.6.0.zip//golang.org/x/sys@v0.6.0/windows/registry/zsyscall_windows.go	ok
2026-09-27 14:59:36	C:\Users\lehie\AppData\Local\Temp\aiflow-security-modules-bnyayvbf\archives\golang.org_x_text@v0.41.0.zip//golang.org/x/text@v0.41.0/internal/triegen/data_test.go	ok
2026-09-27 14:59:36	C:\Users\lehie\AppData\Local\Temp\aiflow-security-modules-bnyayvbf\archives\golang.org_x_sys@v0.6.0.zip//golang.org/x/sys@v0.6.0/windows/security_windows.go	ok
2026-09-27 14:59:36	C:\Users\lehie\AppData\Local\Temp\aiflow-security-modules-bnyayvbf\archives\golang.org_x_text@v0.41.0.zip//golang.org/x/text@v0.41.0/internal/triegen/example_compact_test.go	ok
2026-09-27 14:59:36	C:\Users\lehie\AppData\Local\Temp\aiflow-security-modules-bnyayvbf\archives\golang.org_x_sys@v0.6.0.zip//golang.org/x/sys@v0.6.0/windows/service.go	ok
2026-09-27 14:59:36	C:\Users\lehie\AppData\Local\Temp\aiflow-security-modules-bnyayvbf\archives\golang.org_x_text@v0.41.0.zip//golang.org/x/text@v0.41.0/internal/triegen/example_test.go	ok
2026-09-27 14:59:36	C:\Users\lehie\AppData\Local\Temp\aiflow-security-modules-bnyayvbf\archives\golang.org_x_text@v0.41.0.zip//golang.org/x/text@v0.41.0/internal/triegen/gen_test.go	ok
2026-09-27 14:59:36	C:\Users\lehie\AppData\Local\Temp\aiflow-security-modules-bnyayvbf\archives\golang.org_x_sys@v0.6.0.zip//golang.org/x/sys@v0.6.0/windows/setupapi_windows.go	ok
2026-09-27 14:59:36	C:\Users\lehie\AppData\Local\Temp\aiflow-security-modules-bnyayvbf\archives\golang.org_x_text@v0.41.0.zip//golang.org/x/text@v0.41.0/internal/triegen/print.go	ok
2026-09-27 14:59:36	C:\Users\lehie\AppData\Local\Temp\aiflow-security-modules-bnyayvbf\archives\golang.org_x_sys@v0.6.0.zip//golang.org/x/sys@v0.6.0/windows/str.go	ok
2026-09-27 14:59:36	C:\Users\lehie\AppData\Local\Temp\aiflow-security-modules-bnyayvbf\archives\golang.org_x_text@v0.41.0.zip//golang.org/x/text@v0.41.0/internal/triegen/triegen.go	ok
2026-09-27 14:59:36	C:\Users\lehie\AppData\Local\Temp\aiflow-security-modules-bnyayvbf\archives\golang.org_x_sys@v0.6.0.zip//golang.org/x/sys@v0.6.0/windows/svc/debug/log.go	ok
2026-09-27 14:59:36	C:\Users\lehie\AppData\Local\Temp\aiflow-security-modules-bnyayvbf\archives\golang.org_x_text@v0.41.0.zip//golang.org/x/text@v0.41.0/internal/ucd/example_test.go	ok
2026-09-27 14:59:36	C:\Users\lehie\AppData\Local\Temp\aiflow-security-modules-bnyayvbf\archives\golang.org_x_sys@v0.6.0.zip//golang.org/x/sys@v0.6.0/windows/svc/debug/service.go	ok
2026-09-27 14:59:36	C:\Users\lehie\AppData\Local\Temp\aiflow-security-modules-bnyayvbf\archives\golang.org_x_text@v0.41.0.zip//golang.org/x/text@v0.41.0/internal/ucd/ucd.go	ok
2026-09-27 14:59:36	C:\Users\lehie\AppData\Local\Temp\aiflow-security-modules-bnyayvbf\archives\golang.org_x_sys@v0.6.0.zip//golang.org/x/sys@v0.6.0/windows/svc/eventlog/install.go	ok
2026-09-27 14:59:36	C:\Users\lehie\AppData\Local\Temp\aiflow-security-modules-bnyayvbf\archives\golang.org_x_sys@v0.6.0.zip//golang.org/x/sys@v0.6.0/windows/svc/eventlog/log.go	ok
2026-09-27 14:59:36	C:\Users\lehie\AppData\Local\Temp\aiflow-security-modules-bnyayvbf\archives\golang.org_x_text@v0.41.0.zip//golang.org/x/text@v0.41.0/internal/ucd/ucd_test.go	ok
2026-09-27 14:59:36	C:\Users\lehie\AppData\Local\Temp\aiflow-security-modules-bnyayvbf\archives\golang.org_x_sys@v0.6.0.zip//golang.org/x/sys@v0.6.0/windows/svc/eventlog/log_test.go	ok
2026-09-27 14:59:36	C:\Users\lehie\AppData\Local\Temp\aiflow-security-modules-bnyayvbf\archives\golang.org_x_text@v0.41.0.zip//golang.org/x/text@v0.41.0/internal/utf8internal/utf8internal.go	ok
2026-09-27 14:59:36	C:\Users\lehie\AppData\Local\Temp\aiflow-security-modules-bnyayvbf\archives\golang.org_x_sys@v0.6.0.zip//golang.org/x/sys@v0.6.0/windows/svc/example/beep.go	ok
2026-09-27 14:59:36	C:\Users\lehie\AppData\Local\Temp\aiflow-security-modules-bnyayvbf\archives\golang.org_x_text@v0.41.0.zip//golang.org/x/text@v0.41.0/language/coverage.go	ok
2026-09-27 14:59:36	C:\Users\lehie\AppData\Local\Temp\aiflow-security-modules-bnyayvbf\archives\golang.org_x_sys@v0.6.0.zip//golang.org/x/sys@v0.6.0/windows/svc/example/install.go	ok
2026-09-27 14:59:36	C:\Users\lehie\AppData\Local\Temp\aiflow-security-modules-bnyayvbf\archives\golang.org_x_text@v0.41.0.zip//golang.org/x/text@v0.41.0/language/coverage_test.go	ok
2026-09-27 14:59:36	C:\Users\lehie\AppData\Local\Temp\aiflow-security-modules-bnyayvbf\archives\golang.org_x_sys@v0.6.0.zip//golang.org/x/sys@v0.6.0/windows/svc/example/main.go	ok
2026-09-27 14:59:36	C:\Users\lehie\AppData\Local\Temp\aiflow-security-modules-bnyayvbf\archives\golang.org_x_text@v0.41.0.zip//golang.org/x/text@v0.41.0/language/display/dict.go	ok
2026-09-27 14:59:36	C:\Users\lehie\AppData\Local\Temp\aiflow-security-modules-bnyayvbf\archives\golang.org_x_sys@v0.6.0.zip//golang.org/x/sys@v0.6.0/windows/svc/example/manage.go	ok
2026-09-27 14:59:36	C:\Users\lehie\AppData\Local\Temp\aiflow-security-modules-bnyayvbf\archives\golang.org_x_text@v0.41.0.zip//golang.org/x/text@v0.41.0/language/display/dict_test.go	ok
2026-09-27 14:59:36	C:\Users\lehie\AppData\Local\Temp\aiflow-security-modules-bnyayvbf\archives\golang.org_x_sys@v0.6.0.zip//golang.org/x/sys@v0.6.0/windows/svc/example/service.go	ok
2026-09-27 14:59:36	C:\Users\lehie\AppData\Local\Temp\aiflow-security-modules-bnyayvbf\archives\golang.org_x_text@v0.41.0.zip//golang.org/x/text@v0.41.0/language/display/display.go	ok
2026-09-27 14:59:36	C:\Users\lehie\AppData\Local\Temp\aiflow-security-modules-bnyayvbf\archives\golang.org_x_sys@v0.6.0.zip//golang.org/x/sys@v0.6.0/windows/svc/mgr/config.go	ok
2026-09-27 14:59:36	C:\Users\lehie\AppData\Local\Temp\aiflow-security-modules-bnyayvbf\archives\golang.org_x_text@v0.41.0.zip//golang.org/x/text@v0.41.0/language/display/display_test.go	ok
2026-09-27 14:59:36	C:\Users\lehie\AppData\Local\Temp\aiflow-security-modules-bnyayvbf\archives\golang.org_x_sys@v0.6.0.zip//golang.org/x/sys@v0.6.0/windows/svc/mgr/mgr.go	ok
2026-09-27 14:59:36	C:\Users\lehie\AppData\Local\Temp\aiflow-security-modules-bnyayvbf\archives\golang.org_x_text@v0.41.0.zip//golang.org/x/text@v0.41.0/language/display/examples_test.go	ok
2026-09-27 14:59:36	C:\Users\lehie\AppData\Local\Temp\aiflow-security-modules-bnyayvbf\archives\golang.org_x_sys@v0.6.0.zip//golang.org/x/sys@v0.6.0/windows/svc/mgr/mgr_test.go	ok
2026-09-27 14:59:36	C:\Users\lehie\AppData\Local\Temp\aiflow-security-modules-bnyayvbf\archives\golang.org_x_text@v0.41.0.zip//golang.org/x/text@v0.41.0/language/display/lookup.go	ok
2026-09-27 14:59:36	C:\Users\lehie\AppData\Local\Temp\aiflow-security-modules-bnyayvbf\archives\golang.org_x_sys@v0.6.0.zip//golang.org/x/sys@v0.6.0/windows/svc/mgr/recovery.go	ok
2026-09-27 14:59:36	C:\Users\lehie\AppData\Local\Temp\aiflow-security-modules-bnyayvbf\archives\golang.org_x_text@v0.41.0.zip//golang.org/x/text@v0.41.0/language/display/maketables.go	ok
2026-09-27 14:59:36	C:\Users\lehie\AppData\Local\Temp\aiflow-security-modules-bnyayvbf\archives\golang.org_x_sys@v0.6.0.zip//golang.org/x/sys@v0.6.0/windows/svc/mgr/service.go	ok
2026-09-27 14:59:36	C:\Users\lehie\AppData\Local\Temp\aiflow-security-modules-bnyayvbf\archives\golang.org_x_sys@v0.6.0.zip//golang.org/x/sys@v0.6.0/windows/svc/security.go	ok
2026-09-27 14:59:36	C:\Users\lehie\AppData\Local\Temp\aiflow-security-modules-bnyayvbf\archives\golang.org_x_sys@v0.6.0.zip//golang.org/x/sys@v0.6.0/windows/svc/service.go	ok
2026-09-27 14:59:36	C:\Users\lehie\AppData\Local\Temp\aiflow-security-modules-bnyayvbf\archives\golang.org_x_sys@v0.6.0.zip//golang.org/x/sys@v0.6.0/windows/svc/svc_test.go	ok
2026-09-27 14:59:36	C:\Users\lehie\AppData\Local\Temp\aiflow-security-modules-bnyayvbf\archives\golang.org_x_sys@v0.6.0.zip//golang.org/x/sys@v0.6.0/windows/syscall.go	ok
2026-09-27 14:59:36	C:\Users\lehie\AppData\Local\Temp\aiflow-security-modules-bnyayvbf\archives\golang.org_x_sys@v0.6.0.zip//golang.org/x/sys@v0.6.0/windows/syscall_test.go	ok
2026-09-27 14:59:36	C:\Users\lehie\AppData\Local\Temp\aiflow-security-modules-bnyayvbf\archives\golang.org_x_sys@v0.6.0.zip//golang.org/x/sys@v0.6.0/windows/syscall_windows.go	ok
2026-09-27 14:59:36	C:\Users\lehie\AppData\Local\Temp\aiflow-security-modules-bnyayvbf\archives\golang.org_x_sys@v0.6.0.zip//golang.org/x/sys@v0.6.0/windows/syscall_windows_test.go	ok
2026-09-27 14:59:36	C:\Users\lehie\AppData\Local\Temp\aiflow-security-modules-bnyayvbf\archives\golang.org_x_sys@v0.6.0.zip//golang.org/x/sys@v0.6.0/windows/testdata/README	ok
2026-09-27 14:59:36	C:\Users\lehie\AppData\Local\Temp\aiflow-security-modules-bnyayvbf\archives\golang.org_x_text@v0.41.0.zip//golang.org/x/text@v0.41.0/language/display/tables.go	ok
2026-09-27 14:59:36	C:\Users\lehie\AppData\Local\Temp\aiflow-security-modules-bnyayvbf\archives\golang.org_x_text@v0.41.0.zip//golang.org/x/text@v0.41.0/language/doc.go	ok
2026-09-27 14:59:36	C:\Users\lehie\AppData\Local\Temp\aiflow-security-modules-bnyayvbf\archives\golang.org_x_sys@v0.6.0.zip//golang.org/x/sys@v0.6.0/windows/testdata/ev-signed-file.exe	ok
2026-09-27 14:59:36	C:\Users\lehie\AppData\Local\Temp\aiflow-security-modules-bnyayvbf\archives\golang.org_x_text@v0.41.0.zip//golang.org/x/text@v0.41.0/language/examples_test.go	ok
2026-09-27 14:59:36	C:\Users\lehie\AppData\Local\Temp\aiflow-security-modules-bnyayvbf\archives\golang.org_x_text@v0.41.0.zip//golang.org/x/text@v0.41.0/language/gen.go	ok
2026-09-27 14:59:36	C:\Users\lehie\AppData\Local\Temp\aiflow-security-modules-bnyayvbf\archives\golang.org_x_sys@v0.6.0.zip//golang.org/x/sys@v0.6.0/windows/types_windows.go	ok
2026-09-27 14:59:36	C:\Users\lehie\AppData\Local\Temp\aiflow-security-modules-bnyayvbf\archives\golang.org_x_text@v0.41.0.zip//golang.org/x/text@v0.41.0/language/httpexample_test.go	ok
2026-09-27 14:59:36	C:\Users\lehie\AppData\Local\Temp\aiflow-security-modules-bnyayvbf\archives\golang.org_x_sys@v0.6.0.zip//golang.org/x/sys@v0.6.0/windows/types_windows_386.go	ok
2026-09-27 14:59:36	C:\Users\lehie\AppData\Local\Temp\aiflow-security-modules-bnyayvbf\archives\golang.org_x_sys@v0.6.0.zip//golang.org/x/sys@v0.6.0/windows/types_windows_amd64.go	ok
2026-09-27 14:59:36	C:\Users\lehie\AppData\Local\Temp\aiflow-security-modules-bnyayvbf\archives\golang.org_x_text@v0.41.0.zip//golang.org/x/text@v0.41.0/language/language.go	ok
2026-09-27 14:59:36	C:\Users\lehie\AppData\Local\Temp\aiflow-security-modules-bnyayvbf\archives\golang.org_x_sys@v0.6.0.zip//golang.org/x/sys@v0.6.0/windows/types_windows_arm.go	ok
2026-09-27 14:59:36	C:\Users\lehie\AppData\Local\Temp\aiflow-security-modules-bnyayvbf\archives\golang.org_x_text@v0.41.0.zip//golang.org/x/text@v0.41.0/language/language_test.go	ok
2026-09-27 14:59:36	C:\Users\lehie\AppData\Local\Temp\aiflow-security-modules-bnyayvbf\archives\golang.org_x_sys@v0.6.0.zip//golang.org/x/sys@v0.6.0/windows/types_windows_arm64.go	ok
2026-09-27 14:59:36	C:\Users\lehie\AppData\Local\Temp\aiflow-security-modules-bnyayvbf\archives\golang.org_x_text@v0.41.0.zip//golang.org/x/text@v0.41.0/language/lookup_test.go	ok
2026-09-27 14:59:36	C:\Users\lehie\AppData\Local\Temp\aiflow-security-modules-bnyayvbf\archives\golang.org_x_text@v0.41.0.zip//golang.org/x/text@v0.41.0/language/match.go	ok
2026-09-27 14:59:36 	C:\Users\lehie\AppData\Local\Temp\aiflow-security-modules-bnyayvbf\archives\golang.org_x_sys@v0.6.0.zip//golang.org/x/sys@v0.6.0/windows/zerrors_windows.go	archive	Oxl
2026-09-27 14:59:36	C:\Users\lehie\AppData\Local\Temp\aiflow-security-modules-bnyayvbf\archives\golang.org_x_text@v0.41.0.zip//golang.org/x/text@v0.41.0/language/match_test.go	ok
2026-09-27 14:59:36	C:\Users\lehie\AppData\Local\Temp\aiflow-security-modules-bnyayvbf\archives\golang.org_x_text@v0.41.0.zip//golang.org/x/text@v0.41.0/language/parse.go	ok
2026-09-27 14:59:36	C:\Users\lehie\AppData\Local\Temp\aiflow-security-modules-bnyayvbf\archives\golang.org_x_text@v0.41.0.zip//golang.org/x/text@v0.41.0/language/parse_test.go	ok
2026-09-27 14:59:36	C:\Users\lehie\AppData\Local\Temp\aiflow-security-modules-bnyayvbf\archives\golang.org_x_sys@v0.6.0.zip//golang.org/x/sys@v0.6.0/windows/zerrors_windows.go	ok
2026-09-27 14:59:36	C:\Users\lehie\AppData\Local\Temp\aiflow-security-modules-bnyayvbf\archives\golang.org_x_text@v0.41.0.zip//golang.org/x/text@v0.41.0/language/tables.go	ok
2026-09-27 14:59:36	C:\Users\lehie\AppData\Local\Temp\aiflow-security-modules-bnyayvbf\archives\golang.org_x_sys@v0.6.0.zip//golang.org/x/sys@v0.6.0/windows/zknownfolderids_windows.go	ok
2026-09-27 14:59:36	C:\Users\lehie\AppData\Local\Temp\aiflow-security-modules-bnyayvbf\archives\golang.org_x_text@v0.41.0.zip//golang.org/x/text@v0.41.0/language/tags.go	ok
2026-09-27 14:59:36 	C:\Users\lehie\AppData\Local\Temp\aiflow-security-modules-bnyayvbf\archives\golang.org_x_text@v0.41.0.zip//golang.org/x/text@v0.41.0/language/testdata/CLDRLocaleMatcherTest.txt	packed	Creak
2026-09-27 14:59:36	C:\Users\lehie\AppData\Local\Temp\aiflow-security-modules-bnyayvbf\archives\golang.org_x_text@v0.41.0.zip//golang.org/x/text@v0.41.0/language/testdata/CLDRLocaleMatcherTest.txt//Creak	ok
2026-09-27 14:59:36	C:\Users\lehie\AppData\Local\Temp\aiflow-security-modules-bnyayvbf\archives\golang.org_x_text@v0.41.0.zip//golang.org/x/text@v0.41.0/language/testdata/CLDRLocaleMatcherTest.txt	ok
2026-09-27 14:59:36	C:\Users\lehie\AppData\Local\Temp\aiflow-security-modules-bnyayvbf\archives\golang.org_x_text@v0.41.0.zip//golang.org/x/text@v0.41.0/language/testdata/GoLocaleMatcherTest.txt	ok
2026-09-27 14:59:36	C:\Users\lehie\AppData\Local\Temp\aiflow-security-modules-bnyayvbf\archives\golang.org_x_sys@v0.6.0.zip//golang.org/x/sys@v0.6.0/windows/zsyscall_windows.go	ok
2026-09-27 14:59:36	C:\Users\lehie\AppData\Local\Temp\aiflow-security-modules-bnyayvbf\archives\golang.org_x_sys@v0.6.0.zip	ok
2026-09-27 14:59:36	C:\Users\lehie\AppData\Local\Temp\aiflow-security-modules-bnyayvbf\archives\golang.org_x_text@v0.41.0.zip//golang.org/x/text@v0.41.0/message/catalog.go	ok
2026-09-27 14:59:36 	C:\Users\lehie\AppData\Local\Temp\aiflow-security-modules-bnyayvbf\archives\gopkg.in_yaml.v3@v3.0.1.zip	archive	ZIP
2026-09-27 14:59:36	C:\Users\lehie\AppData\Local\Temp\aiflow-security-modules-bnyayvbf\archives\gopkg.in_yaml.v3@v3.0.1.zip//gopkg.in/yaml.v3@v3.0.1/.github/workflows/go.yaml	ok
2026-09-27 14:59:36	C:\Users\lehie\AppData\Local\Temp\aiflow-security-modules-bnyayvbf\archives\gopkg.in_yaml.v3@v3.0.1.zip//gopkg.in/yaml.v3@v3.0.1/LICENSE	ok
2026-09-27 14:59:36	C:\Users\lehie\AppData\Local\Temp\aiflow-security-modules-bnyayvbf\archives\golang.org_x_text@v0.41.0.zip//golang.org/x/text@v0.41.0/message/catalog/catalog.go	ok
2026-09-27 14:59:36	C:\Users\lehie\AppData\Local\Temp\aiflow-security-modules-bnyayvbf\archives\gopkg.in_yaml.v3@v3.0.1.zip//gopkg.in/yaml.v3@v3.0.1/NOTICE	ok
2026-09-27 14:59:36	C:\Users\lehie\AppData\Local\Temp\aiflow-security-modules-bnyayvbf\archives\golang.org_x_text@v0.41.0.zip//golang.org/x/text@v0.41.0/message/catalog/catalog_test.go	ok
2026-09-27 14:59:36	C:\Users\lehie\AppData\Local\Temp\aiflow-security-modules-bnyayvbf\archives\gopkg.in_yaml.v3@v3.0.1.zip//gopkg.in/yaml.v3@v3.0.1/README.md	ok
2026-09-27 14:59:36	C:\Users\lehie\AppData\Local\Temp\aiflow-security-modules-bnyayvbf\archives\golang.org_x_text@v0.41.0.zip//golang.org/x/text@v0.41.0/message/catalog/dict.go	ok
2026-09-27 14:59:36	C:\Users\lehie\AppData\Local\Temp\aiflow-security-modules-bnyayvbf\archives\golang.org_x_text@v0.41.0.zip//golang.org/x/text@v0.41.0/message/catalog_test.go	ok
2026-09-27 14:59:36	C:\Users\lehie\AppData\Local\Temp\aiflow-security-modules-bnyayvbf\archives\gopkg.in_yaml.v3@v3.0.1.zip//gopkg.in/yaml.v3@v3.0.1/apic.go	ok
2026-09-27 14:59:36	C:\Users\lehie\AppData\Local\Temp\aiflow-security-modules-bnyayvbf\archives\golang.org_x_text@v0.41.0.zip//golang.org/x/text@v0.41.0/message/doc.go	ok
2026-09-27 14:59:36	C:\Users\lehie\AppData\Local\Temp\aiflow-security-modules-bnyayvbf\archives\gopkg.in_yaml.v3@v3.0.1.zip//gopkg.in/yaml.v3@v3.0.1/decode.go	ok
2026-09-27 14:59:36	C:\Users\lehie\AppData\Local\Temp\aiflow-security-modules-bnyayvbf\archives\golang.org_x_text@v0.41.0.zip//golang.org/x/text@v0.41.0/message/examples_test.go	ok
2026-09-27 14:59:36	C:\Users\lehie\AppData\Local\Temp\aiflow-security-modules-bnyayvbf\archives\gopkg.in_yaml.v3@v3.0.1.zip//gopkg.in/yaml.v3@v3.0.1/decode_test.go	ok
2026-09-27 14:59:36	C:\Users\lehie\AppData\Local\Temp\aiflow-security-modules-bnyayvbf\archives\golang.org_x_text@v0.41.0.zip//golang.org/x/text@v0.41.0/message/fmt_test.go	ok
2026-09-27 14:59:36	C:\Users\lehie\AppData\Local\Temp\aiflow-security-modules-bnyayvbf\archives\gopkg.in_yaml.v3@v3.0.1.zip//gopkg.in/yaml.v3@v3.0.1/emitterc.go	ok
2026-09-27 14:59:36	C:\Users\lehie\AppData\Local\Temp\aiflow-security-modules-bnyayvbf\archives\golang.org_x_text@v0.41.0.zip//golang.org/x/text@v0.41.0/message/format.go	ok
2026-09-27 14:59:36	C:\Users\lehie\AppData\Local\Temp\aiflow-security-modules-bnyayvbf\archives\golang.org_x_text@v0.41.0.zip//golang.org/x/text@v0.41.0/message/message.go	ok
2026-09-27 14:59:36	C:\Users\lehie\AppData\Local\Temp\aiflow-security-modules-bnyayvbf\archives\gopkg.in_yaml.v3@v3.0.1.zip//gopkg.in/yaml.v3@v3.0.1/encode.go	ok
2026-09-27 14:59:36	C:\Users\lehie\AppData\Local\Temp\aiflow-security-modules-bnyayvbf\archives\golang.org_x_text@v0.41.0.zip//golang.org/x/text@v0.41.0/message/message_test.go	ok
2026-09-27 14:59:36	C:\Users\lehie\AppData\Local\Temp\aiflow-security-modules-bnyayvbf\archives\gopkg.in_yaml.v3@v3.0.1.zip//gopkg.in/yaml.v3@v3.0.1/encode_test.go	ok
2026-09-27 14:59:36	C:\Users\lehie\AppData\Local\Temp\aiflow-security-modules-bnyayvbf\archives\gopkg.in_yaml.v3@v3.0.1.zip//gopkg.in/yaml.v3@v3.0.1/example_embedded_test.go	ok
2026-09-27 14:59:36	C:\Users\lehie\AppData\Local\Temp\aiflow-security-modules-bnyayvbf\archives\golang.org_x_text@v0.41.0.zip//golang.org/x/text@v0.41.0/message/pipeline/extract.go	ok
2026-09-27 14:59:36	C:\Users\lehie\AppData\Local\Temp\aiflow-security-modules-bnyayvbf\archives\gopkg.in_yaml.v3@v3.0.1.zip//gopkg.in/yaml.v3@v3.0.1/go.mod	ok
2026-09-27 14:59:36	C:\Users\lehie\AppData\Local\Temp\aiflow-security-modules-bnyayvbf\archives\golang.org_x_text@v0.41.0.zip//golang.org/x/text@v0.41.0/message/pipeline/generate.go	ok
2026-09-27 14:59:36	C:\Users\lehie\AppData\Local\Temp\aiflow-security-modules-bnyayvbf\archives\gopkg.in_yaml.v3@v3.0.1.zip//gopkg.in/yaml.v3@v3.0.1/limit_test.go	ok
2026-09-27 14:59:36	C:\Users\lehie\AppData\Local\Temp\aiflow-security-modules-bnyayvbf\archives\golang.org_x_text@v0.41.0.zip//golang.org/x/text@v0.41.0/message/pipeline/message.go	ok
2026-09-27 14:59:36	C:\Users\lehie\AppData\Local\Temp\aiflow-security-modules-bnyayvbf\archives\gopkg.in_yaml.v3@v3.0.1.zip//gopkg.in/yaml.v3@v3.0.1/node_test.go	ok
2026-09-27 14:59:36	C:\Users\lehie\AppData\Local\Temp\aiflow-security-modules-bnyayvbf\archives\golang.org_x_text@v0.41.0.zip//golang.org/x/text@v0.41.0/message/pipeline/pipeline.go	ok
2026-09-27 14:59:36	C:\Users\lehie\AppData\Local\Temp\aiflow-security-modules-bnyayvbf\archives\gopkg.in_yaml.v3@v3.0.1.zip//gopkg.in/yaml.v3@v3.0.1/parserc.go	ok
2026-09-27 14:59:36	C:\Users\lehie\AppData\Local\Temp\aiflow-security-modules-bnyayvbf\archives\golang.org_x_text@v0.41.0.zip//golang.org/x/text@v0.41.0/message/pipeline/pipeline_test.go	ok
2026-09-27 14:59:36	C:\Users\lehie\AppData\Local\Temp\aiflow-security-modules-bnyayvbf\archives\golang.org_x_text@v0.41.0.zip//golang.org/x/text@v0.41.0/message/pipeline/rewrite.go	ok
2026-09-27 14:59:36	C:\Users\lehie\AppData\Local\Temp\aiflow-security-modules-bnyayvbf\archives\gopkg.in_yaml.v3@v3.0.1.zip//gopkg.in/yaml.v3@v3.0.1/readerc.go	ok
2026-09-27 14:59:36	C:\Users\lehie\AppData\Local\Temp\aiflow-security-modules-bnyayvbf\archives\golang.org_x_text@v0.41.0.zip//golang.org/x/text@v0.41.0/message/pipeline/testdata/ssa/catalog_gen.go	ok
2026-09-27 14:59:36	C:\Users\lehie\AppData\Local\Temp\aiflow-security-modules-bnyayvbf\archives\gopkg.in_yaml.v3@v3.0.1.zip//gopkg.in/yaml.v3@v3.0.1/resolve.go	ok
2026-09-27 14:59:36	C:\Users\lehie\AppData\Local\Temp\aiflow-security-modules-bnyayvbf\archives\golang.org_x_text@v0.41.0.zip//golang.org/x/text@v0.41.0/message/pipeline/testdata/ssa/extracted.gotext.json	ok
2026-09-27 14:59:36	C:\Users\lehie\AppData\Local\Temp\aiflow-security-modules-bnyayvbf\archives\golang.org_x_text@v0.41.0.zip//golang.org/x/text@v0.41.0/message/pipeline/testdata/ssa/ssa.go	ok
2026-09-27 14:59:36	C:\Users\lehie\AppData\Local\Temp\aiflow-security-modules-bnyayvbf\archives\gopkg.in_yaml.v3@v3.0.1.zip//gopkg.in/yaml.v3@v3.0.1/scannerc.go	ok
2026-09-27 14:59:36	C:\Users\lehie\AppData\Local\Temp\aiflow-security-modules-bnyayvbf\archives\golang.org_x_text@v0.41.0.zip//golang.org/x/text@v0.41.0/message/pipeline/testdata/test1/catalog_gen.go.want	ok
2026-09-27 14:59:36	C:\Users\lehie\AppData\Local\Temp\aiflow-security-modules-bnyayvbf\archives\golang.org_x_text@v0.41.0.zip//golang.org/x/text@v0.41.0/message/pipeline/testdata/test1/catalog_test.go	ok
2026-09-27 14:59:36	C:\Users\lehie\AppData\Local\Temp\aiflow-security-modules-bnyayvbf\archives\gopkg.in_yaml.v3@v3.0.1.zip//gopkg.in/yaml.v3@v3.0.1/sorter.go	ok
2026-09-27 14:59:36	C:\Users\lehie\AppData\Local\Temp\aiflow-security-modules-bnyayvbf\archives\gopkg.in_yaml.v3@v3.0.1.zip//gopkg.in/yaml.v3@v3.0.1/suite_test.go	ok
2026-09-27 14:59:36	C:\Users\lehie\AppData\Local\Temp\aiflow-security-modules-bnyayvbf\archives\golang.org_x_text@v0.41.0.zip//golang.org/x/text@v0.41.0/message/pipeline/testdata/test1/extracted.gotext.json.want	ok
2026-09-27 14:59:36	C:\Users\lehie\AppData\Local\Temp\aiflow-security-modules-bnyayvbf\archives\gopkg.in_yaml.v3@v3.0.1.zip//gopkg.in/yaml.v3@v3.0.1/writerc.go	ok
2026-09-27 14:59:36	C:\Users\lehie\AppData\Local\Temp\aiflow-security-modules-bnyayvbf\archives\golang.org_x_text@v0.41.0.zip//golang.org/x/text@v0.41.0/message/pipeline/testdata/test1/locales/de/messages.gotext.json	ok
2026-09-27 14:59:36	C:\Users\lehie\AppData\Local\Temp\aiflow-security-modules-bnyayvbf\archives\golang.org_x_text@v0.41.0.zip//golang.org/x/text@v0.41.0/message/pipeline/testdata/test1/locales/de/out.gotext.json.want	ok
2026-09-27 14:59:36	C:\Users\lehie\AppData\Local\Temp\aiflow-security-modules-bnyayvbf\archives\gopkg.in_yaml.v3@v3.0.1.zip//gopkg.in/yaml.v3@v3.0.1/yaml.go	ok
2026-09-27 14:59:36	C:\Users\lehie\AppData\Local\Temp\aiflow-security-modules-bnyayvbf\archives\golang.org_x_text@v0.41.0.zip//golang.org/x/text@v0.41.0/message/pipeline/testdata/test1/locales/en-US/messages.gotext.json	ok
2026-09-27 14:59:36	C:\Users\lehie\AppData\Local\Temp\aiflow-security-modules-bnyayvbf\archives\golang.org_x_text@v0.41.0.zip//golang.org/x/text@v0.41.0/message/pipeline/testdata/test1/locales/en-US/out.gotext.json.want	ok
2026-09-27 14:59:36	C:\Users\lehie\AppData\Local\Temp\aiflow-security-modules-bnyayvbf\archives\gopkg.in_yaml.v3@v3.0.1.zip//gopkg.in/yaml.v3@v3.0.1/yamlh.go	ok
2026-09-27 14:59:36	C:\Users\lehie\AppData\Local\Temp\aiflow-security-modules-bnyayvbf\archives\golang.org_x_text@v0.41.0.zip//golang.org/x/text@v0.41.0/message/pipeline/testdata/test1/locales/zh/messages.gotext.json	ok
2026-09-27 14:59:36	C:\Users\lehie\AppData\Local\Temp\aiflow-security-modules-bnyayvbf\archives\gopkg.in_yaml.v3@v3.0.1.zip//gopkg.in/yaml.v3@v3.0.1/yamlprivateh.go	ok
2026-09-27 14:59:36	C:\Users\lehie\AppData\Local\Temp\aiflow-security-modules-bnyayvbf\archives\golang.org_x_text@v0.41.0.zip//golang.org/x/text@v0.41.0/message/pipeline/testdata/test1/locales/zh/out.gotext.json.want	ok
2026-09-27 14:59:36	C:\Users\lehie\AppData\Local\Temp\aiflow-security-modules-bnyayvbf\archives\gopkg.in_yaml.v3@v3.0.1.zip	ok
2026-09-27 14:59:36	C:\Users\lehie\AppData\Local\Temp\aiflow-security-modules-bnyayvbf\archives\golang.org_x_text@v0.41.0.zip//golang.org/x/text@v0.41.0/message/pipeline/testdata/test1/test1.go	ok
2026-09-27 14:59:36	C:\Users\lehie\AppData\Local\Temp\aiflow-security-modules-bnyayvbf\archives\golang.org_x_text@v0.41.0.zip//golang.org/x/text@v0.41.0/message/pipeline/testdata/test60555/catalog_gen.go	ok
2026-09-27 14:59:36	C:\Users\lehie\AppData\Local\Temp\aiflow-security-modules-bnyayvbf\archives\golang.org_x_text@v0.41.0.zip//golang.org/x/text@v0.41.0/message/pipeline/testdata/test60555/extracted.gotext.json.want	ok
2026-09-27 14:59:36	C:\Users\lehie\AppData\Local\Temp\aiflow-security-modules-bnyayvbf\archives\golang.org_x_text@v0.41.0.zip//golang.org/x/text@v0.41.0/message/pipeline/testdata/test60555/main.go	ok
2026-09-27 14:59:36	C:\Users\lehie\AppData\Local\Temp\aiflow-security-modules-bnyayvbf\archives\golang.org_x_text@v0.41.0.zip//golang.org/x/text@v0.41.0/message/pipeline/testdata/test60555/message.go	ok
2026-09-27 14:59:36	C:\Users\lehie\AppData\Local\Temp\aiflow-security-modules-bnyayvbf\archives\golang.org_x_text@v0.41.0.zip//golang.org/x/text@v0.41.0/message/print.go	ok
2026-09-27 14:59:36	C:\Users\lehie\AppData\Local\Temp\aiflow-security-modules-bnyayvbf\archives\golang.org_x_text@v0.41.0.zip//golang.org/x/text@v0.41.0/number/doc.go	ok
2026-09-27 14:59:36	C:\Users\lehie\AppData\Local\Temp\aiflow-security-modules-bnyayvbf\archives\golang.org_x_text@v0.41.0.zip//golang.org/x/text@v0.41.0/number/examples_test.go	ok
2026-09-27 14:59:36	C:\Users\lehie\AppData\Local\Temp\aiflow-security-modules-bnyayvbf\archives\golang.org_x_text@v0.41.0.zip//golang.org/x/text@v0.41.0/number/format.go	ok
2026-09-27 14:59:36	C:\Users\lehie\AppData\Local\Temp\aiflow-security-modules-bnyayvbf\archives\golang.org_x_text@v0.41.0.zip//golang.org/x/text@v0.41.0/number/format_test.go	ok
2026-09-27 14:59:36	C:\Users\lehie\AppData\Local\Temp\aiflow-security-modules-bnyayvbf\archives\golang.org_x_text@v0.41.0.zip//golang.org/x/text@v0.41.0/number/number.go	ok
2026-09-27 14:59:36	C:\Users\lehie\AppData\Local\Temp\aiflow-security-modules-bnyayvbf\archives\golang.org_x_text@v0.41.0.zip//golang.org/x/text@v0.41.0/number/number_test.go	ok
2026-09-27 14:59:36	C:\Users\lehie\AppData\Local\Temp\aiflow-security-modules-bnyayvbf\archives\golang.org_x_text@v0.41.0.zip//golang.org/x/text@v0.41.0/number/option.go	ok
2026-09-27 14:59:36	C:\Users\lehie\AppData\Local\Temp\aiflow-security-modules-bnyayvbf\archives\golang.org_x_text@v0.41.0.zip//golang.org/x/text@v0.41.0/runes/cond.go	ok
2026-09-27 14:59:36	C:\Users\lehie\AppData\Local\Temp\aiflow-security-modules-bnyayvbf\archives\golang.org_x_text@v0.41.0.zip//golang.org/x/text@v0.41.0/runes/cond_test.go	ok
2026-09-27 14:59:36	C:\Users\lehie\AppData\Local\Temp\aiflow-security-modules-bnyayvbf\archives\golang.org_x_text@v0.41.0.zip//golang.org/x/text@v0.41.0/runes/example_test.go	ok
2026-09-27 14:59:36	C:\Users\lehie\AppData\Local\Temp\aiflow-security-modules-bnyayvbf\archives\golang.org_x_text@v0.41.0.zip//golang.org/x/text@v0.41.0/runes/runes.go	ok
2026-09-27 14:59:36	C:\Users\lehie\AppData\Local\Temp\aiflow-security-modules-bnyayvbf\archives\golang.org_x_text@v0.41.0.zip//golang.org/x/text@v0.41.0/runes/runes_test.go	ok
2026-09-27 14:59:36	C:\Users\lehie\AppData\Local\Temp\aiflow-security-modules-bnyayvbf\archives\golang.org_x_text@v0.41.0.zip//golang.org/x/text@v0.41.0/search/index.go	ok
2026-09-27 14:59:36	C:\Users\lehie\AppData\Local\Temp\aiflow-security-modules-bnyayvbf\archives\golang.org_x_text@v0.41.0.zip//golang.org/x/text@v0.41.0/search/pattern.go	ok
2026-09-27 14:59:36	C:\Users\lehie\AppData\Local\Temp\aiflow-security-modules-bnyayvbf\archives\golang.org_x_text@v0.41.0.zip//golang.org/x/text@v0.41.0/search/pattern_test.go	ok
2026-09-27 14:59:36	C:\Users\lehie\AppData\Local\Temp\aiflow-security-modules-bnyayvbf\archives\golang.org_x_text@v0.41.0.zip//golang.org/x/text@v0.41.0/search/search.go	ok
2026-09-27 14:59:36	C:\Users\lehie\AppData\Local\Temp\aiflow-security-modules-bnyayvbf\archives\golang.org_x_text@v0.41.0.zip//golang.org/x/text@v0.41.0/search/tables.go	ok
2026-09-27 14:59:36	C:\Users\lehie\AppData\Local\Temp\aiflow-security-modules-bnyayvbf\archives\golang.org_x_text@v0.41.0.zip//golang.org/x/text@v0.41.0/secure/bidirule/bench_test.go	ok
2026-09-27 14:59:36	C:\Users\lehie\AppData\Local\Temp\aiflow-security-modules-bnyayvbf\archives\golang.org_x_text@v0.41.0.zip//golang.org/x/text@v0.41.0/secure/bidirule/bidirule.go	ok
2026-09-27 14:59:36	C:\Users\lehie\AppData\Local\Temp\aiflow-security-modules-bnyayvbf\archives\golang.org_x_text@v0.41.0.zip//golang.org/x/text@v0.41.0/secure/bidirule/bidirule_test.go	ok
2026-09-27 14:59:36	C:\Users\lehie\AppData\Local\Temp\aiflow-security-modules-bnyayvbf\archives\golang.org_x_text@v0.41.0.zip//golang.org/x/text@v0.41.0/secure/doc.go	ok
2026-09-27 14:59:36	C:\Users\lehie\AppData\Local\Temp\aiflow-security-modules-bnyayvbf\archives\golang.org_x_text@v0.41.0.zip//golang.org/x/text@v0.41.0/secure/precis/benchmark_test.go	ok
2026-09-27 14:59:36	C:\Users\lehie\AppData\Local\Temp\aiflow-security-modules-bnyayvbf\archives\golang.org_x_text@v0.41.0.zip//golang.org/x/text@v0.41.0/secure/precis/class.go	ok
2026-09-27 14:59:36	C:\Users\lehie\AppData\Local\Temp\aiflow-security-modules-bnyayvbf\archives\golang.org_x_text@v0.41.0.zip//golang.org/x/text@v0.41.0/secure/precis/class_test.go	ok
2026-09-27 14:59:36	C:\Users\lehie\AppData\Local\Temp\aiflow-security-modules-bnyayvbf\archives\golang.org_x_text@v0.41.0.zip//golang.org/x/text@v0.41.0/secure/precis/context.go	ok
2026-09-27 14:59:36	C:\Users\lehie\AppData\Local\Temp\aiflow-security-modules-bnyayvbf\archives\golang.org_x_text@v0.41.0.zip//golang.org/x/text@v0.41.0/secure/precis/doc.go	ok
2026-09-27 14:59:36	C:\Users\lehie\AppData\Local\Temp\aiflow-security-modules-bnyayvbf\archives\golang.org_x_text@v0.41.0.zip//golang.org/x/text@v0.41.0/secure/precis/enforce_test.go	ok
2026-09-27 14:59:36	C:\Users\lehie\AppData\Local\Temp\aiflow-security-modules-bnyayvbf\archives\golang.org_x_text@v0.41.0.zip//golang.org/x/text@v0.41.0/secure/precis/gen.go	ok
2026-09-27 14:59:36	C:\Users\lehie\AppData\Local\Temp\aiflow-security-modules-bnyayvbf\archives\golang.org_x_text@v0.41.0.zip//golang.org/x/text@v0.41.0/secure/precis/gen_trieval.go	ok
2026-09-27 14:59:36	C:\Users\lehie\AppData\Local\Temp\aiflow-security-modules-bnyayvbf\archives\golang.org_x_text@v0.41.0.zip//golang.org/x/text@v0.41.0/secure/precis/nickname.go	ok
2026-09-27 14:59:36	C:\Users\lehie\AppData\Local\Temp\aiflow-security-modules-bnyayvbf\archives\golang.org_x_text@v0.41.0.zip//golang.org/x/text@v0.41.0/secure/precis/options.go	ok
2026-09-27 14:59:36	C:\Users\lehie\AppData\Local\Temp\aiflow-security-modules-bnyayvbf\archives\golang.org_x_text@v0.41.0.zip//golang.org/x/text@v0.41.0/secure/precis/profile.go	ok
2026-09-27 14:59:36	C:\Users\lehie\AppData\Local\Temp\aiflow-security-modules-bnyayvbf\archives\golang.org_x_text@v0.41.0.zip//golang.org/x/text@v0.41.0/secure/precis/profile_test.go	ok
2026-09-27 14:59:36	C:\Users\lehie\AppData\Local\Temp\aiflow-security-modules-bnyayvbf\archives\golang.org_x_text@v0.41.0.zip//golang.org/x/text@v0.41.0/secure/precis/profiles.go	ok
2026-09-27 14:59:36	C:\Users\lehie\AppData\Local\Temp\aiflow-security-modules-bnyayvbf\archives\golang.org_x_text@v0.41.0.zip//golang.org/x/text@v0.41.0/secure/precis/tables15.0.0.go	ok
2026-09-27 14:59:36	C:\Users\lehie\AppData\Local\Temp\aiflow-security-modules-bnyayvbf\archives\golang.org_x_text@v0.41.0.zip//golang.org/x/text@v0.41.0/secure/precis/tables17.0.0.go	ok
2026-09-27 14:59:36	C:\Users\lehie\AppData\Local\Temp\aiflow-security-modules-bnyayvbf\archives\golang.org_x_text@v0.41.0.zip//golang.org/x/text@v0.41.0/secure/precis/tables_test.go	ok
2026-09-27 14:59:36	C:\Users\lehie\AppData\Local\Temp\aiflow-security-modules-bnyayvbf\archives\golang.org_x_text@v0.41.0.zip//golang.org/x/text@v0.41.0/secure/precis/transformer.go	ok
2026-09-27 14:59:36	C:\Users\lehie\AppData\Local\Temp\aiflow-security-modules-bnyayvbf\archives\golang.org_x_text@v0.41.0.zip//golang.org/x/text@v0.41.0/secure/precis/trieval.go	ok
2026-09-27 14:59:36	C:\Users\lehie\AppData\Local\Temp\aiflow-security-modules-bnyayvbf\archives\golang.org_x_text@v0.41.0.zip//golang.org/x/text@v0.41.0/transform/examples_test.go	ok
2026-09-27 14:59:36	C:\Users\lehie\AppData\Local\Temp\aiflow-security-modules-bnyayvbf\archives\golang.org_x_text@v0.41.0.zip//golang.org/x/text@v0.41.0/transform/transform.go	ok
2026-09-27 14:59:36	C:\Users\lehie\AppData\Local\Temp\aiflow-security-modules-bnyayvbf\archives\golang.org_x_text@v0.41.0.zip//golang.org/x/text@v0.41.0/transform/transform_test.go	ok
2026-09-27 14:59:36	C:\Users\lehie\AppData\Local\Temp\aiflow-security-modules-bnyayvbf\archives\golang.org_x_text@v0.41.0.zip//golang.org/x/text@v0.41.0/unicode/bidi/bidi.go	ok
2026-09-27 14:59:36	C:\Users\lehie\AppData\Local\Temp\aiflow-security-modules-bnyayvbf\archives\golang.org_x_text@v0.41.0.zip//golang.org/x/text@v0.41.0/unicode/bidi/bidi_test.go	ok
2026-09-27 14:59:36	C:\Users\lehie\AppData\Local\Temp\aiflow-security-modules-bnyayvbf\archives\golang.org_x_text@v0.41.0.zip//golang.org/x/text@v0.41.0/unicode/bidi/bracket.go	ok
2026-09-27 14:59:36	C:\Users\lehie\AppData\Local\Temp\aiflow-security-modules-bnyayvbf\archives\golang.org_x_text@v0.41.0.zip//golang.org/x/text@v0.41.0/unicode/bidi/core.go	ok
2026-09-27 14:59:36	C:\Users\lehie\AppData\Local\Temp\aiflow-security-modules-bnyayvbf\archives\golang.org_x_text@v0.41.0.zip//golang.org/x/text@v0.41.0/unicode/bidi/core_test.go	ok
2026-09-27 14:59:36	C:\Users\lehie\AppData\Local\Temp\aiflow-security-modules-bnyayvbf\archives\golang.org_x_text@v0.41.0.zip//golang.org/x/text@v0.41.0/unicode/bidi/gen.go	ok
2026-09-27 14:59:36	C:\Users\lehie\AppData\Local\Temp\aiflow-security-modules-bnyayvbf\archives\golang.org_x_text@v0.41.0.zip//golang.org/x/text@v0.41.0/unicode/bidi/gen_ranges.go	ok
2026-09-27 14:59:36	C:\Users\lehie\AppData\Local\Temp\aiflow-security-modules-bnyayvbf\archives\golang.org_x_text@v0.41.0.zip//golang.org/x/text@v0.41.0/unicode/bidi/gen_trieval.go	ok
2026-09-27 14:59:36	C:\Users\lehie\AppData\Local\Temp\aiflow-security-modules-bnyayvbf\archives\golang.org_x_text@v0.41.0.zip//golang.org/x/text@v0.41.0/unicode/bidi/prop.go	ok
2026-09-27 14:59:36	C:\Users\lehie\AppData\Local\Temp\aiflow-security-modules-bnyayvbf\archives\golang.org_x_text@v0.41.0.zip//golang.org/x/text@v0.41.0/unicode/bidi/ranges_test.go	ok
2026-09-27 14:59:36	C:\Users\lehie\AppData\Local\Temp\aiflow-security-modules-bnyayvbf\archives\golang.org_x_text@v0.41.0.zip//golang.org/x/text@v0.41.0/unicode/bidi/tables15.0.0.go	ok
2026-09-27 14:59:36	C:\Users\lehie\AppData\Local\Temp\aiflow-security-modules-bnyayvbf\archives\golang.org_x_text@v0.41.0.zip//golang.org/x/text@v0.41.0/unicode/bidi/tables17.0.0.go	ok
2026-09-27 14:59:36	C:\Users\lehie\AppData\Local\Temp\aiflow-security-modules-bnyayvbf\archives\golang.org_x_text@v0.41.0.zip//golang.org/x/text@v0.41.0/unicode/bidi/tables_test.go	ok
2026-09-27 14:59:36	C:\Users\lehie\AppData\Local\Temp\aiflow-security-modules-bnyayvbf\archives\golang.org_x_text@v0.41.0.zip//golang.org/x/text@v0.41.0/unicode/bidi/trieval.go	ok
2026-09-27 14:59:36	C:\Users\lehie\AppData\Local\Temp\aiflow-security-modules-bnyayvbf\archives\golang.org_x_text@v0.41.0.zip//golang.org/x/text@v0.41.0/unicode/cldr/base.go	ok
2026-09-27 14:59:36	C:\Users\lehie\AppData\Local\Temp\aiflow-security-modules-bnyayvbf\archives\golang.org_x_text@v0.41.0.zip//golang.org/x/text@v0.41.0/unicode/cldr/cldr.go	ok
2026-09-27 14:59:36	C:\Users\lehie\AppData\Local\Temp\aiflow-security-modules-bnyayvbf\archives\golang.org_x_text@v0.41.0.zip//golang.org/x/text@v0.41.0/unicode/cldr/cldr_test.go	ok
2026-09-27 14:59:36	C:\Users\lehie\AppData\Local\Temp\aiflow-security-modules-bnyayvbf\archives\golang.org_x_text@v0.41.0.zip//golang.org/x/text@v0.41.0/unicode/cldr/collate.go	ok
2026-09-27 14:59:36	C:\Users\lehie\AppData\Local\Temp\aiflow-security-modules-bnyayvbf\archives\golang.org_x_text@v0.41.0.zip//golang.org/x/text@v0.41.0/unicode/cldr/collate_test.go	ok
2026-09-27 14:59:36	C:\Users\lehie\AppData\Local\Temp\aiflow-security-modules-bnyayvbf\archives\golang.org_x_text@v0.41.0.zip//golang.org/x/text@v0.41.0/unicode/cldr/data_test.go	ok
2026-09-27 14:59:36	C:\Users\lehie\AppData\Local\Temp\aiflow-security-modules-bnyayvbf\archives\golang.org_x_text@v0.41.0.zip//golang.org/x/text@v0.41.0/unicode/cldr/decode.go	ok
2026-09-27 14:59:36	C:\Users\lehie\AppData\Local\Temp\aiflow-security-modules-bnyayvbf\archives\golang.org_x_text@v0.41.0.zip//golang.org/x/text@v0.41.0/unicode/cldr/examples_test.go	ok
2026-09-27 14:59:36	C:\Users\lehie\AppData\Local\Temp\aiflow-security-modules-bnyayvbf\archives\golang.org_x_text@v0.41.0.zip//golang.org/x/text@v0.41.0/unicode/cldr/makexml.go	ok
2026-09-27 14:59:36	C:\Users\lehie\AppData\Local\Temp\aiflow-security-modules-bnyayvbf\archives\golang.org_x_text@v0.41.0.zip//golang.org/x/text@v0.41.0/unicode/cldr/resolve.go	ok
2026-09-27 14:59:36	C:\Users\lehie\AppData\Local\Temp\aiflow-security-modules-bnyayvbf\archives\golang.org_x_text@v0.41.0.zip//golang.org/x/text@v0.41.0/unicode/cldr/resolve_test.go	ok
2026-09-27 14:59:36	C:\Users\lehie\AppData\Local\Temp\aiflow-security-modules-bnyayvbf\archives\golang.org_x_text@v0.41.0.zip//golang.org/x/text@v0.41.0/unicode/cldr/slice.go	ok
2026-09-27 14:59:36	C:\Users\lehie\AppData\Local\Temp\aiflow-security-modules-bnyayvbf\archives\golang.org_x_text@v0.41.0.zip//golang.org/x/text@v0.41.0/unicode/cldr/slice_test.go	ok
2026-09-27 14:59:36	C:\Users\lehie\AppData\Local\Temp\aiflow-security-modules-bnyayvbf\archives\golang.org_x_text@v0.41.0.zip//golang.org/x/text@v0.41.0/unicode/cldr/xml.go	ok
2026-09-27 14:59:36	C:\Users\lehie\AppData\Local\Temp\aiflow-security-modules-bnyayvbf\archives\golang.org_x_text@v0.41.0.zip//golang.org/x/text@v0.41.0/unicode/doc.go	ok
2026-09-27 14:59:36	C:\Users\lehie\AppData\Local\Temp\aiflow-security-modules-bnyayvbf\archives\golang.org_x_text@v0.41.0.zip//golang.org/x/text@v0.41.0/unicode/norm/composition.go	ok
2026-09-27 14:59:36	C:\Users\lehie\AppData\Local\Temp\aiflow-security-modules-bnyayvbf\archives\golang.org_x_text@v0.41.0.zip//golang.org/x/text@v0.41.0/unicode/norm/composition_test.go	ok
2026-09-27 14:59:36	C:\Users\lehie\AppData\Local\Temp\aiflow-security-modules-bnyayvbf\archives\golang.org_x_text@v0.41.0.zip//golang.org/x/text@v0.41.0/unicode/norm/data15.0.0_test.go	ok
2026-09-27 14:59:36	C:\Users\lehie\AppData\Local\Temp\aiflow-security-modules-bnyayvbf\archives\golang.org_x_text@v0.41.0.zip//golang.org/x/text@v0.41.0/unicode/norm/data17.0.0_test.go	ok
2026-09-27 14:59:36	C:\Users\lehie\AppData\Local\Temp\aiflow-security-modules-bnyayvbf\archives\golang.org_x_text@v0.41.0.zip//golang.org/x/text@v0.41.0/unicode/norm/example_iter_test.go	ok
2026-09-27 14:59:36	C:\Users\lehie\AppData\Local\Temp\aiflow-security-modules-bnyayvbf\archives\golang.org_x_text@v0.41.0.zip//golang.org/x/text@v0.41.0/unicode/norm/example_test.go	ok
2026-09-27 14:59:36	C:\Users\lehie\AppData\Local\Temp\aiflow-security-modules-bnyayvbf\archives\golang.org_x_text@v0.41.0.zip//golang.org/x/text@v0.41.0/unicode/norm/forminfo.go	ok
2026-09-27 14:59:36	C:\Users\lehie\AppData\Local\Temp\aiflow-security-modules-bnyayvbf\archives\golang.org_x_text@v0.41.0.zip//golang.org/x/text@v0.41.0/unicode/norm/forminfo_test.go	ok
2026-09-27 14:59:36	C:\Users\lehie\AppData\Local\Temp\aiflow-security-modules-bnyayvbf\archives\golang.org_x_text@v0.41.0.zip//golang.org/x/text@v0.41.0/unicode/norm/input.go	ok
2026-09-27 14:59:36	C:\Users\lehie\AppData\Local\Temp\aiflow-security-modules-bnyayvbf\archives\golang.org_x_text@v0.41.0.zip//golang.org/x/text@v0.41.0/unicode/norm/iter.go	ok
2026-09-27 14:59:36	C:\Users\lehie\AppData\Local\Temp\aiflow-security-modules-bnyayvbf\archives\golang.org_x_text@v0.41.0.zip//golang.org/x/text@v0.41.0/unicode/norm/iter_test.go	ok
2026-09-27 14:59:36	C:\Users\lehie\AppData\Local\Temp\aiflow-security-modules-bnyayvbf\archives\golang.org_x_text@v0.41.0.zip//golang.org/x/text@v0.41.0/unicode/norm/maketables.go	ok
2026-09-27 14:59:36	C:\Users\lehie\AppData\Local\Temp\aiflow-security-modules-bnyayvbf\archives\golang.org_x_text@v0.41.0.zip//golang.org/x/text@v0.41.0/unicode/norm/normalize.go	ok
2026-09-27 14:59:36	C:\Users\lehie\AppData\Local\Temp\aiflow-security-modules-bnyayvbf\archives\golang.org_x_text@v0.41.0.zip//golang.org/x/text@v0.41.0/unicode/norm/normalize_test.go	ok
2026-09-27 14:59:36	C:\Users\lehie\AppData\Local\Temp\aiflow-security-modules-bnyayvbf\archives\golang.org_x_text@v0.41.0.zip//golang.org/x/text@v0.41.0/unicode/norm/readwriter.go	ok
2026-09-27 14:59:36	C:\Users\lehie\AppData\Local\Temp\aiflow-security-modules-bnyayvbf\archives\golang.org_x_text@v0.41.0.zip//golang.org/x/text@v0.41.0/unicode/norm/readwriter_test.go	ok
2026-09-27 14:59:36	C:\Users\lehie\AppData\Local\Temp\aiflow-security-modules-bnyayvbf\archives\golang.org_x_text@v0.41.0.zip//golang.org/x/text@v0.41.0/unicode/norm/tables15.0.0.go	ok
2026-09-27 14:59:36	C:\Users\lehie\AppData\Local\Temp\aiflow-security-modules-bnyayvbf\archives\golang.org_x_text@v0.41.0.zip//golang.org/x/text@v0.41.0/unicode/norm/tables17.0.0.go	ok
2026-09-27 14:59:36	C:\Users\lehie\AppData\Local\Temp\aiflow-security-modules-bnyayvbf\archives\golang.org_x_text@v0.41.0.zip//golang.org/x/text@v0.41.0/unicode/norm/transform.go	ok
2026-09-27 14:59:36	C:\Users\lehie\AppData\Local\Temp\aiflow-security-modules-bnyayvbf\archives\golang.org_x_text@v0.41.0.zip//golang.org/x/text@v0.41.0/unicode/norm/transform_test.go	ok
2026-09-27 14:59:36	C:\Users\lehie\AppData\Local\Temp\aiflow-security-modules-bnyayvbf\archives\golang.org_x_text@v0.41.0.zip//golang.org/x/text@v0.41.0/unicode/norm/trie.go	ok
2026-09-27 14:59:36	C:\Users\lehie\AppData\Local\Temp\aiflow-security-modules-bnyayvbf\archives\golang.org_x_text@v0.41.0.zip//golang.org/x/text@v0.41.0/unicode/norm/triegen.go	ok
2026-09-27 14:59:36	C:\Users\lehie\AppData\Local\Temp\aiflow-security-modules-bnyayvbf\archives\golang.org_x_text@v0.41.0.zip//golang.org/x/text@v0.41.0/unicode/norm/ucd_test.go	ok
2026-09-27 14:59:36	C:\Users\lehie\AppData\Local\Temp\aiflow-security-modules-bnyayvbf\archives\golang.org_x_text@v0.41.0.zip//golang.org/x/text@v0.41.0/unicode/rangetable/gen.go	ok
2026-09-27 14:59:36	C:\Users\lehie\AppData\Local\Temp\aiflow-security-modules-bnyayvbf\archives\golang.org_x_text@v0.41.0.zip//golang.org/x/text@v0.41.0/unicode/rangetable/merge.go	ok
2026-09-27 14:59:36	C:\Users\lehie\AppData\Local\Temp\aiflow-security-modules-bnyayvbf\archives\golang.org_x_text@v0.41.0.zip//golang.org/x/text@v0.41.0/unicode/rangetable/merge_test.go	ok
2026-09-27 14:59:36	C:\Users\lehie\AppData\Local\Temp\aiflow-security-modules-bnyayvbf\archives\golang.org_x_text@v0.41.0.zip//golang.org/x/text@v0.41.0/unicode/rangetable/rangetable.go	ok
2026-09-27 14:59:36	C:\Users\lehie\AppData\Local\Temp\aiflow-security-modules-bnyayvbf\archives\golang.org_x_text@v0.41.0.zip//golang.org/x/text@v0.41.0/unicode/rangetable/rangetable_test.go	ok
2026-09-27 14:59:37	C:\Users\lehie\AppData\Local\Temp\aiflow-security-modules-bnyayvbf\archives\golang.org_x_text@v0.41.0.zip//golang.org/x/text@v0.41.0/unicode/rangetable/tables15.0.0.go	ok
2026-09-27 14:59:37	C:\Users\lehie\AppData\Local\Temp\aiflow-security-modules-bnyayvbf\archives\golang.org_x_text@v0.41.0.zip//golang.org/x/text@v0.41.0/unicode/rangetable/tables17.0.0.go	ok
2026-09-27 14:59:37	C:\Users\lehie\AppData\Local\Temp\aiflow-security-modules-bnyayvbf\archives\golang.org_x_text@v0.41.0.zip//golang.org/x/text@v0.41.0/unicode/runenames/example_test.go	ok
2026-09-27 14:59:37	C:\Users\lehie\AppData\Local\Temp\aiflow-security-modules-bnyayvbf\archives\golang.org_x_text@v0.41.0.zip//golang.org/x/text@v0.41.0/unicode/runenames/gen.go	ok
2026-09-27 14:59:37	C:\Users\lehie\AppData\Local\Temp\aiflow-security-modules-bnyayvbf\archives\golang.org_x_text@v0.41.0.zip//golang.org/x/text@v0.41.0/unicode/runenames/runenames.go	ok
2026-09-27 14:59:37	C:\Users\lehie\AppData\Local\Temp\aiflow-security-modules-bnyayvbf\archives\golang.org_x_text@v0.41.0.zip//golang.org/x/text@v0.41.0/unicode/runenames/runenames_test.go	ok
2026-09-27 14:59:37	C:\Users\lehie\AppData\Local\Temp\aiflow-security-modules-bnyayvbf\archives\golang.org_x_text@v0.41.0.zip//golang.org/x/text@v0.41.0/unicode/runenames/tables15.0.0.go	ok
2026-09-27 14:59:37	C:\Users\lehie\AppData\Local\Temp\aiflow-security-modules-bnyayvbf\archives\golang.org_x_text@v0.41.0.zip//golang.org/x/text@v0.41.0/unicode/runenames/tables17.0.0.go	ok
2026-09-27 14:59:37	C:\Users\lehie\AppData\Local\Temp\aiflow-security-modules-bnyayvbf\archives\golang.org_x_text@v0.41.0.zip//golang.org/x/text@v0.41.0/width/common_test.go	ok
2026-09-27 14:59:37	C:\Users\lehie\AppData\Local\Temp\aiflow-security-modules-bnyayvbf\archives\golang.org_x_text@v0.41.0.zip//golang.org/x/text@v0.41.0/width/example_test.go	ok
2026-09-27 14:59:37	C:\Users\lehie\AppData\Local\Temp\aiflow-security-modules-bnyayvbf\archives\golang.org_x_text@v0.41.0.zip//golang.org/x/text@v0.41.0/width/gen.go	ok
2026-09-27 14:59:37	C:\Users\lehie\AppData\Local\Temp\aiflow-security-modules-bnyayvbf\archives\golang.org_x_text@v0.41.0.zip//golang.org/x/text@v0.41.0/width/gen_common.go	ok
2026-09-27 14:59:37	C:\Users\lehie\AppData\Local\Temp\aiflow-security-modules-bnyayvbf\archives\golang.org_x_text@v0.41.0.zip//golang.org/x/text@v0.41.0/width/gen_trieval.go	ok
2026-09-27 14:59:37	C:\Users\lehie\AppData\Local\Temp\aiflow-security-modules-bnyayvbf\archives\golang.org_x_text@v0.41.0.zip//golang.org/x/text@v0.41.0/width/kind_string.go	ok
2026-09-27 14:59:37	C:\Users\lehie\AppData\Local\Temp\aiflow-security-modules-bnyayvbf\archives\golang.org_x_text@v0.41.0.zip//golang.org/x/text@v0.41.0/width/runes_test.go	ok
2026-09-27 14:59:37	C:\Users\lehie\AppData\Local\Temp\aiflow-security-modules-bnyayvbf\archives\golang.org_x_text@v0.41.0.zip//golang.org/x/text@v0.41.0/width/tables15.0.0.go	ok
2026-09-27 14:59:37	C:\Users\lehie\AppData\Local\Temp\aiflow-security-modules-bnyayvbf\archives\golang.org_x_text@v0.41.0.zip//golang.org/x/text@v0.41.0/width/tables17.0.0.go	ok
2026-09-27 14:59:37	C:\Users\lehie\AppData\Local\Temp\aiflow-security-modules-bnyayvbf\archives\golang.org_x_text@v0.41.0.zip//golang.org/x/text@v0.41.0/width/tables_test.go	ok
2026-09-27 14:59:37	C:\Users\lehie\AppData\Local\Temp\aiflow-security-modules-bnyayvbf\archives\golang.org_x_text@v0.41.0.zip//golang.org/x/text@v0.41.0/width/transform.go	ok
2026-09-27 14:59:37	C:\Users\lehie\AppData\Local\Temp\aiflow-security-modules-bnyayvbf\archives\golang.org_x_text@v0.41.0.zip//golang.org/x/text@v0.41.0/width/transform_test.go	ok
2026-09-27 14:59:37	C:\Users\lehie\AppData\Local\Temp\aiflow-security-modules-bnyayvbf\archives\golang.org_x_text@v0.41.0.zip//golang.org/x/text@v0.41.0/width/trieval.go	ok
2026-09-27 14:59:37	C:\Users\lehie\AppData\Local\Temp\aiflow-security-modules-bnyayvbf\archives\golang.org_x_text@v0.41.0.zip//golang.org/x/text@v0.41.0/width/width.go	ok
2026-09-27 14:59:37	C:\Users\lehie\AppData\Local\Temp\aiflow-security-modules-bnyayvbf\archives\golang.org_x_text@v0.41.0.zip	ok
2026-09-27 14:59:38	Scan_Objects$5134                          completed             
;  --- Statistics ---
; Time Start:	2026-09-27 14:59:30
; Time Finish:	2026-09-27 14:59:38
; Processed objects:	4163
; Total OK:	4163
; Total detected:	0
; Suspicions:	0
; Total skipped:	0
; Password protected:	0
; Corrupted:	0
; Errors:	0
;  ------------------
