; --- Settings ---
; Action on detect:	Report only
; Scan objects:	All objects
; Use iChecker:	No
; Use iSwift:	No
; Try disinfect:	No
; Try delete:	No
; Try delete container:	No
; Scan archives:	No
; Exclude by mask:	No
; Include by mask:	No
; Objects to scan:	
; 	"D:\Project\AIFlow\exgenpicture\"	Enable = Yes	Recursive = Yes
; 	"D:\Project\AIFlow\ainovel-cli-main\"	Enable = Yes	Recursive = Yes
; 	"D:\Project\AIFlow\ainovel-cli-main_2\"	Enable = Yes	Recursive = Yes
; 	"C:\Users\lehie\AppData\Local\Temp\aiflow-security-modules-bnyayvbf\"	Enable = Yes	Recursive = Yes
; ------------------
2026-09-27 14:57:03	Scan_Objects$5132                          starting   1          
2026-09-27 14:57:03	D:\Project\AIFlow\exgenpicture\.gitignore	ok
2026-09-27 14:57:03	D:\Project\AIFlow\exgenpicture\autopaste.js	ok
2026-09-27 14:57:03	D:\Project\AIFlow\exgenpicture\config.example.js	ok
2026-09-27 14:57:03	D:\Project\AIFlow\exgenpicture\content.css	ok
2026-09-27 14:57:03	D:\Project\AIFlow\exgenpicture\background.js	ok
2026-09-27 14:57:03	D:\Project\AIFlow\exgenpicture\DESIGN.md	ok
2026-09-27 14:57:03	D:\Project\AIFlow\exgenpicture\gallery.html	ok
2026-09-27 14:57:03	D:\Project\AIFlow\exgenpicture\LICENSE	ok
2026-09-27 14:57:03	D:\Project\AIFlow\exgenpicture\content.js	ok
2026-09-27 14:57:03	D:\Project\AIFlow\exgenpicture\manifest.json	ok
2026-09-27 14:57:03	D:\Project\AIFlow\exgenpicture\gallery.js	ok
2026-09-27 14:57:03	D:\Project\AIFlow\exgenpicture\popup.css	ok
2026-09-27 14:57:03	D:\Project\AIFlow\exgenpicture\popup.html	ok
2026-09-27 14:57:03	D:\Project\AIFlow\exgenpicture\icons\icon128.png	ok
2026-09-27 14:57:03	D:\Project\AIFlow\exgenpicture\README.md	ok
2026-09-27 14:57:03	D:\Project\AIFlow\exgenpicture\icons\icon48.png	ok
2026-09-27 14:57:03	D:\Project\AIFlow\exgenpicture\icons\icon16.png	ok
2026-09-27 14:57:03	D:\Project\AIFlow\exgenpicture\popup.js	ok
2026-09-27 14:57:03	D:\Project\AIFlow\exgenpicture\utils\prompts.js	ok
2026-09-27 14:57:03	D:\Project\AIFlow\exgenpicture\utils\api.js	ok
2026-09-27 14:57:03	Scan_Objects$5132                          running    1          
2026-09-27 14:57:03	D:\Project\AIFlow\ainovel-cli-main\.gitattributes	ok
2026-09-27 14:57:03	D:\Project\AIFlow\ainovel-cli-main\.dockerignore	ok
2026-09-27 14:57:03	D:\Project\AIFlow\ainovel-cli-main\.gitignore	ok
2026-09-27 14:57:03	D:\Project\AIFlow\ainovel-cli-main\.goreleaser.yml	ok
2026-09-27 14:57:03	D:\Project\AIFlow\ainovel-cli-main\docker-compose.yml	ok
2026-09-27 14:57:03	D:\Project\AIFlow\ainovel-cli-main\config.example.jsonc	ok
2026-09-27 14:57:03	D:\Project\AIFlow\ainovel-cli-main\Dockerfile	ok
2026-09-27 14:57:03	D:\Project\AIFlow\ainovel-cli-main\go.mod	ok
2026-09-27 14:57:03	D:\Project\AIFlow\ainovel-cli-main\go.sum	ok
2026-09-27 14:57:03	D:\Project\AIFlow\ainovel-cli-main\LICENSE	ok
2026-09-27 14:57:03	D:\Project\AIFlow\ainovel-cli-main\.github\scripts\gen-changelog.sh	ok
2026-09-27 14:57:03	D:\Project\AIFlow\ainovel-cli-main\README.md	ok
2026-09-27 14:57:03	D:\Project\AIFlow\ainovel-cli-main\.github\workflows\ci.yml	ok
2026-09-27 14:57:03	D:\Project\AIFlow\ainovel-cli-main\.github\workflows\docker.yml	ok
2026-09-27 14:57:03	D:\Project\AIFlow\ainovel-cli-main\.github\workflows\release.yml	ok
2026-09-27 14:57:03	D:\Project\AIFlow\ainovel-cli-main\assets\load.go	ok
2026-09-27 14:57:03	D:\Project\AIFlow\ainovel-cli-main\assets\load_test.go	ok
2026-09-27 14:57:03	D:\Project\AIFlow\ainovel-cli-main\assets\README.md	ok
2026-09-27 14:57:03	D:\Project\AIFlow\ainovel-cli-main\assets\voice.md	ok
2026-09-27 14:57:03	D:\Project\AIFlow\ainovel-cli-main\assets\prompts\arbiter-failure.md	ok
2026-09-27 14:57:03	D:\Project\AIFlow\ainovel-cli-main\assets\prompts\arbiter-intervention.md	ok
2026-09-27 14:57:03	D:\Project\AIFlow\ainovel-cli-main\assets\prompts\arbiter-plan-start.md	ok
2026-09-27 14:57:03	D:\Project\AIFlow\ainovel-cli-main\assets\prompts\architect-long.md	ok
2026-09-27 14:57:03	D:\Project\AIFlow\ainovel-cli-main\assets\prompts\architect-short.md	ok
2026-09-27 14:57:03	D:\Project\AIFlow\ainovel-cli-main\assets\prompts\editor.md	ok
2026-09-27 14:57:03	D:\Project\AIFlow\ainovel-cli-main\assets\prompts\import-analyze.md	ok
2026-09-27 14:57:03	D:\Project\AIFlow\ainovel-cli-main\assets\prompts\import-range.md	ok
2026-09-27 14:57:03	D:\Project\AIFlow\ainovel-cli-main\assets\prompts\import-segment.md	ok
2026-09-27 14:57:03	D:\Project\AIFlow\ainovel-cli-main\assets\prompts\import-synthesize.md	ok
2026-09-27 14:57:03	D:\Project\AIFlow\ainovel-cli-main\assets\prompts\revision-analyze.md	ok
2026-09-27 14:57:03	D:\Project\AIFlow\ainovel-cli-main\assets\prompts\simulation-merge.md	ok
2026-09-27 14:57:03	D:\Project\AIFlow\ainovel-cli-main\assets\prompts\writer.md	ok
2026-09-27 14:57:03	D:\Project\AIFlow\ainovel-cli-main\assets\prompts\simulation-source.md	ok
2026-09-27 14:57:03	D:\Project\AIFlow\ainovel-cli-main\assets\references\anti-ai-tone.md	ok
2026-09-27 14:57:03	D:\Project\AIFlow\ainovel-cli-main\assets\references\chapter-template.md	ok
2026-09-27 14:57:03	D:\Project\AIFlow\ainovel-cli-main\assets\references\chapter-guide.md	ok
2026-09-27 14:57:03	D:\Project\AIFlow\ainovel-cli-main\assets\references\character-building.md	ok
2026-09-27 14:57:03	D:\Project\AIFlow\ainovel-cli-main\assets\references\character-template.md	ok
2026-09-27 14:57:03	D:\Project\AIFlow\ainovel-cli-main\assets\references\consistency.md	ok
2026-09-27 14:57:03	D:\Project\AIFlow\ainovel-cli-main\assets\references\content-expansion.md	ok
2026-09-27 14:57:03	D:\Project\AIFlow\ainovel-cli-main\assets\references\dialogue-writing.md	ok
2026-09-27 14:57:03	D:\Project\AIFlow\ainovel-cli-main\assets\references\differentiation.md	ok
2026-09-27 14:57:03	D:\Project\AIFlow\ainovel-cli-main\assets\references\hook-techniques.md	ok
2026-09-27 14:57:03	D:\Project\AIFlow\ainovel-cli-main\assets\references\longform-planning.md	ok
2026-09-27 14:57:03	D:\Project\AIFlow\ainovel-cli-main\assets\references\outline-template.md	ok
2026-09-27 14:57:03	D:\Project\AIFlow\ainovel-cli-main\assets\references\plot-structures.md	ok
2026-09-27 14:57:03	D:\Project\AIFlow\ainovel-cli-main\assets\references\quality-checklist.md	ok
2026-09-27 14:57:03	D:\Project\AIFlow\ainovel-cli-main\assets\references\genres\fantasy\arc-templates.md	ok
2026-09-27 14:57:03	D:\Project\AIFlow\ainovel-cli-main\assets\references\genres\fantasy\style-references.md	ok
2026-09-27 14:57:03	D:\Project\AIFlow\ainovel-cli-main\assets\references\genres\romance\arc-templates.md	ok
2026-09-27 14:57:03	D:\Project\AIFlow\ainovel-cli-main\assets\references\genres\romance\style-references.md	ok
2026-09-27 14:57:03	D:\Project\AIFlow\ainovel-cli-main\assets\references\genres\suspense\arc-templates.md	ok
2026-09-27 14:57:03	D:\Project\AIFlow\ainovel-cli-main\assets\styles\default.md	ok
2026-09-27 14:57:03	D:\Project\AIFlow\ainovel-cli-main\assets\references\genres\suspense\style-references.md	ok
2026-09-27 14:57:03	D:\Project\AIFlow\ainovel-cli-main\assets\styles\fantasy.md	ok
2026-09-27 14:57:03	D:\Project\AIFlow\ainovel-cli-main\assets\styles\suspense.md	ok
2026-09-27 14:57:03	D:\Project\AIFlow\ainovel-cli-main\assets\styles\romance.md	ok
2026-09-27 14:57:03	D:\Project\AIFlow\ainovel-cli-main\assets\testdata\writer-golden.md	ok
2026-09-27 14:57:03	D:\Project\AIFlow\ainovel-cli-main\cmd\ainovel-cli\main.go	ok
2026-09-27 14:57:03	D:\Project\AIFlow\ainovel-cli-main\docs\architecture.md	ok
2026-09-27 14:57:03	D:\Project\AIFlow\ainovel-cli-main\docs\chapter-advance-gate.md	ok
2026-09-27 14:57:03	D:\Project\AIFlow\ainovel-cli-main\docs\context-management.md	ok
2026-09-27 14:57:03	D:\Project\AIFlow\ainovel-cli-main\docs\engine-arbiter.md	ok
2026-09-27 14:57:03	D:\Project\AIFlow\ainovel-cli-main\docs\engine-rfc.md	ok
2026-09-27 14:57:03	D:\Project\AIFlow\ainovel-cli-main\docs\evaluation-system.md	ok
2026-09-27 14:57:03	D:\Project\AIFlow\ainovel-cli-main\docs\import-pipeline.md	ok
2026-09-27 14:57:03	D:\Project\AIFlow\ainovel-cli-main\docs\observability.md	ok
2026-09-27 14:57:03	D:\Project\AIFlow\ainovel-cli-main\docs\prompt-cache-design.md	ok
2026-09-27 14:57:03	D:\Project\AIFlow\ainovel-cli-main\docs\refactor-flow-driven.md	ok
2026-09-27 14:57:03	D:\Project\AIFlow\ainovel-cli-main\docs\user-rules-runtime.md	ok
2026-09-27 14:57:03	D:\Project\AIFlow\ainovel-cli-main\docs\voice-layer.md	ok
2026-09-27 14:57:03	D:\Project\AIFlow\ainovel-cli-main\evals\cases\smoke\architect_long.json	ok
2026-09-27 14:57:03	D:\Project\AIFlow\ainovel-cli-main\evals\cases\smoke\architect_short.json	ok
2026-09-27 14:57:03	D:\Project\AIFlow\ainovel-cli-main\evals\cases\smoke\writer_first_chapter.json	ok
2026-09-27 14:57:03	D:\Project\AIFlow\ainovel-cli-main\internal\agents\architect_context.go	ok
2026-09-27 14:57:03	D:\Project\AIFlow\ainovel-cli-main\internal\agents\agentcore_contract_test.go	ok
2026-09-27 14:57:03	D:\Project\AIFlow\ainovel-cli-main\internal\agents\context_manager.go	ok
2026-09-27 14:57:03	D:\Project\AIFlow\ainovel-cli-main\internal\agents\build.go	ok
2026-09-27 14:57:03	D:\Project\AIFlow\ainovel-cli-main\internal\agents\context_manager_test.go	ok
2026-09-27 14:57:03	D:\Project\AIFlow\ainovel-cli-main\internal\agents\editor_context.go	ok
2026-09-27 14:57:03	D:\Project\AIFlow\ainovel-cli-main\internal\agents\editor_stop_flow_test.go	ok
2026-09-27 14:57:03	D:\Project\AIFlow\ainovel-cli-main\internal\agents\ctxpack\builder.go	ok
2026-09-27 14:57:03	D:\Project\AIFlow\ainovel-cli-main\internal\agents\ctxpack\restore.go	ok
2026-09-27 14:57:03	D:\Project\AIFlow\ainovel-cli-main\internal\agents\ctxpack\strategy_test.go	ok
2026-09-27 14:57:03	D:\Project\AIFlow\ainovel-cli-main\internal\agents\ctxpack\strategy.go	ok
2026-09-27 14:57:03	D:\Project\AIFlow\ainovel-cli-main\internal\agents\guard\subagent_guards.go	ok
2026-09-27 14:57:03	D:\Project\AIFlow\ainovel-cli-main\internal\arbiter\arbiter.go	ok
2026-09-27 14:57:03	D:\Project\AIFlow\ainovel-cli-main\internal\agents\guard\guard_test.go	ok
2026-09-27 14:57:03	D:\Project\AIFlow\ainovel-cli-main\internal\arbiter\failure.go	ok
2026-09-27 14:57:03	D:\Project\AIFlow\ainovel-cli-main\internal\arbiter\intervention.go	ok
2026-09-27 14:57:03	D:\Project\AIFlow\ainovel-cli-main\internal\arbiter\arbiter_test.go	ok
2026-09-27 14:57:03	D:\Project\AIFlow\ainovel-cli-main\internal\arbiter\plan_start.go	ok
2026-09-27 14:57:03	D:\Project\AIFlow\ainovel-cli-main\internal\bootstrap\config.example.jsonc	ok
2026-09-27 14:57:03	D:\Project\AIFlow\ainovel-cli-main\internal\bootstrap\config.go	ok
2026-09-27 14:57:03	D:\Project\AIFlow\ainovel-cli-main\internal\bootstrap\configfile.go	ok
2026-09-27 14:57:03	D:\Project\AIFlow\ainovel-cli-main\internal\bootstrap\configfile_test.go	ok
2026-09-27 14:57:03	D:\Project\AIFlow\ainovel-cli-main\internal\bootstrap\config_test.go	ok
2026-09-27 14:57:03	D:\Project\AIFlow\ainovel-cli-main\internal\bootstrap\models.go	ok
2026-09-27 14:57:03	D:\Project\AIFlow\ainovel-cli-main\internal\bootstrap\models_toolid_test.go	ok
2026-09-27 14:57:03	D:\Project\AIFlow\ainovel-cli-main\internal\bootstrap\model_config_test.go	ok
2026-09-27 14:57:03	D:\Project\AIFlow\ainovel-cli-main\internal\diag\diag.go	ok
2026-09-27 14:57:03	D:\Project\AIFlow\ainovel-cli-main\internal\chapterfacts\facts.go	ok
2026-09-27 14:57:03	D:\Project\AIFlow\ainovel-cli-main\internal\bootstrap\setup.go	ok
2026-09-27 14:57:03	D:\Project\AIFlow\ainovel-cli-main\internal\diag\planner.go	ok
2026-09-27 14:57:03	D:\Project\AIFlow\ainovel-cli-main\internal\diag\export.go	ok
2026-09-27 14:57:03	D:\Project\AIFlow\ainovel-cli-main\internal\diag\export_test.go	ok
2026-09-27 14:57:03	D:\Project\AIFlow\ainovel-cli-main\internal\diag\planner_test.go	ok
2026-09-27 14:57:03	D:\Project\AIFlow\ainovel-cli-main\internal\diag\rules_context.go	ok
2026-09-27 14:57:03	D:\Project\AIFlow\ainovel-cli-main\internal\diag\redact.go	ok
2026-09-27 14:57:03	D:\Project\AIFlow\ainovel-cli-main\internal\diag\rules_flow.go	ok
2026-09-27 14:57:03	D:\Project\AIFlow\ainovel-cli-main\internal\diag\rules_planning.go	ok
2026-09-27 14:57:03	D:\Project\AIFlow\ainovel-cli-main\internal\diag\rules_quality.go	ok
2026-09-27 14:57:03	D:\Project\AIFlow\ainovel-cli-main\internal\diag\rules_quality_test.go	ok
2026-09-27 14:57:03	D:\Project\AIFlow\ainovel-cli-main\internal\diag\runtime_rules.go	ok
2026-09-27 14:57:03	D:\Project\AIFlow\ainovel-cli-main\internal\diag\runtime.go	ok
2026-09-27 14:57:03	D:\Project\AIFlow\ainovel-cli-main\internal\diag\runtime_rules_test.go	ok
2026-09-27 14:57:03	D:\Project\AIFlow\ainovel-cli-main\internal\diag\snapshot.go	ok
2026-09-27 14:57:03	D:\Project\AIFlow\ainovel-cli-main\internal\diag\types.go	ok
2026-09-27 14:57:03	D:\Project\AIFlow\ainovel-cli-main\internal\domain\cast.go	ok
2026-09-27 14:57:03	D:\Project\AIFlow\ainovel-cli-main\internal\domain\chapter.go	ok
2026-09-27 14:57:03	D:\Project\AIFlow\ainovel-cli-main\internal\domain\checkpoint.go	ok
2026-09-27 14:57:03	D:\Project\AIFlow\ainovel-cli-main\internal\domain\commit.go	ok
2026-09-27 14:57:03	D:\Project\AIFlow\ainovel-cli-main\internal\domain\foundation.go	ok
2026-09-27 14:57:03	D:\Project\AIFlow\ainovel-cli-main\internal\domain\review.go	ok
2026-09-27 14:57:03	D:\Project\AIFlow\ainovel-cli-main\internal\domain\revision.go	ok
2026-09-27 14:57:03	D:\Project\AIFlow\ainovel-cli-main\internal\domain\review_test.go	ok
2026-09-27 14:57:03	D:\Project\AIFlow\ainovel-cli-main\internal\domain\revision_test.go	ok
2026-09-27 14:57:03	D:\Project\AIFlow\ainovel-cli-main\internal\domain\runtime_events.go	ok
2026-09-27 14:57:03	D:\Project\AIFlow\ainovel-cli-main\internal\domain\runtime.go	ok
2026-09-27 14:57:03	D:\Project\AIFlow\ainovel-cli-main\internal\domain\simulation.go	ok
2026-09-27 14:57:03	D:\Project\AIFlow\ainovel-cli-main\internal\domain\simulation_test.go	ok
2026-09-27 14:57:03	D:\Project\AIFlow\ainovel-cli-main\internal\domain\story.go	ok
2026-09-27 14:57:03	D:\Project\AIFlow\ainovel-cli-main\internal\domain\taxonomy.go	ok
2026-09-27 14:57:03	D:\Project\AIFlow\ainovel-cli-main\internal\domain\transitions.go	ok
2026-09-27 14:57:03	D:\Project\AIFlow\ainovel-cli-main\internal\domain\tracking.go	ok
2026-09-27 14:57:03	D:\Project\AIFlow\ainovel-cli-main\internal\domain\transitions_test.go	ok
2026-09-27 14:57:03	D:\Project\AIFlow\ainovel-cli-main\internal\domain\usage.go	ok
2026-09-27 14:57:03	D:\Project\AIFlow\ainovel-cli-main\internal\domain\writing.go	ok
2026-09-27 14:57:03	D:\Project\AIFlow\ainovel-cli-main\internal\entry\startup\cocreate.go	ok
2026-09-27 14:57:03	D:\Project\AIFlow\ainovel-cli-main\internal\entry\startup\quick.go	ok
2026-09-27 14:57:03	D:\Project\AIFlow\ainovel-cli-main\internal\entry\headless\run.go	ok
2026-09-27 14:57:03	D:\Project\AIFlow\ainovel-cli-main\internal\entry\tui\bootstrap_test.go	ok
2026-09-27 14:57:03	D:\Project\AIFlow\ainovel-cli-main\internal\entry\tui\app.go	ok
2026-09-27 14:57:03	D:\Project\AIFlow\ainovel-cli-main\internal\entry\tui\cocreate.go	ok
2026-09-27 14:57:03	D:\Project\AIFlow\ainovel-cli-main\internal\entry\tui\commands_advance_test.go	ok
2026-09-27 14:57:03	D:\Project\AIFlow\ainovel-cli-main\internal\entry\tui\commands.go	ok
2026-09-27 14:57:03	D:\Project\AIFlow\ainovel-cli-main\internal\entry\tui\commands_revision_test.go	ok
2026-09-27 14:57:03	D:\Project\AIFlow\ainovel-cli-main\internal\entry\tui\commands_simulation_test.go	ok
2026-09-27 14:57:03	D:\Project\AIFlow\ainovel-cli-main\internal\entry\tui\command_config_test.go	ok
2026-09-27 14:57:03	D:\Project\AIFlow\ainovel-cli-main\internal\entry\tui\command_help.go	ok
2026-09-27 14:57:03	D:\Project\AIFlow\ainovel-cli-main\internal\entry\tui\command_config.go	ok
2026-09-27 14:57:03	D:\Project\AIFlow\ainovel-cli-main\internal\entry\tui\command_input_style_test.go	ok
2026-09-27 14:57:03	D:\Project\AIFlow\ainovel-cli-main\internal\entry\tui\command_model.go	ok
2026-09-27 14:57:03	D:\Project\AIFlow\ainovel-cli-main\internal\entry\tui\command_model_test.go	ok
2026-09-27 14:57:03	D:\Project\AIFlow\ainovel-cli-main\internal\entry\tui\command_palette.go	ok
2026-09-27 14:57:03	D:\Project\AIFlow\ainovel-cli-main\internal\entry\tui\command_registry.go	ok
2026-09-27 14:57:03	D:\Project\AIFlow\ainovel-cli-main\internal\entry\tui\events.go	ok
2026-09-27 14:57:03	D:\Project\AIFlow\ainovel-cli-main\internal\entry\tui\export.go	ok
2026-09-27 14:57:03	D:\Project\AIFlow\ainovel-cli-main\internal\entry\tui\import_test.go	ok
2026-09-27 14:57:03	D:\Project\AIFlow\ainovel-cli-main\internal\entry\tui\import.go	ok
2026-09-27 14:57:03	D:\Project\AIFlow\ainovel-cli-main\internal\entry\tui\input.go	ok
2026-09-27 14:57:03	D:\Project\AIFlow\ainovel-cli-main\internal\entry\tui\layout.go	ok
2026-09-27 14:57:03	D:\Project\AIFlow\ainovel-cli-main\internal\entry\tui\modal_frame.go	ok
2026-09-27 14:57:03	D:\Project\AIFlow\ainovel-cli-main\internal\entry\tui\panels.go	ok
2026-09-27 14:57:03	D:\Project\AIFlow\ainovel-cli-main\internal\entry\tui\model.go	ok
2026-09-27 14:57:03	D:\Project\AIFlow\ainovel-cli-main\internal\entry\tui\model_update.go	ok
2026-09-27 14:57:03	D:\Project\AIFlow\ainovel-cli-main\internal\entry\tui\panels_outline.go	ok
2026-09-27 14:57:03	D:\Project\AIFlow\ainovel-cli-main\internal\entry\tui\panels_activity.go	ok
2026-09-27 14:57:03	D:\Project\AIFlow\ainovel-cli-main\internal\entry\tui\panels_sidebar.go	ok
2026-09-27 14:57:03	D:\Project\AIFlow\ainovel-cli-main\internal\entry\tui\panels_test.go	ok
2026-09-27 14:57:03	D:\Project\AIFlow\ainovel-cli-main\internal\entry\tui\revision.go	ok
2026-09-27 14:57:03	D:\Project\AIFlow\ainovel-cli-main\internal\entry\tui\report.go	ok
2026-09-27 14:57:03	D:\Project\AIFlow\ainovel-cli-main\internal\entry\tui\simulation.go	ok
2026-09-27 14:57:03	D:\Project\AIFlow\ainovel-cli-main\internal\entry\tui\statusbar.go	ok
2026-09-27 14:57:03	D:\Project\AIFlow\ainovel-cli-main\internal\entry\tui\startup_test.go	ok
2026-09-27 14:57:03	D:\Project\AIFlow\ainovel-cli-main\internal\entry\tui\theme.go	ok
2026-09-27 14:57:03	D:\Project\AIFlow\ainovel-cli-main\internal\errs\errs.go	ok
2026-09-27 14:57:03	D:\Project\AIFlow\ainovel-cli-main\internal\entry\tui\update_check_test.go	ok
2026-09-27 14:57:03	D:\Project\AIFlow\ainovel-cli-main\internal\eval\case_test.go	ok
2026-09-27 14:57:03	D:\Project\AIFlow\ainovel-cli-main\internal\eval\case.go	ok
2026-09-27 14:57:03	D:\Project\AIFlow\ainovel-cli-main\internal\eval\collect.go	ok
2026-09-27 14:57:03	D:\Project\AIFlow\ainovel-cli-main\internal\eval\collect_test.go	ok
2026-09-27 14:57:03	D:\Project\AIFlow\ainovel-cli-main\internal\eval\eval_test.go	ok
2026-09-27 14:57:03	D:\Project\AIFlow\ainovel-cli-main\internal\eval\eval.go	ok
2026-09-27 14:57:03	D:\Project\AIFlow\ainovel-cli-main\internal\eval\report.go	ok
2026-09-27 14:57:03	D:\Project\AIFlow\ainovel-cli-main\internal\eval\grade_test.go	ok
2026-09-27 14:57:03	D:\Project\AIFlow\ainovel-cli-main\internal\eval\grade.go	ok
2026-09-27 14:57:03	D:\Project\AIFlow\ainovel-cli-main\internal\eval\report_test.go	ok
2026-09-27 14:57:03	D:\Project\AIFlow\ainovel-cli-main\internal\eval\runner.go	ok
2026-09-27 14:57:03	D:\Project\AIFlow\ainovel-cli-main\internal\eval\runner_test.go	ok
2026-09-27 14:57:03	D:\Project\AIFlow\ainovel-cli-main\internal\flow\advance.go	ok
2026-09-27 14:57:03	D:\Project\AIFlow\ainovel-cli-main\internal\flow\advance_test.go	ok
2026-09-27 14:57:03	D:\Project\AIFlow\ainovel-cli-main\internal\flow\router.go	ok
2026-09-27 14:57:03	D:\Project\AIFlow\ainovel-cli-main\internal\flow\state.go	ok
2026-09-27 14:57:03	D:\Project\AIFlow\ainovel-cli-main\internal\flow\router_exhaustive_test.go	ok
2026-09-27 14:57:03	D:\Project\AIFlow\ainovel-cli-main\internal\flow\router_test.go	ok
2026-09-27 14:57:03	D:\Project\AIFlow\ainovel-cli-main\internal\host\advance_gate.go	ok
2026-09-27 14:57:03	D:\Project\AIFlow\ainovel-cli-main\internal\host\arbiter_model.go	ok
2026-09-27 14:57:03	D:\Project\AIFlow\ainovel-cli-main\internal\host\advance_gate_test.go	ok
2026-09-27 14:57:03	D:\Project\AIFlow\ainovel-cli-main\internal\host\arbiter_model_test.go	ok
2026-09-27 14:57:03	D:\Project\AIFlow\ainovel-cli-main\internal\host\book_lock.go	ok
2026-09-27 14:57:03	D:\Project\AIFlow\ainovel-cli-main\internal\host\book_lock_test.go	ok
2026-09-27 14:57:03	D:\Project\AIFlow\ainovel-cli-main\internal\host\budget.go	ok
2026-09-27 14:57:03	D:\Project\AIFlow\ainovel-cli-main\internal\host\budget_test.go	ok
2026-09-27 14:57:03	D:\Project\AIFlow\ainovel-cli-main\internal\host\cocreate.go	ok
2026-09-27 14:57:03	D:\Project\AIFlow\ainovel-cli-main\internal\host\cocreate_stage.go	ok
2026-09-27 14:57:03	D:\Project\AIFlow\ainovel-cli-main\internal\host\decision_observer.go	ok
2026-09-27 14:57:03	D:\Project\AIFlow\ainovel-cli-main\internal\host\cocreate_stage_test.go	ok
2026-09-27 14:57:03	D:\Project\AIFlow\ainovel-cli-main\internal\host\events.go	ok
2026-09-27 14:57:03	D:\Project\AIFlow\ainovel-cli-main\internal\host\engine.go	ok
2026-09-27 14:57:03	D:\Project\AIFlow\ainovel-cli-main\internal\host\engine_test.go	ok
2026-09-27 14:57:03	D:\Project\AIFlow\ainovel-cli-main\internal\host\event_log.go	ok
2026-09-27 14:57:03	D:\Project\AIFlow\ainovel-cli-main\internal\host\host_emit_test.go	ok
2026-09-27 14:57:03	D:\Project\AIFlow\ainovel-cli-main\internal\host\host_lifecycle_test.go	ok
2026-09-27 14:57:03	D:\Project\AIFlow\ainovel-cli-main\internal\host\host.go	ok
2026-09-27 14:57:03	D:\Project\AIFlow\ainovel-cli-main\internal\host\model_config.go	ok
2026-09-27 14:57:03	D:\Project\AIFlow\ainovel-cli-main\internal\host\model_config_test.go	ok
2026-09-27 14:57:03	D:\Project\AIFlow\ainovel-cli-main\internal\host\observer_model.go	ok
2026-09-27 14:57:03	D:\Project\AIFlow\ainovel-cli-main\internal\host\observer_events.go	ok
2026-09-27 14:57:03	D:\Project\AIFlow\ainovel-cli-main\internal\host\observer.go	ok
2026-09-27 14:57:03	D:\Project\AIFlow\ainovel-cli-main\internal\host\observer_stream.go	ok
2026-09-27 14:57:03	D:\Project\AIFlow\ainovel-cli-main\internal\host\observer_tools.go	ok
2026-09-27 14:57:03	D:\Project\AIFlow\ainovel-cli-main\internal\host\observer_test.go	ok
2026-09-27 14:57:03	D:\Project\AIFlow\ainovel-cli-main\internal\host\options.go	ok
2026-09-27 14:57:03	D:\Project\AIFlow\ainovel-cli-main\internal\host\reopen_test.go	ok
2026-09-27 14:57:03	D:\Project\AIFlow\ainovel-cli-main\internal\host\resume.go	ok
2026-09-27 14:57:03	D:\Project\AIFlow\ainovel-cli-main\internal\host\title_projection_test.go	ok
2026-09-27 14:57:03	D:\Project\AIFlow\ainovel-cli-main\internal\host\stream_extract.go	ok
2026-09-27 14:57:03	D:\Project\AIFlow\ainovel-cli-main\internal\host\stream_extract_test.go	ok
2026-09-27 14:57:03	D:\Project\AIFlow\ainovel-cli-main\internal\host\usage_replay.go	ok
2026-09-27 14:57:03	D:\Project\AIFlow\ainovel-cli-main\internal\host\usage.go	ok
2026-09-27 14:57:03	D:\Project\AIFlow\ainovel-cli-main\internal\host\usage_test.go	ok
2026-09-27 14:57:03	D:\Project\AIFlow\ainovel-cli-main\internal\host\exp\epub_test.go	ok
2026-09-27 14:57:03	D:\Project\AIFlow\ainovel-cli-main\internal\host\exp\epub.go	ok
2026-09-27 14:57:03	D:\Project\AIFlow\ainovel-cli-main\internal\host\exp\exporter.go	ok
2026-09-27 14:57:03	D:\Project\AIFlow\ainovel-cli-main\internal\host\exp\exporter_test.go	ok
2026-09-27 14:57:03	D:\Project\AIFlow\ainovel-cli-main\internal\host\exp\txt.go	ok
2026-09-27 14:57:03	D:\Project\AIFlow\ainovel-cli-main\internal\host\exp\txt_test.go	ok
2026-09-27 14:57:03	D:\Project\AIFlow\ainovel-cli-main\internal\host\exp\types.go	ok
2026-09-27 14:57:03	D:\Project\AIFlow\ainovel-cli-main\internal\host\imp\analyze_test.go	ok
2026-09-27 14:57:03	D:\Project\AIFlow\ainovel-cli-main\internal\host\imp\analyze.go	ok
2026-09-27 14:57:03	D:\Project\AIFlow\ainovel-cli-main\internal\host\imp\call.go	ok
2026-09-27 14:57:03	D:\Project\AIFlow\ainovel-cli-main\internal\host\imp\call_test.go	ok
2026-09-27 14:57:03	D:\Project\AIFlow\ainovel-cli-main\internal\host\imp\contracts.go	ok
2026-09-27 14:57:03	D:\Project\AIFlow\ainovel-cli-main\internal\host\imp\contracts_test.go	ok
2026-09-27 14:57:03	D:\Project\AIFlow\ainovel-cli-main\internal\host\imp\publish_test.go	ok
2026-09-27 14:57:03	D:\Project\AIFlow\ainovel-cli-main\internal\host\imp\publish.go	ok
2026-09-27 14:57:03	D:\Project\AIFlow\ainovel-cli-main\internal\host\imp\runner.go	ok
2026-09-27 14:57:03	D:\Project\AIFlow\ainovel-cli-main\internal\host\imp\runner_test.go	ok
2026-09-27 14:57:03	D:\Project\AIFlow\ainovel-cli-main\internal\host\imp\segment.go	ok
2026-09-27 14:57:03	D:\Project\AIFlow\ainovel-cli-main\internal\host\imp\source.go	ok
2026-09-27 14:57:03	D:\Project\AIFlow\ainovel-cli-main\internal\host\imp\source_test.go	ok
2026-09-27 14:57:03	D:\Project\AIFlow\ainovel-cli-main\internal\host\imp\segment_test.go	ok
2026-09-27 14:57:03	D:\Project\AIFlow\ainovel-cli-main\internal\host\imp\structured_fixtures_test.go	ok
2026-09-27 14:57:03	D:\Project\AIFlow\ainovel-cli-main\internal\host\imp\state.go	ok
2026-09-27 14:57:03	D:\Project\AIFlow\ainovel-cli-main\internal\host\imp\state_test.go	ok
2026-09-27 14:57:03	D:\Project\AIFlow\ainovel-cli-main\internal\host\imp\types.go	ok
2026-09-27 14:57:03	D:\Project\AIFlow\ainovel-cli-main\internal\host\imp\synthesize_test.go	ok
2026-09-27 14:57:03	D:\Project\AIFlow\ainovel-cli-main\internal\host\imp\synthesize.go	ok
2026-09-27 14:57:03	D:\Project\AIFlow\ainovel-cli-main\internal\host\imp\workspace_test.go	ok
2026-09-27 14:57:03	D:\Project\AIFlow\ainovel-cli-main\internal\host\imp\workspace.go	ok
2026-09-27 14:57:03	D:\Project\AIFlow\ainovel-cli-main\internal\host\sim\contracts.go	ok
2026-09-27 14:57:03	D:\Project\AIFlow\ainovel-cli-main\internal\host\sim\contracts_test.go	ok
2026-09-27 14:57:03	D:\Project\AIFlow\ainovel-cli-main\internal\host\sim\import_test.go	ok
2026-09-27 14:57:03	D:\Project\AIFlow\ainovel-cli-main\internal\host\sim\import.go	ok
2026-09-27 14:57:03	D:\Project\AIFlow\ainovel-cli-main\internal\host\sim\scanner.go	ok
2026-09-27 14:57:03	D:\Project\AIFlow\ainovel-cli-main\internal\host\sim\runner.go	ok
2026-09-27 14:57:03	D:\Project\AIFlow\ainovel-cli-main\internal\host\sim\runner_test.go	ok
2026-09-27 14:57:03	D:\Project\AIFlow\ainovel-cli-main\internal\host\sim\types.go	ok
2026-09-27 14:57:03	D:\Project\AIFlow\ainovel-cli-main\internal\llmcontract\contract.go	ok
2026-09-27 14:57:03	D:\Project\AIFlow\ainovel-cli-main\internal\llmcontract\contract_test.go	ok
2026-09-27 14:57:03	D:\Project\AIFlow\ainovel-cli-main\internal\llmcontract\execute.go	ok
2026-09-27 14:57:03	D:\Project\AIFlow\ainovel-cli-main\internal\llmcontract\validate.go	ok
2026-09-27 14:57:03	D:\Project\AIFlow\ainovel-cli-main\internal\llmretry\retry.go	ok
2026-09-27 14:57:03	D:\Project\AIFlow\ainovel-cli-main\internal\llmretry\retry_test.go	ok
2026-09-27 14:57:03	D:\Project\AIFlow\ainovel-cli-main\internal\logger\logger.go	ok
2026-09-27 14:57:03	D:\Project\AIFlow\ainovel-cli-main\internal\logger\logger_test.go	ok
2026-09-27 14:57:03	D:\Project\AIFlow\ainovel-cli-main\internal\models\gen_models.go	ok
2026-09-27 14:57:03	D:\Project\AIFlow\ainovel-cli-main\internal\models\model_lookup.go	ok
2026-09-27 14:57:03	D:\Project\AIFlow\ainovel-cli-main\internal\models\models_generated.go	ok
2026-09-27 14:57:03	D:\Project\AIFlow\ainovel-cli-main\internal\models\pricing.go	ok
2026-09-27 14:57:03	D:\Project\AIFlow\ainovel-cli-main\internal\models\registry.go	ok
2026-09-27 14:57:03	D:\Project\AIFlow\ainovel-cli-main\internal\notify\notify_test.go	ok
2026-09-27 14:57:03	D:\Project\AIFlow\ainovel-cli-main\internal\notify\notify.go	ok
2026-09-27 14:57:03	D:\Project\AIFlow\ainovel-cli-main\internal\revision\analyze.go	ok
2026-09-27 14:57:03	D:\Project\AIFlow\ainovel-cli-main\internal\revision\projector.go	ok
2026-09-27 14:57:03	D:\Project\AIFlow\ainovel-cli-main\internal\revision\revision_test.go	ok
2026-09-27 14:57:03	D:\Project\AIFlow\ainovel-cli-main\internal\revision\migration.go	ok
2026-09-27 14:57:03	D:\Project\AIFlow\ainovel-cli-main\internal\revision\scan.go	ok
2026-09-27 14:57:03	D:\Project\AIFlow\ainovel-cli-main\internal\rules\checker.go	ok
2026-09-27 14:57:03	D:\Project\AIFlow\ainovel-cli-main\internal\revision\service.go	ok
2026-09-27 14:57:03	D:\Project\AIFlow\ainovel-cli-main\internal\rules\lint.go	ok
2026-09-27 14:57:03	D:\Project\AIFlow\ainovel-cli-main\internal\rules\checker_test.go	ok
2026-09-27 14:57:03	D:\Project\AIFlow\ainovel-cli-main\internal\rules\lint_test.go	ok
2026-09-27 14:57:03	D:\Project\AIFlow\ainovel-cli-main\internal\rules\raw.go	ok
2026-09-27 14:57:03	D:\Project\AIFlow\ainovel-cli-main\internal\rules\loader_test.go	ok
2026-09-27 14:57:03	D:\Project\AIFlow\ainovel-cli-main\internal\rules\loader.go	ok
2026-09-27 14:57:03	D:\Project\AIFlow\ainovel-cli-main\internal\rules\raw_test.go	ok
2026-09-27 14:57:03	D:\Project\AIFlow\ainovel-cli-main\internal\rules\snapshot_test.go	ok
2026-09-27 14:57:03	D:\Project\AIFlow\ainovel-cli-main\internal\rules\snapshot.go	ok
2026-09-27 14:57:03	D:\Project\AIFlow\ainovel-cli-main\internal\rules\types.go	ok
2026-09-27 14:57:03	D:\Project\AIFlow\ainovel-cli-main\internal\store\book.go	ok
2026-09-27 14:57:03	D:\Project\AIFlow\ainovel-cli-main\internal\store\append_log.go	ok
2026-09-27 14:57:03	D:\Project\AIFlow\ainovel-cli-main\internal\store\cast.go	ok
2026-09-27 14:57:03	D:\Project\AIFlow\ainovel-cli-main\internal\store\book_test.go	ok
2026-09-27 14:57:03	D:\Project\AIFlow\ainovel-cli-main\internal\store\cast_test.go	ok
2026-09-27 14:57:03	D:\Project\AIFlow\ainovel-cli-main\internal\store\chapter_records.go	ok
2026-09-27 14:57:03	D:\Project\AIFlow\ainovel-cli-main\internal\store\characters.go	ok
2026-09-27 14:57:03	D:\Project\AIFlow\ainovel-cli-main\internal\store\checkpoints.go	ok
2026-09-27 14:57:03	D:\Project\AIFlow\ainovel-cli-main\internal\store\decisions.go	ok
2026-09-27 14:57:03	D:\Project\AIFlow\ainovel-cli-main\internal\store\decisions_test.go	ok
2026-09-27 14:57:03	D:\Project\AIFlow\ainovel-cli-main\internal\store\checkpoints_test.go	ok
2026-09-27 14:57:03	D:\Project\AIFlow\ainovel-cli-main\internal\store\doc.go	ok
2026-09-27 14:57:03	D:\Project\AIFlow\ainovel-cli-main\internal\store\io.go	ok
2026-09-27 14:57:03	D:\Project\AIFlow\ainovel-cli-main\internal\store\drafts.go	ok
2026-09-27 14:57:03	D:\Project\AIFlow\ainovel-cli-main\internal\store\progress.go	ok
2026-09-27 14:57:03	D:\Project\AIFlow\ainovel-cli-main\internal\store\outline_test.go	ok
2026-09-27 14:57:03	D:\Project\AIFlow\ainovel-cli-main\internal\store\outline.go	ok
2026-09-27 14:57:03	D:\Project\AIFlow\ainovel-cli-main\internal\store\revisions.go	ok
2026-09-27 14:57:03	D:\Project\AIFlow\ainovel-cli-main\internal\store\progress_test.go	ok
2026-09-27 14:57:03	D:\Project\AIFlow\ainovel-cli-main\internal\store\revisions_test.go	ok
2026-09-27 14:57:03	D:\Project\AIFlow\ainovel-cli-main\internal\store\runtime_test.go	ok
2026-09-27 14:57:03	D:\Project\AIFlow\ainovel-cli-main\internal\store\runtime.go	ok
2026-09-27 14:57:03	D:\Project\AIFlow\ainovel-cli-main\internal\store\run_meta.go	ok
2026-09-27 14:57:03	D:\Project\AIFlow\ainovel-cli-main\internal\store\session_test.go	ok
2026-09-27 14:57:03	D:\Project\AIFlow\ainovel-cli-main\internal\store\run_meta_test.go	ok
2026-09-27 14:57:03	D:\Project\AIFlow\ainovel-cli-main\internal\store\session.go	ok
2026-09-27 14:57:03	D:\Project\AIFlow\ainovel-cli-main\internal\store\signals.go	ok
2026-09-27 14:57:03	D:\Project\AIFlow\ainovel-cli-main\internal\store\signals_test.go	ok
2026-09-27 14:57:03	D:\Project\AIFlow\ainovel-cli-main\internal\store\simulation.go	ok
2026-09-27 14:57:03	D:\Project\AIFlow\ainovel-cli-main\internal\store\store.go	ok
2026-09-27 14:57:03	D:\Project\AIFlow\ainovel-cli-main\internal\store\summaries.go	ok
2026-09-27 14:57:03	D:\Project\AIFlow\ainovel-cli-main\internal\store\store_test.go	ok
2026-09-27 14:57:03	D:\Project\AIFlow\ainovel-cli-main\internal\store\usage.go	ok
2026-09-27 14:57:03	D:\Project\AIFlow\ainovel-cli-main\internal\store\user_rules.go	ok
2026-09-27 14:57:03	D:\Project\AIFlow\ainovel-cli-main\internal\store\usage_test.go	ok
2026-09-27 14:57:03	D:\Project\AIFlow\ainovel-cli-main\internal\stylestat\stylestat.go	ok
2026-09-27 14:57:03	D:\Project\AIFlow\ainovel-cli-main\internal\store\world.go	ok
2026-09-27 14:57:03	D:\Project\AIFlow\ainovel-cli-main\internal\store\world_test.go	ok
2026-09-27 14:57:03	D:\Project\AIFlow\ainovel-cli-main\internal\stylestat\tracker_test.go	ok
2026-09-27 14:57:03	D:\Project\AIFlow\ainovel-cli-main\internal\stylestat\stylestat_test.go	ok
2026-09-27 14:57:03	D:\Project\AIFlow\ainovel-cli-main\internal\stylestat\tracker.go	ok
2026-09-27 14:57:03	D:\Project\AIFlow\ainovel-cli-main\internal\tools\aggregate_guard.go	ok
2026-09-27 14:57:03	D:\Project\AIFlow\ainovel-cli-main\internal\tools\audit_foundation_test.go	ok
2026-09-27 14:57:03	D:\Project\AIFlow\ainovel-cli-main\internal\tools\audit_foundation.go	ok
2026-09-27 14:57:03	D:\Project\AIFlow\ainovel-cli-main\internal\tools\chapter_guard.go	ok
2026-09-27 14:57:03	D:\Project\AIFlow\ainovel-cli-main\internal\tools\check_consistency.go	ok
2026-09-27 14:57:03	D:\Project\AIFlow\ainovel-cli-main\internal\tools\check_consistency_test.go	ok
2026-09-27 14:57:03	D:\Project\AIFlow\ainovel-cli-main\internal\tools\commit_validation.go	ok
2026-09-27 14:57:03	D:\Project\AIFlow\ainovel-cli-main\internal\tools\commit_chapter.go	ok
2026-09-27 14:57:03	D:\Project\AIFlow\ainovel-cli-main\internal\tools\commit_chapter_test.go	ok
2026-09-27 14:57:03	D:\Project\AIFlow\ainovel-cli-main\internal\tools\draft_chapter.go	ok
2026-09-27 14:57:03	D:\Project\AIFlow\ainovel-cli-main\internal\tools\edit_chapter.go	ok
2026-09-27 14:57:03	D:\Project\AIFlow\ainovel-cli-main\internal\tools\draft_chapter_test.go	ok
2026-09-27 14:57:03	D:\Project\AIFlow\ainovel-cli-main\internal\tools\edit_chapter_test.go	ok
2026-09-27 14:57:03	D:\Project\AIFlow\ainovel-cli-main\internal\tools\expand_next_arc.go	ok
2026-09-27 14:57:03	D:\Project\AIFlow\ainovel-cli-main\internal\tools\novel_context.go	ok
2026-09-27 14:57:03	D:\Project\AIFlow\ainovel-cli-main\internal\tools\novel_context_simulation_test.go	ok
2026-09-27 14:57:03	D:\Project\AIFlow\ainovel-cli-main\internal\tools\novel_context_builders.go	ok
2026-09-27 14:57:03	D:\Project\AIFlow\ainovel-cli-main\internal\tools\plan_chapter_test.go	ok
2026-09-27 14:57:03	D:\Project\AIFlow\ainovel-cli-main\internal\tools\plan_chapter.go	ok
2026-09-27 14:57:03	D:\Project\AIFlow\ainovel-cli-main\internal\tools\novel_context_test.go	ok
2026-09-27 14:57:03	D:\Project\AIFlow\ainovel-cli-main\internal\tools\premise_structure.go	ok
2026-09-27 14:57:03	D:\Project\AIFlow\ainovel-cli-main\internal\tools\premise_structure_test.go	ok
2026-09-27 14:57:03	D:\Project\AIFlow\ainovel-cli-main\internal\tools\reopen_book.go	ok
2026-09-27 14:57:03	D:\Project\AIFlow\ainovel-cli-main\internal\tools\read_chapter.go	ok
2026-09-27 14:57:03	D:\Project\AIFlow\ainovel-cli-main\internal\tools\read_draft_test.go	ok
2026-09-27 14:57:03	D:\Project\AIFlow\ainovel-cli-main\internal\tools\reopen_book_test.go	ok
2026-09-27 14:57:03	D:\Project\AIFlow\ainovel-cli-main\internal\tools\resolve_outline_feedback.go	ok
2026-09-27 14:57:03	D:\Project\AIFlow\ainovel-cli-main\internal\tools\resolve_outline_feedback_test.go	ok
2026-09-27 14:57:03	D:\Project\AIFlow\ainovel-cli-main\internal\tools\revise_outline.go	ok
2026-09-27 14:57:03	D:\Project\AIFlow\ainovel-cli-main\internal\tools\revise_outline_test.go	ok
2026-09-27 14:57:03	D:\Project\AIFlow\ainovel-cli-main\internal\tools\save_arc_summary.go	ok
2026-09-27 14:57:03	D:\Project\AIFlow\ainovel-cli-main\internal\tools\save_book_test.go	ok
2026-09-27 14:57:03	D:\Project\AIFlow\ainovel-cli-main\internal\tools\save_book.go	ok
2026-09-27 14:57:03	D:\Project\AIFlow\ainovel-cli-main\internal\tools\save_arc_summary_test.go	ok
2026-09-27 14:57:03	D:\Project\AIFlow\ainovel-cli-main\internal\tools\save_review.go	ok
2026-09-27 14:57:03	D:\Project\AIFlow\ainovel-cli-main\internal\tools\save_foundation.go	ok
2026-09-27 14:57:03	D:\Project\AIFlow\ainovel-cli-main\internal\tools\save_foundation_test.go	ok
2026-09-27 14:57:03	D:\Project\AIFlow\ainovel-cli-main\internal\tools\save_volume_summary.go	ok
2026-09-27 14:57:03	D:\Project\AIFlow\ainovel-cli-main\internal\tools\save_volume_summary_test.go	ok
2026-09-27 14:57:03	D:\Project\AIFlow\ainovel-cli-main\internal\tools\save_review_test.go	ok
2026-09-27 14:57:03	D:\Project\AIFlow\ainovel-cli-main\internal\tools\style_stats_index.go	ok
2026-09-27 14:57:03	D:\Project\AIFlow\ainovel-cli-main\internal\tools\style_stats_index_test.go	ok
2026-09-27 14:57:03	D:\Project\AIFlow\ainovel-cli-main\internal\userrules\normalize.go	ok
2026-09-27 14:57:03	D:\Project\AIFlow\ainovel-cli-main\internal\userrules\normalize_test.go	ok
2026-09-27 14:57:03	D:\Project\AIFlow\ainovel-cli-main\internal\userrules\service.go	ok
2026-09-27 14:57:03	D:\Project\AIFlow\ainovel-cli-main\internal\userrules\service_test.go	ok
2026-09-27 14:57:03	D:\Project\AIFlow\ainovel-cli-main\internal\utils\input.go	ok
2026-09-27 14:57:03	D:\Project\AIFlow\ainovel-cli-main\internal\utils\text.go	ok
2026-09-27 14:57:03	D:\Project\AIFlow\ainovel-cli-main\internal\utils\textenc.go	ok
2026-09-27 14:57:03	D:\Project\AIFlow\ainovel-cli-main\internal\version\check.go	ok
2026-09-27 14:57:03	D:\Project\AIFlow\ainovel-cli-main\internal\version\info.go	ok
2026-09-27 14:57:03	D:\Project\AIFlow\ainovel-cli-main\internal\version\check_test.go	ok
2026-09-27 14:57:03	D:\Project\AIFlow\ainovel-cli-main\internal\version\info_test.go	ok
2026-09-27 14:57:03	D:\Project\AIFlow\ainovel-cli-main\internal\version\update_test.go	ok
2026-09-27 14:57:03	D:\Project\AIFlow\ainovel-cli-main\internal\version\update.go	ok
2026-09-27 14:57:03	D:\Project\AIFlow\ainovel-cli-main\scripts\check_chapter_wordcount.py	ok
2026-09-27 14:57:03	D:\Project\AIFlow\ainovel-cli-main\scripts\sample.gif	ok
2026-09-27 14:57:03	D:\Project\AIFlow\ainovel-cli-main\scripts\novel.png	ok
2026-09-27 14:57:03	D:\Project\AIFlow\ainovel-cli-main\scripts\install.sh	ok
2026-09-27 14:57:03	D:\Project\AIFlow\ainovel-cli-main_2\.gitattributes	ok
2026-09-27 14:57:03	D:\Project\AIFlow\ainovel-cli-main_2\.dockerignore	ok
2026-09-27 14:57:03	D:\Project\AIFlow\ainovel-cli-main_2\.gitignore	ok
2026-09-27 14:57:03	D:\Project\AIFlow\ainovel-cli-main_2\.goreleaser.yml	ok
2026-09-27 14:57:03	D:\Project\AIFlow\ainovel-cli-main_2\docker-compose.yml	ok
2026-09-27 14:57:03	D:\Project\AIFlow\ainovel-cli-main_2\config.example.jsonc	ok
2026-09-27 14:57:03	D:\Project\AIFlow\ainovel-cli-main_2\Dockerfile	ok
2026-09-27 14:57:03	D:\Project\AIFlow\ainovel-cli-main_2\go.mod	ok
2026-09-27 14:57:03	D:\Project\AIFlow\ainovel-cli-main_2\go.sum	ok
2026-09-27 14:57:03	D:\Project\AIFlow\ainovel-cli-main_2\HUONG_DAN_SU_DUNG.md	ok
2026-09-27 14:57:03	D:\Project\AIFlow\ainovel-cli-main_2\LICENSE	ok
2026-09-27 14:57:03	D:\Project\AIFlow\ainovel-cli-main_2\README.md	ok
2026-09-27 14:57:03	D:\Project\AIFlow\ainovel-cli-main_2\.github\scripts\gen-changelog.sh	ok
2026-09-27 14:57:03	D:\Project\AIFlow\ainovel-cli-main_2\.github\workflows\ci.yml	ok
2026-09-27 14:57:03	D:\Project\AIFlow\ainovel-cli-main_2\.github\workflows\docker.yml	ok
2026-09-27 14:57:03	D:\Project\AIFlow\ainovel-cli-main_2\.github\workflows\release.yml	ok
2026-09-27 14:57:03	D:\Project\AIFlow\ainovel-cli-main_2\assets\load.go	ok
2026-09-27 14:57:03	D:\Project\AIFlow\ainovel-cli-main_2\assets\README.md	ok
2026-09-27 14:57:03	D:\Project\AIFlow\ainovel-cli-main_2\assets\load_test.go	ok
2026-09-27 14:57:03	D:\Project\AIFlow\ainovel-cli-main_2\assets\voice.md	ok
2026-09-27 14:57:03	D:\Project\AIFlow\ainovel-cli-main_2\assets\prompts\arbiter-failure.md	ok
2026-09-27 14:57:03	D:\Project\AIFlow\ainovel-cli-main_2\assets\voice_zh.md	ok
2026-09-27 14:57:03	D:\Project\AIFlow\ainovel-cli-main_2\assets\prompts\arbiter-intervention.md	ok
2026-09-27 14:57:03	D:\Project\AIFlow\ainovel-cli-main_2\assets\prompts\arbiter-plan-start.md	ok
2026-09-27 14:57:03	D:\Project\AIFlow\ainovel-cli-main_2\assets\prompts\architect-long.md	ok
2026-09-27 14:57:03	D:\Project\AIFlow\ainovel-cli-main_2\assets\prompts\architect-short.md	ok
2026-09-27 14:57:03	D:\Project\AIFlow\ainovel-cli-main_2\assets\prompts\editor.md	ok
2026-09-27 14:57:03	D:\Project\AIFlow\ainovel-cli-main_2\assets\prompts\import-analyze.md	ok
2026-09-27 14:57:03	D:\Project\AIFlow\ainovel-cli-main_2\assets\prompts\import-range.md	ok
2026-09-27 14:57:03	D:\Project\AIFlow\ainovel-cli-main_2\assets\prompts\import-segment.md	ok
2026-09-27 14:57:03	D:\Project\AIFlow\ainovel-cli-main_2\assets\prompts\import-synthesize.md	ok
2026-09-27 14:57:03	D:\Project\AIFlow\ainovel-cli-main_2\assets\prompts\revision-analyze.md	ok
2026-09-27 14:57:03	D:\Project\AIFlow\ainovel-cli-main_2\assets\prompts\simulation-source.md	ok
2026-09-27 14:57:03	D:\Project\AIFlow\ainovel-cli-main_2\assets\prompts\simulation-merge.md	ok
2026-09-27 14:57:03	D:\Project\AIFlow\ainovel-cli-main_2\assets\prompts\writer.md	ok
2026-09-27 14:57:03	D:\Project\AIFlow\ainovel-cli-main_2\assets\prompts\zh\arbiter-failure.md	ok
2026-09-27 14:57:03	D:\Project\AIFlow\ainovel-cli-main_2\assets\prompts\zh\arbiter-plan-start.md	ok
2026-09-27 14:57:03	D:\Project\AIFlow\ainovel-cli-main_2\assets\prompts\zh\arbiter-intervention.md	ok
2026-09-27 14:57:03	D:\Project\AIFlow\ainovel-cli-main_2\assets\prompts\zh\architect-short.md	ok
2026-09-27 14:57:03	D:\Project\AIFlow\ainovel-cli-main_2\assets\prompts\zh\architect-long.md	ok
2026-09-27 14:57:03	D:\Project\AIFlow\ainovel-cli-main_2\assets\prompts\zh\editor.md	ok
2026-09-27 14:57:03	D:\Project\AIFlow\ainovel-cli-main_2\assets\prompts\zh\import-analyze.md	ok
2026-09-27 14:57:03	D:\Project\AIFlow\ainovel-cli-main_2\assets\prompts\zh\import-range.md	ok
2026-09-27 14:57:03	D:\Project\AIFlow\ainovel-cli-main_2\assets\prompts\zh\import-segment.md	ok
2026-09-27 14:57:03	D:\Project\AIFlow\ainovel-cli-main_2\assets\prompts\zh\import-synthesize.md	ok
2026-09-27 14:57:03	D:\Project\AIFlow\ainovel-cli-main_2\assets\prompts\zh\revision-analyze.md	ok
2026-09-27 14:57:03	D:\Project\AIFlow\ainovel-cli-main_2\assets\prompts\zh\simulation-merge.md	ok
2026-09-27 14:57:03	D:\Project\AIFlow\ainovel-cli-main_2\assets\prompts\zh\simulation-source.md	ok
2026-09-27 14:57:03	D:\Project\AIFlow\ainovel-cli-main_2\assets\prompts\zh\writer.md	ok
2026-09-27 14:57:03	D:\Project\AIFlow\ainovel-cli-main_2\assets\references\anti-ai-tone.md	ok
2026-09-27 14:57:03	D:\Project\AIFlow\ainovel-cli-main_2\assets\references\chapter-template.md	ok
2026-09-27 14:57:03	D:\Project\AIFlow\ainovel-cli-main_2\assets\references\chapter-guide.md	ok
2026-09-27 14:57:03	D:\Project\AIFlow\ainovel-cli-main_2\assets\references\character-building.md	ok
2026-09-27 14:57:03	D:\Project\AIFlow\ainovel-cli-main_2\assets\references\character-template.md	ok
2026-09-27 14:57:03	D:\Project\AIFlow\ainovel-cli-main_2\assets\references\consistency.md	ok
2026-09-27 14:57:03	D:\Project\AIFlow\ainovel-cli-main_2\assets\references\content-expansion.md	ok
2026-09-27 14:57:03	D:\Project\AIFlow\ainovel-cli-main_2\assets\references\differentiation.md	ok
2026-09-27 14:57:03	D:\Project\AIFlow\ainovel-cli-main_2\assets\references\dialogue-writing.md	ok
2026-09-27 14:57:03	D:\Project\AIFlow\ainovel-cli-main_2\assets\references\hook-techniques.md	ok
2026-09-27 14:57:03	D:\Project\AIFlow\ainovel-cli-main_2\assets\references\plot-structures.md	ok
2026-09-27 14:57:03	D:\Project\AIFlow\ainovel-cli-main_2\assets\references\outline-template.md	ok
2026-09-27 14:57:03	D:\Project\AIFlow\ainovel-cli-main_2\assets\references\longform-planning.md	ok
2026-09-27 14:57:03	D:\Project\AIFlow\ainovel-cli-main_2\assets\references\genres\fantasy\arc-templates.md	ok
2026-09-27 14:57:03	D:\Project\AIFlow\ainovel-cli-main_2\assets\references\genres\fantasy\style-references.md	ok
2026-09-27 14:57:03	D:\Project\AIFlow\ainovel-cli-main_2\assets\references\quality-checklist.md	ok
2026-09-27 14:57:03	D:\Project\AIFlow\ainovel-cli-main_2\assets\references\genres\romance\arc-templates.md	ok
2026-09-27 14:57:03	D:\Project\AIFlow\ainovel-cli-main_2\assets\references\genres\suspense\arc-templates.md	ok
2026-09-27 14:57:03	D:\Project\AIFlow\ainovel-cli-main_2\assets\references\genres\romance\style-references.md	ok
2026-09-27 14:57:03	D:\Project\AIFlow\ainovel-cli-main_2\assets\references\genres\suspense\style-references.md	ok
2026-09-27 14:57:03	D:\Project\AIFlow\ainovel-cli-main_2\assets\references\genres\wuxia\arc-templates.md	ok
2026-09-27 14:57:03	D:\Project\AIFlow\ainovel-cli-main_2\assets\references\genres\wuxia\style-references.md	ok
2026-09-27 14:57:03	D:\Project\AIFlow\ainovel-cli-main_2\assets\references\zh\anti-ai-tone.md	ok
2026-09-27 14:57:03	D:\Project\AIFlow\ainovel-cli-main_2\assets\references\zh\chapter-template.md	ok
2026-09-27 14:57:03	D:\Project\AIFlow\ainovel-cli-main_2\assets\references\zh\chapter-guide.md	ok
2026-09-27 14:57:03	D:\Project\AIFlow\ainovel-cli-main_2\assets\references\zh\character-building.md	ok
2026-09-27 14:57:03	D:\Project\AIFlow\ainovel-cli-main_2\assets\references\zh\character-template.md	ok
2026-09-27 14:57:03	D:\Project\AIFlow\ainovel-cli-main_2\assets\references\zh\consistency.md	ok
2026-09-27 14:57:03	D:\Project\AIFlow\ainovel-cli-main_2\assets\references\zh\content-expansion.md	ok
2026-09-27 14:57:03	D:\Project\AIFlow\ainovel-cli-main_2\assets\references\zh\dialogue-writing.md	ok
2026-09-27 14:57:03	D:\Project\AIFlow\ainovel-cli-main_2\assets\references\zh\differentiation.md	ok
2026-09-27 14:57:03	D:\Project\AIFlow\ainovel-cli-main_2\assets\references\zh\hook-techniques.md	ok
2026-09-27 14:57:03	D:\Project\AIFlow\ainovel-cli-main_2\assets\references\zh\outline-template.md	ok
2026-09-27 14:57:03	D:\Project\AIFlow\ainovel-cli-main_2\assets\references\zh\plot-structures.md	ok
2026-09-27 14:57:03	D:\Project\AIFlow\ainovel-cli-main_2\assets\references\zh\longform-planning.md	ok
2026-09-27 14:57:03	D:\Project\AIFlow\ainovel-cli-main_2\assets\references\zh\quality-checklist.md	ok
2026-09-27 14:57:03	D:\Project\AIFlow\ainovel-cli-main_2\assets\references\zh\genres\fantasy\style-references.md	ok
2026-09-27 14:57:03	D:\Project\AIFlow\ainovel-cli-main_2\assets\references\zh\genres\fantasy\arc-templates.md	ok
2026-09-27 14:57:03	D:\Project\AIFlow\ainovel-cli-main_2\assets\references\zh\genres\romance\arc-templates.md	ok
2026-09-27 14:57:03	D:\Project\AIFlow\ainovel-cli-main_2\assets\references\zh\genres\romance\style-references.md	ok
2026-09-27 14:57:03	D:\Project\AIFlow\ainovel-cli-main_2\assets\references\zh\genres\suspense\arc-templates.md	ok
2026-09-27 14:57:03	D:\Project\AIFlow\ainovel-cli-main_2\assets\references\zh\genres\suspense\style-references.md	ok
2026-09-27 14:57:03	D:\Project\AIFlow\ainovel-cli-main_2\assets\styles\default.md	ok
2026-09-27 14:57:03	D:\Project\AIFlow\ainovel-cli-main_2\assets\styles\romance.md	ok
2026-09-27 14:57:03	D:\Project\AIFlow\ainovel-cli-main_2\assets\styles\fantasy.md	ok
2026-09-27 14:57:03	D:\Project\AIFlow\ainovel-cli-main_2\assets\styles\suspense.md	ok
2026-09-27 14:57:03	D:\Project\AIFlow\ainovel-cli-main_2\assets\styles\zh\default.md	ok
2026-09-27 14:57:03	D:\Project\AIFlow\ainovel-cli-main_2\assets\styles\wuxia.md	ok
2026-09-27 14:57:03	D:\Project\AIFlow\ainovel-cli-main_2\assets\styles\zh\fantasy.md	ok
2026-09-27 14:57:03	D:\Project\AIFlow\ainovel-cli-main_2\assets\styles\zh\suspense.md	ok
2026-09-27 14:57:03	D:\Project\AIFlow\ainovel-cli-main_2\assets\styles\zh\romance.md	ok
2026-09-27 14:57:03	D:\Project\AIFlow\ainovel-cli-main_2\assets\testdata\writer-golden.md	ok
2026-09-27 14:57:03	D:\Project\AIFlow\ainovel-cli-main_2\cmd\ainovel-cli\main.go	ok
2026-09-27 14:57:03	D:\Project\AIFlow\ainovel-cli-main_2\config\config.example.jsonc	ok
2026-09-27 14:57:03	D:\Project\AIFlow\ainovel-cli-main_2\config\rules\README.txt	ok
2026-09-27 14:57:03	D:\Project\AIFlow\ainovel-cli-main_2\docs\chapter-advance-gate.md	ok
2026-09-27 14:57:03	D:\Project\AIFlow\ainovel-cli-main_2\docs\context-management.md	ok
2026-09-27 14:57:03	D:\Project\AIFlow\ainovel-cli-main_2\docs\architecture.md	ok
2026-09-27 14:57:03	D:\Project\AIFlow\ainovel-cli-main_2\docs\engine-rfc.md	ok
2026-09-27 14:57:03	D:\Project\AIFlow\ainovel-cli-main_2\docs\engine-arbiter.md	ok
2026-09-27 14:57:03	D:\Project\AIFlow\ainovel-cli-main_2\docs\evaluation-system.md	ok
2026-09-27 14:57:03	D:\Project\AIFlow\ainovel-cli-main_2\docs\observability.md	ok
2026-09-27 14:57:03	D:\Project\AIFlow\ainovel-cli-main_2\docs\import-pipeline.md	ok
2026-09-27 14:57:03	D:\Project\AIFlow\ainovel-cli-main_2\docs\prompt-cache-design.md	ok
2026-09-27 14:57:03	D:\Project\AIFlow\ainovel-cli-main_2\docs\refactor-flow-driven.md	ok
2026-09-27 14:57:03	D:\Project\AIFlow\ainovel-cli-main_2\docs\voice-layer.md	ok
2026-09-27 14:57:03	D:\Project\AIFlow\ainovel-cli-main_2\docs\user-rules-runtime.md	ok
2026-09-27 14:57:03	D:\Project\AIFlow\ainovel-cli-main_2\evals\cases\smoke\architect_long.json	ok
2026-09-27 14:57:03	D:\Project\AIFlow\ainovel-cli-main_2\evals\cases\smoke\architect_short.json	ok
2026-09-27 14:57:03	D:\Project\AIFlow\ainovel-cli-main_2\evals\cases\smoke\writer_first_chapter.json	ok
2026-09-27 14:57:03	D:\Project\AIFlow\ainovel-cli-main_2\internal\agents\agentcore_contract_test.go	ok
2026-09-27 14:57:03	D:\Project\AIFlow\ainovel-cli-main_2\internal\agents\context_manager.go	ok
2026-09-27 14:57:03	D:\Project\AIFlow\ainovel-cli-main_2\internal\agents\build.go	ok
2026-09-27 14:57:03	D:\Project\AIFlow\ainovel-cli-main_2\internal\agents\editor_stop_flow_test.go	ok
2026-09-27 14:57:03	D:\Project\AIFlow\ainovel-cli-main_2\internal\agents\ctxpack\builder.go	ok
2026-09-27 14:57:03	D:\Project\AIFlow\ainovel-cli-main_2\internal\agents\ctxpack\restore.go	ok
2026-09-27 14:57:03	D:\Project\AIFlow\ainovel-cli-main_2\internal\agents\ctxpack\strategy.go	ok
2026-09-27 14:57:03	D:\Project\AIFlow\ainovel-cli-main_2\internal\agents\guard\guard_test.go	ok
2026-09-27 14:57:03	D:\Project\AIFlow\ainovel-cli-main_2\internal\agents\ctxpack\strategy_test.go	ok
2026-09-27 14:57:03	D:\Project\AIFlow\ainovel-cli-main_2\internal\agents\guard\subagent_guards.go	ok
2026-09-27 14:57:03	D:\Project\AIFlow\ainovel-cli-main_2\internal\arbiter\arbiter.go	ok
2026-09-27 14:57:03	D:\Project\AIFlow\ainovel-cli-main_2\internal\arbiter\arbiter_test.go	ok
2026-09-27 14:57:03	D:\Project\AIFlow\ainovel-cli-main_2\internal\arbiter\failure.go	ok
2026-09-27 14:57:03	D:\Project\AIFlow\ainovel-cli-main_2\internal\arbiter\intervention.go	ok
2026-09-27 14:57:03	D:\Project\AIFlow\ainovel-cli-main_2\internal\arbiter\plan_start.go	ok
2026-09-27 14:57:03	D:\Project\AIFlow\ainovel-cli-main_2\internal\bootstrap\config.example.jsonc	ok
2026-09-27 14:57:03	D:\Project\AIFlow\ainovel-cli-main_2\internal\bootstrap\configfile_test.go	ok
2026-09-27 14:57:03	D:\Project\AIFlow\ainovel-cli-main_2\internal\bootstrap\config.go	ok
2026-09-27 14:57:03	D:\Project\AIFlow\ainovel-cli-main_2\internal\bootstrap\configfile.go	ok
2026-09-27 14:57:03	D:\Project\AIFlow\ainovel-cli-main_2\internal\bootstrap\config_test.go	ok
2026-09-27 14:57:03	D:\Project\AIFlow\ainovel-cli-main_2\internal\bootstrap\model_config_test.go	ok
2026-09-27 14:57:03	D:\Project\AIFlow\ainovel-cli-main_2\internal\bootstrap\models.go	ok
2026-09-27 14:57:03	D:\Project\AIFlow\ainovel-cli-main_2\internal\bootstrap\setup.go	ok
2026-09-27 14:57:03	D:\Project\AIFlow\ainovel-cli-main_2\internal\chapterfacts\facts.go	ok
2026-09-27 14:57:03	D:\Project\AIFlow\ainovel-cli-main_2\internal\chapterfacts\foreshadow_id_test.go	ok
2026-09-27 14:57:03	D:\Project\AIFlow\ainovel-cli-main_2\internal\diag\diag.go	ok
2026-09-27 14:57:03	D:\Project\AIFlow\ainovel-cli-main_2\internal\diag\export.go	ok
2026-09-27 14:57:03	D:\Project\AIFlow\ainovel-cli-main_2\internal\diag\export_test.go	ok
2026-09-27 14:57:03	D:\Project\AIFlow\ainovel-cli-main_2\internal\diag\planner.go	ok
2026-09-27 14:57:03	D:\Project\AIFlow\ainovel-cli-main_2\internal\diag\planner_test.go	ok
2026-09-27 14:57:03	D:\Project\AIFlow\ainovel-cli-main_2\internal\diag\redact.go	ok
2026-09-27 14:57:03	D:\Project\AIFlow\ainovel-cli-main_2\internal\diag\rules_context.go	ok
2026-09-27 14:57:03	D:\Project\AIFlow\ainovel-cli-main_2\internal\diag\rules_flow.go	ok
2026-09-27 14:57:03	D:\Project\AIFlow\ainovel-cli-main_2\internal\diag\rules_planning.go	ok
2026-09-27 14:57:03	D:\Project\AIFlow\ainovel-cli-main_2\internal\diag\rules_quality.go	ok
2026-09-27 14:57:03	D:\Project\AIFlow\ainovel-cli-main_2\internal\diag\rules_quality_test.go	ok
2026-09-27 14:57:03	D:\Project\AIFlow\ainovel-cli-main_2\internal\diag\runtime.go	ok
2026-09-27 14:57:03	D:\Project\AIFlow\ainovel-cli-main_2\internal\diag\runtime_rules.go	ok
2026-09-27 14:57:03	D:\Project\AIFlow\ainovel-cli-main_2\internal\diag\runtime_rules_test.go	ok
2026-09-27 14:57:03	D:\Project\AIFlow\ainovel-cli-main_2\internal\diag\types.go	ok
2026-09-27 14:57:03	D:\Project\AIFlow\ainovel-cli-main_2\internal\diag\snapshot.go	ok
2026-09-27 14:57:03	D:\Project\AIFlow\ainovel-cli-main_2\internal\domain\cast.go	ok
2026-09-27 14:57:04	D:\Project\AIFlow\ainovel-cli-main_2\internal\domain\chapter.go	ok
2026-09-27 14:57:04	D:\Project\AIFlow\ainovel-cli-main_2\internal\domain\chapter_heading.go	ok
2026-09-27 14:57:04	D:\Project\AIFlow\ainovel-cli-main_2\internal\domain\chapter_heading_test.go	ok
2026-09-27 14:57:04	D:\Project\AIFlow\ainovel-cli-main_2\internal\domain\checkpoint.go	ok
2026-09-27 14:57:04	D:\Project\AIFlow\ainovel-cli-main_2\internal\domain\commit.go	ok
2026-09-27 14:57:04	D:\Project\AIFlow\ainovel-cli-main_2\internal\domain\foundation.go	ok
2026-09-27 14:57:04	D:\Project\AIFlow\ainovel-cli-main_2\internal\domain\renumber_test.go	ok
2026-09-27 14:57:04	D:\Project\AIFlow\ainovel-cli-main_2\internal\domain\review.go	ok
2026-09-27 14:57:04	D:\Project\AIFlow\ainovel-cli-main_2\internal\domain\review_test.go	ok
2026-09-27 14:57:04	D:\Project\AIFlow\ainovel-cli-main_2\internal\domain\revision_test.go	ok
2026-09-27 14:57:04	D:\Project\AIFlow\ainovel-cli-main_2\internal\domain\revision.go	ok
2026-09-27 14:57:04	D:\Project\AIFlow\ainovel-cli-main_2\internal\domain\runtime_events.go	ok
2026-09-27 14:57:04	D:\Project\AIFlow\ainovel-cli-main_2\internal\domain\runtime.go	ok
2026-09-27 14:57:04	D:\Project\AIFlow\ainovel-cli-main_2\internal\domain\simulation.go	ok
2026-09-27 14:57:04	D:\Project\AIFlow\ainovel-cli-main_2\internal\domain\simulation_test.go	ok
2026-09-27 14:57:04	D:\Project\AIFlow\ainovel-cli-main_2\internal\domain\stalled_outline_test.go	ok
2026-09-27 14:57:04	D:\Project\AIFlow\ainovel-cli-main_2\internal\domain\story.go	ok
2026-09-27 14:57:04	D:\Project\AIFlow\ainovel-cli-main_2\internal\domain\taxonomy.go	ok
2026-09-27 14:57:04	D:\Project\AIFlow\ainovel-cli-main_2\internal\domain\tracking.go	ok
2026-09-27 14:57:04	D:\Project\AIFlow\ainovel-cli-main_2\internal\domain\transitions.go	ok
2026-09-27 14:57:04	D:\Project\AIFlow\ainovel-cli-main_2\internal\domain\usage.go	ok
2026-09-27 14:57:04	D:\Project\AIFlow\ainovel-cli-main_2\internal\domain\transitions_test.go	ok
2026-09-27 14:57:04	D:\Project\AIFlow\ainovel-cli-main_2\internal\domain\writing.go	ok
2026-09-27 14:57:04	D:\Project\AIFlow\ainovel-cli-main_2\internal\entry\headless\run.go	ok
2026-09-27 14:57:04	D:\Project\AIFlow\ainovel-cli-main_2\internal\entry\startup\cocreate.go	ok
2026-09-27 14:57:04	D:\Project\AIFlow\ainovel-cli-main_2\internal\entry\startup\quick.go	ok
2026-09-27 14:57:04	D:\Project\AIFlow\ainovel-cli-main_2\internal\entry\tui\app.go	ok
2026-09-27 14:57:04	D:\Project\AIFlow\ainovel-cli-main_2\internal\entry\tui\bootstrap_test.go	ok
2026-09-27 14:57:04	D:\Project\AIFlow\ainovel-cli-main_2\internal\entry\tui\commands_advance_test.go	ok
2026-09-27 14:57:04	D:\Project\AIFlow\ainovel-cli-main_2\internal\entry\tui\cocreate.go	ok
2026-09-27 14:57:04	D:\Project\AIFlow\ainovel-cli-main_2\internal\entry\tui\commands.go	ok
2026-09-27 14:57:04	D:\Project\AIFlow\ainovel-cli-main_2\internal\entry\tui\commands_revision_test.go	ok
2026-09-27 14:57:04	D:\Project\AIFlow\ainovel-cli-main_2\internal\entry\tui\commands_simulation_test.go	ok
2026-09-27 14:57:04	D:\Project\AIFlow\ainovel-cli-main_2\internal\entry\tui\command_help.go	ok
2026-09-27 14:57:04	D:\Project\AIFlow\ainovel-cli-main_2\internal\entry\tui\command_config_test.go	ok
2026-09-27 14:57:04	D:\Project\AIFlow\ainovel-cli-main_2\internal\entry\tui\command_config.go	ok
2026-09-27 14:57:04	D:\Project\AIFlow\ainovel-cli-main_2\internal\entry\tui\command_input_style_test.go	ok
2026-09-27 14:57:04	D:\Project\AIFlow\ainovel-cli-main_2\internal\entry\tui\command_model.go	ok
2026-09-27 14:57:04	D:\Project\AIFlow\ainovel-cli-main_2\internal\entry\tui\command_model_test.go	ok
2026-09-27 14:57:04	D:\Project\AIFlow\ainovel-cli-main_2\internal\entry\tui\command_palette.go	ok
2026-09-27 14:57:04	D:\Project\AIFlow\ainovel-cli-main_2\internal\entry\tui\command_registry.go	ok
2026-09-27 14:57:04	D:\Project\AIFlow\ainovel-cli-main_2\internal\entry\tui\events.go	ok
2026-09-27 14:57:04	D:\Project\AIFlow\ainovel-cli-main_2\internal\entry\tui\export.go	ok
2026-09-27 14:57:04	D:\Project\AIFlow\ainovel-cli-main_2\internal\entry\tui\import_test.go	ok
2026-09-27 14:57:04	D:\Project\AIFlow\ainovel-cli-main_2\internal\entry\tui\import.go	ok
2026-09-27 14:57:04	D:\Project\AIFlow\ainovel-cli-main_2\internal\entry\tui\input.go	ok
2026-09-27 14:57:04	D:\Project\AIFlow\ainovel-cli-main_2\internal\entry\tui\layout.go	ok
2026-09-27 14:57:04	D:\Project\AIFlow\ainovel-cli-main_2\internal\entry\tui\modal_frame.go	ok
2026-09-27 14:57:04	D:\Project\AIFlow\ainovel-cli-main_2\internal\entry\tui\panels.go	ok
2026-09-27 14:57:04	D:\Project\AIFlow\ainovel-cli-main_2\internal\entry\tui\model_update.go	ok
2026-09-27 14:57:04	D:\Project\AIFlow\ainovel-cli-main_2\internal\entry\tui\model.go	ok
2026-09-27 14:57:04	D:\Project\AIFlow\ainovel-cli-main_2\internal\entry\tui\panels_outline.go	ok
2026-09-27 14:57:04	D:\Project\AIFlow\ainovel-cli-main_2\internal\entry\tui\panels_activity.go	ok
2026-09-27 14:57:04	D:\Project\AIFlow\ainovel-cli-main_2\internal\entry\tui\panels_sidebar.go	ok
2026-09-27 14:57:04	D:\Project\AIFlow\ainovel-cli-main_2\internal\entry\tui\panels_test.go	ok
2026-09-27 14:57:04	D:\Project\AIFlow\ainovel-cli-main_2\internal\entry\tui\report.go	ok
2026-09-27 14:57:04	D:\Project\AIFlow\ainovel-cli-main_2\internal\entry\tui\revision.go	ok
2026-09-27 14:57:04	D:\Project\AIFlow\ainovel-cli-main_2\internal\entry\tui\simulation.go	ok
2026-09-27 14:57:04	D:\Project\AIFlow\ainovel-cli-main_2\internal\entry\tui\statusbar.go	ok
2026-09-27 14:57:04	D:\Project\AIFlow\ainovel-cli-main_2\internal\entry\tui\startup_test.go	ok
2026-09-27 14:57:04	D:\Project\AIFlow\ainovel-cli-main_2\internal\errs\errs.go	ok
2026-09-27 14:57:04	D:\Project\AIFlow\ainovel-cli-main_2\internal\entry\tui\theme.go	ok
2026-09-27 14:57:04	D:\Project\AIFlow\ainovel-cli-main_2\internal\eval\case.go	ok
2026-09-27 14:57:04	D:\Project\AIFlow\ainovel-cli-main_2\internal\eval\collect_test.go	ok
2026-09-27 14:57:04	D:\Project\AIFlow\ainovel-cli-main_2\internal\eval\case_test.go	ok
2026-09-27 14:57:04	D:\Project\AIFlow\ainovel-cli-main_2\internal\eval\collect.go	ok
2026-09-27 14:57:04	D:\Project\AIFlow\ainovel-cli-main_2\internal\eval\eval_test.go	ok
2026-09-27 14:57:04	D:\Project\AIFlow\ainovel-cli-main_2\internal\eval\eval.go	ok
2026-09-27 14:57:04	D:\Project\AIFlow\ainovel-cli-main_2\internal\eval\grade.go	ok
2026-09-27 14:57:04	D:\Project\AIFlow\ainovel-cli-main_2\internal\eval\grade_test.go	ok
2026-09-27 14:57:04	D:\Project\AIFlow\ainovel-cli-main_2\internal\eval\report_test.go	ok
2026-09-27 14:57:04	D:\Project\AIFlow\ainovel-cli-main_2\internal\eval\report.go	ok
2026-09-27 14:57:04	D:\Project\AIFlow\ainovel-cli-main_2\internal\eval\runner.go	ok
2026-09-27 14:57:04	D:\Project\AIFlow\ainovel-cli-main_2\internal\eval\runner_test.go	ok
2026-09-27 14:57:04	D:\Project\AIFlow\ainovel-cli-main_2\internal\flow\advance.go	ok
2026-09-27 14:57:04	D:\Project\AIFlow\ainovel-cli-main_2\internal\flow\advance_test.go	ok
2026-09-27 14:57:04	D:\Project\AIFlow\ainovel-cli-main_2\internal\flow\router.go	ok
2026-09-27 14:57:04	D:\Project\AIFlow\ainovel-cli-main_2\internal\flow\router_exhaustive_test.go	ok
2026-09-27 14:57:04	D:\Project\AIFlow\ainovel-cli-main_2\internal\flow\router_test.go	ok
2026-09-27 14:57:04	D:\Project\AIFlow\ainovel-cli-main_2\internal\flow\state.go	ok
2026-09-27 14:57:04	D:\Project\AIFlow\ainovel-cli-main_2\internal\host\advance_gate.go	ok
2026-09-27 14:57:04	D:\Project\AIFlow\ainovel-cli-main_2\internal\host\arbiter_model.go	ok
2026-09-27 14:57:04	D:\Project\AIFlow\ainovel-cli-main_2\internal\host\advance_gate_test.go	ok
2026-09-27 14:57:04	D:\Project\AIFlow\ainovel-cli-main_2\internal\host\arbiter_model_test.go	ok
2026-09-27 14:57:04	D:\Project\AIFlow\ainovel-cli-main_2\internal\host\book_lock_test.go	ok
2026-09-27 14:57:04	D:\Project\AIFlow\ainovel-cli-main_2\internal\host\book_lock.go	ok
2026-09-27 14:57:04	D:\Project\AIFlow\ainovel-cli-main_2\internal\host\budget.go	ok
2026-09-27 14:57:04	D:\Project\AIFlow\ainovel-cli-main_2\internal\host\budget_test.go	ok
2026-09-27 14:57:04	D:\Project\AIFlow\ainovel-cli-main_2\internal\host\cocreate.go	ok
2026-09-27 14:57:04	D:\Project\AIFlow\ainovel-cli-main_2\internal\host\cocreate_stage.go	ok
2026-09-27 14:57:04	D:\Project\AIFlow\ainovel-cli-main_2\internal\host\decision_observer.go	ok
2026-09-27 14:57:04	D:\Project\AIFlow\ainovel-cli-main_2\internal\host\cocreate_stage_test.go	ok
2026-09-27 14:57:04	D:\Project\AIFlow\ainovel-cli-main_2\internal\host\engine.go	ok
2026-09-27 14:57:04	D:\Project\AIFlow\ainovel-cli-main_2\internal\host\events.go	ok
2026-09-27 14:57:04	D:\Project\AIFlow\ainovel-cli-main_2\internal\host\event_log.go	ok
2026-09-27 14:57:04	D:\Project\AIFlow\ainovel-cli-main_2\internal\host\engine_test.go	ok
2026-09-27 14:57:04	D:\Project\AIFlow\ainovel-cli-main_2\internal\host\host_emit_test.go	ok
2026-09-27 14:57:04	D:\Project\AIFlow\ainovel-cli-main_2\internal\host\host_lifecycle_test.go	ok
2026-09-27 14:57:04	D:\Project\AIFlow\ainovel-cli-main_2\internal\host\host.go	ok
2026-09-27 14:57:04	D:\Project\AIFlow\ainovel-cli-main_2\internal\host\model_config.go	ok
2026-09-27 14:57:04	D:\Project\AIFlow\ainovel-cli-main_2\internal\host\model_config_test.go	ok
2026-09-27 14:57:04	D:\Project\AIFlow\ainovel-cli-main_2\internal\host\observer_events.go	ok
2026-09-27 14:57:04	D:\Project\AIFlow\ainovel-cli-main_2\internal\host\observer.go	ok
2026-09-27 14:57:04	D:\Project\AIFlow\ainovel-cli-main_2\internal\host\observer_stream.go	ok
2026-09-27 14:57:04	D:\Project\AIFlow\ainovel-cli-main_2\internal\host\observer_test.go	ok
2026-09-27 14:57:04	D:\Project\AIFlow\ainovel-cli-main_2\internal\host\observer_tools.go	ok
2026-09-27 14:57:04	D:\Project\AIFlow\ainovel-cli-main_2\internal\host\options.go	ok
2026-09-27 14:57:04	D:\Project\AIFlow\ainovel-cli-main_2\internal\host\reopen_test.go	ok
2026-09-27 14:57:04	D:\Project\AIFlow\ainovel-cli-main_2\internal\host\resume.go	ok
2026-09-27 14:57:04	D:\Project\AIFlow\ainovel-cli-main_2\internal\host\stream_extract.go	ok
2026-09-27 14:57:04	D:\Project\AIFlow\ainovel-cli-main_2\internal\host\title_projection_test.go	ok
2026-09-27 14:57:04	D:\Project\AIFlow\ainovel-cli-main_2\internal\host\stream_extract_test.go	ok
2026-09-27 14:57:04	D:\Project\AIFlow\ainovel-cli-main_2\internal\host\usage.go	ok
2026-09-27 14:57:04	D:\Project\AIFlow\ainovel-cli-main_2\internal\host\usage_replay.go	ok
2026-09-27 14:57:04	D:\Project\AIFlow\ainovel-cli-main_2\internal\host\usage_test.go	ok
2026-09-27 14:57:04	D:\Project\AIFlow\ainovel-cli-main_2\internal\host\exp\epub_test.go	ok
2026-09-27 14:57:04	D:\Project\AIFlow\ainovel-cli-main_2\internal\host\exp\epub.go	ok
2026-09-27 14:57:04	D:\Project\AIFlow\ainovel-cli-main_2\internal\host\exp\exporter.go	ok
2026-09-27 14:57:04	D:\Project\AIFlow\ainovel-cli-main_2\internal\host\exp\txt.go	ok
2026-09-27 14:57:04	D:\Project\AIFlow\ainovel-cli-main_2\internal\host\exp\exporter_test.go	ok
2026-09-27 14:57:04	D:\Project\AIFlow\ainovel-cli-main_2\internal\host\exp\txt_test.go	ok
2026-09-27 14:57:04	D:\Project\AIFlow\ainovel-cli-main_2\internal\host\exp\types.go	ok
2026-09-27 14:57:04	D:\Project\AIFlow\ainovel-cli-main_2\internal\host\imp\analyze_test.go	ok
2026-09-27 14:57:04	D:\Project\AIFlow\ainovel-cli-main_2\internal\host\imp\analyze.go	ok
2026-09-27 14:57:04	D:\Project\AIFlow\ainovel-cli-main_2\internal\host\imp\call.go	ok
2026-09-27 14:57:04	D:\Project\AIFlow\ainovel-cli-main_2\internal\host\imp\contracts_test.go	ok
2026-09-27 14:57:04	D:\Project\AIFlow\ainovel-cli-main_2\internal\host\imp\call_test.go	ok
2026-09-27 14:57:04	D:\Project\AIFlow\ainovel-cli-main_2\internal\host\imp\contracts.go	ok
2026-09-27 14:57:04	D:\Project\AIFlow\ainovel-cli-main_2\internal\host\imp\publish_test.go	ok
2026-09-27 14:57:04	D:\Project\AIFlow\ainovel-cli-main_2\internal\host\imp\publish.go	ok
2026-09-27 14:57:04	D:\Project\AIFlow\ainovel-cli-main_2\internal\host\imp\runner.go	ok
2026-09-27 14:57:04	D:\Project\AIFlow\ainovel-cli-main_2\internal\host\imp\runner_test.go	ok
2026-09-27 14:57:04	D:\Project\AIFlow\ainovel-cli-main_2\internal\host\imp\segment.go	ok
2026-09-27 14:57:04	D:\Project\AIFlow\ainovel-cli-main_2\internal\host\imp\segment_test.go	ok
2026-09-27 14:57:04	D:\Project\AIFlow\ainovel-cli-main_2\internal\host\imp\source.go	ok
2026-09-27 14:57:04	D:\Project\AIFlow\ainovel-cli-main_2\internal\host\imp\source_test.go	ok
2026-09-27 14:57:04	D:\Project\AIFlow\ainovel-cli-main_2\internal\host\imp\state.go	ok
2026-09-27 14:57:04	D:\Project\AIFlow\ainovel-cli-main_2\internal\host\imp\structured_fixtures_test.go	ok
2026-09-27 14:57:04	D:\Project\AIFlow\ainovel-cli-main_2\internal\host\imp\state_test.go	ok
2026-09-27 14:57:04	D:\Project\AIFlow\ainovel-cli-main_2\internal\host\imp\synthesize.go	ok
2026-09-27 14:57:04	D:\Project\AIFlow\ainovel-cli-main_2\internal\host\imp\types.go	ok
2026-09-27 14:57:04	D:\Project\AIFlow\ainovel-cli-main_2\internal\host\imp\synthesize_test.go	ok
2026-09-27 14:57:04	D:\Project\AIFlow\ainovel-cli-main_2\internal\host\sim\contracts.go	ok
2026-09-27 14:57:04	D:\Project\AIFlow\ainovel-cli-main_2\internal\host\imp\workspace_test.go	ok
2026-09-27 14:57:04	D:\Project\AIFlow\ainovel-cli-main_2\internal\host\imp\workspace.go	ok
2026-09-27 14:57:04	D:\Project\AIFlow\ainovel-cli-main_2\internal\host\sim\contracts_test.go	ok
2026-09-27 14:57:04	D:\Project\AIFlow\ainovel-cli-main_2\internal\host\sim\import.go	ok
2026-09-27 14:57:04	D:\Project\AIFlow\ainovel-cli-main_2\internal\host\sim\import_test.go	ok
2026-09-27 14:57:04	D:\Project\AIFlow\ainovel-cli-main_2\internal\host\sim\runner.go	ok
2026-09-27 14:57:04	D:\Project\AIFlow\ainovel-cli-main_2\internal\host\sim\scanner.go	ok
2026-09-27 14:57:04	D:\Project\AIFlow\ainovel-cli-main_2\internal\host\sim\runner_test.go	ok
2026-09-27 14:57:04	D:\Project\AIFlow\ainovel-cli-main_2\internal\host\sim\types.go	ok
2026-09-27 14:57:04	D:\Project\AIFlow\ainovel-cli-main_2\internal\llmcontract\contract.go	ok
2026-09-27 14:57:04	D:\Project\AIFlow\ainovel-cli-main_2\internal\llmcontract\contract_test.go	ok
2026-09-27 14:57:04	D:\Project\AIFlow\ainovel-cli-main_2\internal\llmcontract\execute.go	ok
2026-09-27 14:57:04	D:\Project\AIFlow\ainovel-cli-main_2\internal\llmcontract\validate.go	ok
2026-09-27 14:57:04	D:\Project\AIFlow\ainovel-cli-main_2\internal\llmretry\retry.go	ok
2026-09-27 14:57:04	D:\Project\AIFlow\ainovel-cli-main_2\internal\llmretry\retry_test.go	ok
2026-09-27 14:57:04	D:\Project\AIFlow\ainovel-cli-main_2\internal\logger\logger_test.go	ok
2026-09-27 14:57:04	D:\Project\AIFlow\ainovel-cli-main_2\internal\logger\logger.go	ok
2026-09-27 14:57:04	D:\Project\AIFlow\ainovel-cli-main_2\internal\models\gen_models.go	ok
2026-09-27 14:57:04	D:\Project\AIFlow\ainovel-cli-main_2\internal\models\model_lookup.go	ok
2026-09-27 14:57:04	D:\Project\AIFlow\ainovel-cli-main_2\internal\models\models_generated.go	ok
2026-09-27 14:57:04	D:\Project\AIFlow\ainovel-cli-main_2\internal\models\pricing.go	ok
2026-09-27 14:57:04	D:\Project\AIFlow\ainovel-cli-main_2\internal\models\registry.go	ok
2026-09-27 14:57:04	D:\Project\AIFlow\ainovel-cli-main_2\internal\notify\notify.go	ok
2026-09-27 14:57:04	D:\Project\AIFlow\ainovel-cli-main_2\internal\revision\analyze.go	ok
2026-09-27 14:57:04	D:\Project\AIFlow\ainovel-cli-main_2\internal\notify\notify_test.go	ok
2026-09-27 14:57:04	D:\Project\AIFlow\ainovel-cli-main_2\internal\revision\migration.go	ok
2026-09-27 14:57:04	D:\Project\AIFlow\ainovel-cli-main_2\internal\revision\projector.go	ok
2026-09-27 14:57:04	D:\Project\AIFlow\ainovel-cli-main_2\internal\revision\revision_test.go	ok
2026-09-27 14:57:04	D:\Project\AIFlow\ainovel-cli-main_2\internal\revision\scan.go	ok
2026-09-27 14:57:04	D:\Project\AIFlow\ainovel-cli-main_2\internal\revision\service.go	ok
2026-09-27 14:57:04	D:\Project\AIFlow\ainovel-cli-main_2\internal\rules\checker.go	ok
2026-09-27 14:57:04	D:\Project\AIFlow\ainovel-cli-main_2\internal\rules\checker_test.go	ok
2026-09-27 14:57:04	D:\Project\AIFlow\ainovel-cli-main_2\internal\rules\duplication_test.go	ok
2026-09-27 14:57:04	D:\Project\AIFlow\ainovel-cli-main_2\internal\rules\lint.go	ok
2026-09-27 14:57:04	D:\Project\AIFlow\ainovel-cli-main_2\internal\rules\lint_test.go	ok
2026-09-27 14:57:04	D:\Project\AIFlow\ainovel-cli-main_2\internal\rules\loader.go	ok
2026-09-27 14:57:04	D:\Project\AIFlow\ainovel-cli-main_2\internal\rules\loader_test.go	ok
2026-09-27 14:57:04	D:\Project\AIFlow\ainovel-cli-main_2\internal\rules\raw.go	ok
2026-09-27 14:57:04	D:\Project\AIFlow\ainovel-cli-main_2\internal\rules\raw_test.go	ok
2026-09-27 14:57:04	D:\Project\AIFlow\ainovel-cli-main_2\internal\rules\script_mixing_test.go	ok
2026-09-27 14:57:04	D:\Project\AIFlow\ainovel-cli-main_2\internal\rules\snapshot_test.go	ok
2026-09-27 14:57:04	D:\Project\AIFlow\ainovel-cli-main_2\internal\rules\snapshot.go	ok
2026-09-27 14:57:04	D:\Project\AIFlow\ainovel-cli-main_2\internal\rules\types.go	ok
2026-09-27 14:57:04	D:\Project\AIFlow\ainovel-cli-main_2\internal\store\book.go	ok
2026-09-27 14:57:04	D:\Project\AIFlow\ainovel-cli-main_2\internal\store\append_log.go	ok
2026-09-27 14:57:04	D:\Project\AIFlow\ainovel-cli-main_2\internal\store\book_test.go	ok
2026-09-27 14:57:04	D:\Project\AIFlow\ainovel-cli-main_2\internal\store\cast.go	ok
2026-09-27 14:57:04	D:\Project\AIFlow\ainovel-cli-main_2\internal\store\cast_test.go	ok
2026-09-27 14:57:04	D:\Project\AIFlow\ainovel-cli-main_2\internal\store\chapter_records.go	ok
2026-09-27 14:57:04	D:\Project\AIFlow\ainovel-cli-main_2\internal\store\characters.go	ok
2026-09-27 14:57:04	D:\Project\AIFlow\ainovel-cli-main_2\internal\store\checkpoints.go	ok
2026-09-27 14:57:04	D:\Project\AIFlow\ainovel-cli-main_2\internal\store\checkpoints_test.go	ok
2026-09-27 14:57:04	D:\Project\AIFlow\ainovel-cli-main_2\internal\store\decisions.go	ok
2026-09-27 14:57:04	D:\Project\AIFlow\ainovel-cli-main_2\internal\store\decisions_test.go	ok
2026-09-27 14:57:04	D:\Project\AIFlow\ainovel-cli-main_2\internal\store\doc.go	ok
2026-09-27 14:57:04	D:\Project\AIFlow\ainovel-cli-main_2\internal\store\io.go	ok
2026-09-27 14:57:04	D:\Project\AIFlow\ainovel-cli-main_2\internal\store\drafts.go	ok
2026-09-27 14:57:04	D:\Project\AIFlow\ainovel-cli-main_2\internal\store\labels_test.go	ok
2026-09-27 14:57:04	D:\Project\AIFlow\ainovel-cli-main_2\internal\store\labels.go	ok
2026-09-27 14:57:04	D:\Project\AIFlow\ainovel-cli-main_2\internal\store\outline.go	ok
2026-09-27 14:57:04	D:\Project\AIFlow\ainovel-cli-main_2\internal\store\outline_test.go	ok
2026-09-27 14:57:04	D:\Project\AIFlow\ainovel-cli-main_2\internal\store\progress.go	ok
2026-09-27 14:57:04	D:\Project\AIFlow\ainovel-cli-main_2\internal\store\progress_test.go	ok
2026-09-27 14:57:04	D:\Project\AIFlow\ainovel-cli-main_2\internal\store\revisions_test.go	ok
2026-09-27 14:57:04	D:\Project\AIFlow\ainovel-cli-main_2\internal\store\revisions.go	ok
2026-09-27 14:57:04	D:\Project\AIFlow\ainovel-cli-main_2\internal\store\runtime.go	ok
2026-09-27 14:57:04	D:\Project\AIFlow\ainovel-cli-main_2\internal\store\runtime_test.go	ok
2026-09-27 14:57:04	D:\Project\AIFlow\ainovel-cli-main_2\internal\store\run_meta.go	ok
2026-09-27 14:57:04	D:\Project\AIFlow\ainovel-cli-main_2\internal\store\run_meta_test.go	ok
2026-09-27 14:57:04	D:\Project\AIFlow\ainovel-cli-main_2\internal\store\session.go	ok
2026-09-27 14:57:04	D:\Project\AIFlow\ainovel-cli-main_2\internal\store\session_test.go	ok
2026-09-27 14:57:04	D:\Project\AIFlow\ainovel-cli-main_2\internal\store\signals.go	ok
2026-09-27 14:57:04	D:\Project\AIFlow\ainovel-cli-main_2\internal\store\signals_test.go	ok
2026-09-27 14:57:04	D:\Project\AIFlow\ainovel-cli-main_2\internal\store\simulation.go	ok
2026-09-27 14:57:04	D:\Project\AIFlow\ainovel-cli-main_2\internal\store\store.go	ok
2026-09-27 14:57:04	D:\Project\AIFlow\ainovel-cli-main_2\internal\store\store_test.go	ok
2026-09-27 14:57:04	D:\Project\AIFlow\ainovel-cli-main_2\internal\store\summaries.go	ok
2026-09-27 14:57:04	D:\Project\AIFlow\ainovel-cli-main_2\internal\store\usage.go	ok
2026-09-27 14:57:04	D:\Project\AIFlow\ainovel-cli-main_2\internal\store\user_rules.go	ok
2026-09-27 14:57:04	D:\Project\AIFlow\ainovel-cli-main_2\internal\store\usage_test.go	ok
2026-09-27 14:57:04	D:\Project\AIFlow\ainovel-cli-main_2\internal\stylestat\stylestat.go	ok
2026-09-27 14:57:04	D:\Project\AIFlow\ainovel-cli-main_2\internal\store\world_test.go	ok
2026-09-27 14:57:04	D:\Project\AIFlow\ainovel-cli-main_2\internal\store\world.go	ok
2026-09-27 14:57:04	D:\Project\AIFlow\ainovel-cli-main_2\internal\stylestat\stylestat_test.go	ok
2026-09-27 14:57:04	D:\Project\AIFlow\ainovel-cli-main_2\internal\stylestat\tracker.go	ok
2026-09-27 14:57:04	D:\Project\AIFlow\ainovel-cli-main_2\internal\stylestat\tracker_test.go	ok
2026-09-27 14:57:04	D:\Project\AIFlow\ainovel-cli-main_2\internal\tools\aggregate_guard.go	ok
2026-09-27 14:57:04	D:\Project\AIFlow\ainovel-cli-main_2\internal\tools\audit_foundation.go	ok
2026-09-27 14:57:04	D:\Project\AIFlow\ainovel-cli-main_2\internal\tools\audit_foundation_test.go	ok
2026-09-27 14:57:04	D:\Project\AIFlow\ainovel-cli-main_2\internal\tools\chapter_guard.go	ok
2026-09-27 14:57:04	D:\Project\AIFlow\ainovel-cli-main_2\internal\tools\check_consistency_test.go	ok
2026-09-27 14:57:04	D:\Project\AIFlow\ainovel-cli-main_2\internal\tools\check_consistency.go	ok
2026-09-27 14:57:04	D:\Project\AIFlow\ainovel-cli-main_2\internal\tools\commit_validation.go	ok
2026-09-27 14:57:04	D:\Project\AIFlow\ainovel-cli-main_2\internal\tools\commit_chapter.go	ok
2026-09-27 14:57:04	D:\Project\AIFlow\ainovel-cli-main_2\internal\tools\draft_chapter.go	ok
2026-09-27 14:57:04	D:\Project\AIFlow\ainovel-cli-main_2\internal\tools\commit_chapter_test.go	ok
2026-09-27 14:57:04	D:\Project\AIFlow\ainovel-cli-main_2\internal\tools\draft_chapter_test.go	ok
2026-09-27 14:57:04	D:\Project\AIFlow\ainovel-cli-main_2\internal\tools\edit_chapter.go	ok
2026-09-27 14:57:04	D:\Project\AIFlow\ainovel-cli-main_2\internal\tools\edit_chapter_test.go	ok
2026-09-27 14:57:04	D:\Project\AIFlow\ainovel-cli-main_2\internal\tools\novel_context.go	ok
2026-09-27 14:57:04	D:\Project\AIFlow\ainovel-cli-main_2\internal\tools\novel_context_simulation_test.go	ok
2026-09-27 14:57:04	D:\Project\AIFlow\ainovel-cli-main_2\internal\tools\novel_context_builders.go	ok
2026-09-27 14:57:04	D:\Project\AIFlow\ainovel-cli-main_2\internal\tools\plan_chapter.go	ok
2026-09-27 14:57:04	D:\Project\AIFlow\ainovel-cli-main_2\internal\tools\plan_chapter_test.go	ok
2026-09-27 14:57:04	D:\Project\AIFlow\ainovel-cli-main_2\internal\tools\novel_context_test.go	ok
2026-09-27 14:57:04	D:\Project\AIFlow\ainovel-cli-main_2\internal\tools\premise_structure.go	ok
2026-09-27 14:57:04	D:\Project\AIFlow\ainovel-cli-main_2\internal\tools\premise_structure_test.go	ok
2026-09-27 14:57:04	D:\Project\AIFlow\ainovel-cli-main_2\internal\tools\read_chapter.go	ok
2026-09-27 14:57:04	D:\Project\AIFlow\ainovel-cli-main_2\internal\tools\reopen_book.go	ok
2026-09-27 14:57:04	D:\Project\AIFlow\ainovel-cli-main_2\internal\tools\read_draft_test.go	ok
2026-09-27 14:57:04	D:\Project\AIFlow\ainovel-cli-main_2\internal\tools\resolve_outline_feedback.go	ok
2026-09-27 14:57:04	D:\Project\AIFlow\ainovel-cli-main_2\internal\tools\reopen_book_test.go	ok
2026-09-27 14:57:04	D:\Project\AIFlow\ainovel-cli-main_2\internal\tools\resolve_outline_feedback_test.go	ok
2026-09-27 14:57:04	D:\Project\AIFlow\ainovel-cli-main_2\internal\tools\revise_outline.go	ok
2026-09-27 14:57:04	D:\Project\AIFlow\ainovel-cli-main_2\internal\tools\revise_outline_test.go	ok
2026-09-27 14:57:04	D:\Project\AIFlow\ainovel-cli-main_2\internal\tools\save_arc_summary.go	ok
2026-09-27 14:57:04	D:\Project\AIFlow\ainovel-cli-main_2\internal\tools\save_book_test.go	ok
2026-09-27 14:57:04	D:\Project\AIFlow\ainovel-cli-main_2\internal\tools\save_book.go	ok
2026-09-27 14:57:04	D:\Project\AIFlow\ainovel-cli-main_2\internal\tools\save_arc_summary_test.go	ok
2026-09-27 14:57:04	D:\Project\AIFlow\ainovel-cli-main_2\internal\tools\save_review.go	ok
2026-09-27 14:57:04	D:\Project\AIFlow\ainovel-cli-main_2\internal\tools\save_foundation.go	ok
2026-09-27 14:57:04	D:\Project\AIFlow\ainovel-cli-main_2\internal\tools\save_foundation_test.go	ok
2026-09-27 14:57:04	D:\Project\AIFlow\ainovel-cli-main_2\internal\tools\save_volume_summary.go	ok
2026-09-27 14:57:04	D:\Project\AIFlow\ainovel-cli-main_2\internal\tools\save_volume_summary_test.go	ok
2026-09-27 14:57:04	D:\Project\AIFlow\ainovel-cli-main_2\internal\tools\save_review_test.go	ok
2026-09-27 14:57:04	D:\Project\AIFlow\ainovel-cli-main_2\internal\tools\style_stats_index.go	ok
2026-09-27 14:57:04	D:\Project\AIFlow\ainovel-cli-main_2\internal\tools\style_stats_index_test.go	ok
2026-09-27 14:57:04	D:\Project\AIFlow\ainovel-cli-main_2\internal\userrules\normalize.go	ok
2026-09-27 14:57:04	D:\Project\AIFlow\ainovel-cli-main_2\internal\userrules\service.go	ok
2026-09-27 14:57:04	D:\Project\AIFlow\ainovel-cli-main_2\internal\userrules\normalize_test.go	ok
2026-09-27 14:57:04	D:\Project\AIFlow\ainovel-cli-main_2\internal\userrules\service_test.go	ok
2026-09-27 14:57:04	D:\Project\AIFlow\ainovel-cli-main_2\internal\utils\input.go	ok
2026-09-27 14:57:04	D:\Project\AIFlow\ainovel-cli-main_2\internal\utils\stream_extract.go	ok
2026-09-27 14:57:04	D:\Project\AIFlow\ainovel-cli-main_2\internal\utils\textenc.go	ok
2026-09-27 14:57:04	D:\Project\AIFlow\ainovel-cli-main_2\internal\version\info.go	ok
2026-09-27 14:57:04	D:\Project\AIFlow\ainovel-cli-main_2\internal\version\info_test.go	ok
2026-09-27 14:57:04	D:\Project\AIFlow\ainovel-cli-main_2\internal\version\update.go	ok
2026-09-27 14:57:04	D:\Project\AIFlow\ainovel-cli-main_2\internal\version\update_test.go	ok
2026-09-27 14:57:04	D:\Project\AIFlow\ainovel-cli-main_2\scripts\check_chapter_wordcount.py	ok
2026-09-27 14:57:04	D:\Project\AIFlow\ainovel-cli-main_2\scripts\install.sh	ok
2026-09-27 14:57:04	D:\Project\AIFlow\ainovel-cli-main_2\scripts\sample.gif	ok
2026-09-27 14:57:04	D:\Project\AIFlow\ainovel-cli-main_2\scripts\novel.png	ok
2026-09-27 14:57:04	C:\Users\lehie\AppData\Local\Temp\aiflow-security-modules-bnyayvbf\github.com\voocel\agentcore@v1.8.2\.gitattributes	ok
2026-09-27 14:57:04	C:\Users\lehie\AppData\Local\Temp\aiflow-security-modules-bnyayvbf\github.com\voocel\agentcore@v1.8.2\.gitignore	ok
2026-09-27 14:57:04	C:\Users\lehie\AppData\Local\Temp\aiflow-security-modules-bnyayvbf\github.com\voocel\agentcore@v1.8.2\.goreleaser.yml	ok
2026-09-27 14:57:04	C:\Users\lehie\AppData\Local\Temp\aiflow-security-modules-bnyayvbf\github.com\voocel\agentcore@v1.8.2\context.go	ok
2026-09-27 14:57:04	C:\Users\lehie\AppData\Local\Temp\aiflow-security-modules-bnyayvbf\github.com\voocel\agentcore@v1.8.2\agent.go	ok
2026-09-27 14:57:04	C:\Users\lehie\AppData\Local\Temp\aiflow-security-modules-bnyayvbf\github.com\voocel\agentcore@v1.8.2\agent_test.go	ok
2026-09-27 14:57:04	C:\Users\lehie\AppData\Local\Temp\aiflow-security-modules-bnyayvbf\github.com\voocel\agentcore@v1.8.2\doc.go	ok
2026-09-27 14:57:04	C:\Users\lehie\AppData\Local\Temp\aiflow-security-modules-bnyayvbf\github.com\voocel\agentcore@v1.8.2\event.go	ok
2026-09-27 14:57:04	C:\Users\lehie\AppData\Local\Temp\aiflow-security-modules-bnyayvbf\github.com\voocel\agentcore@v1.8.2\errors.go	ok
2026-09-27 14:57:04	C:\Users\lehie\AppData\Local\Temp\aiflow-security-modules-bnyayvbf\github.com\voocel\agentcore@v1.8.2\go.mod	ok
2026-09-27 14:57:04	C:\Users\lehie\AppData\Local\Temp\aiflow-security-modules-bnyayvbf\github.com\voocel\agentcore@v1.8.2\go.sum	ok
2026-09-27 14:57:04	C:\Users\lehie\AppData\Local\Temp\aiflow-security-modules-bnyayvbf\github.com\voocel\agentcore@v1.8.2\inject.go	ok
2026-09-27 14:57:04	C:\Users\lehie\AppData\Local\Temp\aiflow-security-modules-bnyayvbf\github.com\voocel\agentcore@v1.8.2\LICENSE	ok
2026-09-27 14:57:04	C:\Users\lehie\AppData\Local\Temp\aiflow-security-modules-bnyayvbf\github.com\voocel\agentcore@v1.8.2\message.go	ok
2026-09-27 14:57:04	C:\Users\lehie\AppData\Local\Temp\aiflow-security-modules-bnyayvbf\github.com\voocel\agentcore@v1.8.2\loop.go	ok
2026-09-27 14:57:04	C:\Users\lehie\AppData\Local\Temp\aiflow-security-modules-bnyayvbf\github.com\voocel\agentcore@v1.8.2\loop_test.go	ok
2026-09-27 14:57:04	C:\Users\lehie\AppData\Local\Temp\aiflow-security-modules-bnyayvbf\github.com\voocel\agentcore@v1.8.2\model.go	ok
2026-09-27 14:57:04	C:\Users\lehie\AppData\Local\Temp\aiflow-security-modules-bnyayvbf\github.com\voocel\agentcore@v1.8.2\options.go	ok
2026-09-27 14:57:04	C:\Users\lehie\AppData\Local\Temp\aiflow-security-modules-bnyayvbf\github.com\voocel\agentcore@v1.8.2\README.md	ok
2026-09-27 14:57:04	C:\Users\lehie\AppData\Local\Temp\aiflow-security-modules-bnyayvbf\github.com\voocel\agentcore@v1.8.2\stop_guard.go	ok
2026-09-27 14:57:04	C:\Users\lehie\AppData\Local\Temp\aiflow-security-modules-bnyayvbf\github.com\voocel\agentcore@v1.8.2\README_CN.md	ok
2026-09-27 14:57:04	C:\Users\lehie\AppData\Local\Temp\aiflow-security-modules-bnyayvbf\github.com\voocel\agentcore@v1.8.2\stream.go	ok
2026-09-27 14:57:04	C:\Users\lehie\AppData\Local\Temp\aiflow-security-modules-bnyayvbf\github.com\voocel\agentcore@v1.8.2\turn_tool_executor.go	ok
2026-09-27 14:57:04	C:\Users\lehie\AppData\Local\Temp\aiflow-security-modules-bnyayvbf\github.com\voocel\agentcore@v1.8.2\tool.go	ok
2026-09-27 14:57:04	C:\Users\lehie\AppData\Local\Temp\aiflow-security-modules-bnyayvbf\github.com\voocel\agentcore@v1.8.2\.github\workflows\release.yml	ok
2026-09-27 14:57:04	C:\Users\lehie\AppData\Local\Temp\aiflow-security-modules-bnyayvbf\github.com\voocel\agentcore@v1.8.2\.github\scripts\gen-changelog.sh	ok
2026-09-27 14:57:04	C:\Users\lehie\AppData\Local\Temp\aiflow-security-modules-bnyayvbf\github.com\voocel\agentcore@v1.8.2\context\engine.go	ok
2026-09-27 14:57:04	C:\Users\lehie\AppData\Local\Temp\aiflow-security-modules-bnyayvbf\github.com\voocel\agentcore@v1.8.2\context\message.go	ok
2026-09-27 14:57:04	C:\Users\lehie\AppData\Local\Temp\aiflow-security-modules-bnyayvbf\github.com\voocel\agentcore@v1.8.2\context\engine_test.go	ok
2026-09-27 14:57:04	C:\Users\lehie\AppData\Local\Temp\aiflow-security-modules-bnyayvbf\github.com\voocel\agentcore@v1.8.2\context\strategy.go	ok
2026-09-27 14:57:04	C:\Users\lehie\AppData\Local\Temp\aiflow-security-modules-bnyayvbf\github.com\voocel\agentcore@v1.8.2\context\strategy_session_memory.go	ok
2026-09-27 14:57:04	C:\Users\lehie\AppData\Local\Temp\aiflow-security-modules-bnyayvbf\github.com\voocel\agentcore@v1.8.2\context\strategy_session_memory_test.go	ok
2026-09-27 14:57:04	C:\Users\lehie\AppData\Local\Temp\aiflow-security-modules-bnyayvbf\github.com\voocel\agentcore@v1.8.2\context\strategy_tool.go	ok
2026-09-27 14:57:04	C:\Users\lehie\AppData\Local\Temp\aiflow-security-modules-bnyayvbf\github.com\voocel\agentcore@v1.8.2\context\strategy_summary.go	ok
2026-09-27 14:57:04	C:\Users\lehie\AppData\Local\Temp\aiflow-security-modules-bnyayvbf\github.com\voocel\agentcore@v1.8.2\context\strategy_trim.go	ok
2026-09-27 14:57:04	C:\Users\lehie\AppData\Local\Temp\aiflow-security-modules-bnyayvbf\github.com\voocel\agentcore@v1.8.2\context\summary_run.go	ok
2026-09-27 14:57:04	C:\Users\lehie\AppData\Local\Temp\aiflow-security-modules-bnyayvbf\github.com\voocel\agentcore@v1.8.2\context\summary.go	ok
2026-09-27 14:57:04	C:\Users\lehie\AppData\Local\Temp\aiflow-security-modules-bnyayvbf\github.com\voocel\agentcore@v1.8.2\context\summary_run_test.go	ok
2026-09-27 14:57:04	C:\Users\lehie\AppData\Local\Temp\aiflow-security-modules-bnyayvbf\github.com\voocel\agentcore@v1.8.2\examples\multi\main.go	ok
2026-09-27 14:57:04	C:\Users\lehie\AppData\Local\Temp\aiflow-security-modules-bnyayvbf\github.com\voocel\agentcore@v1.8.2\context\usage.go	ok
2026-09-27 14:57:04	C:\Users\lehie\AppData\Local\Temp\aiflow-security-modules-bnyayvbf\github.com\voocel\agentcore@v1.8.2\examples\single\main.go	ok
2026-09-27 14:57:04	C:\Users\lehie\AppData\Local\Temp\aiflow-security-modules-bnyayvbf\github.com\voocel\agentcore@v1.8.2\llm\capabilities.go	ok
2026-09-27 14:57:04	C:\Users\lehie\AppData\Local\Temp\aiflow-security-modules-bnyayvbf\github.com\voocel\agentcore@v1.8.2\llm\errors.go	ok
2026-09-27 14:57:04	C:\Users\lehie\AppData\Local\Temp\aiflow-security-modules-bnyayvbf\github.com\voocel\agentcore@v1.8.2\llm\model.go	ok
2026-09-27 14:57:04	C:\Users\lehie\AppData\Local\Temp\aiflow-security-modules-bnyayvbf\github.com\voocel\agentcore@v1.8.2\llm\litellm.go	ok
2026-09-27 14:57:04	C:\Users\lehie\AppData\Local\Temp\aiflow-security-modules-bnyayvbf\github.com\voocel\agentcore@v1.8.2\llm\litellm_test.go	ok
2026-09-27 14:57:04	C:\Users\lehie\AppData\Local\Temp\aiflow-security-modules-bnyayvbf\github.com\voocel\agentcore@v1.8.2\llm\thinking.go	ok
2026-09-27 14:57:04	C:\Users\lehie\AppData\Local\Temp\aiflow-security-modules-bnyayvbf\github.com\voocel\agentcore@v1.8.2\llm\transform.go	ok
2026-09-27 14:57:04	C:\Users\lehie\AppData\Local\Temp\aiflow-security-modules-bnyayvbf\github.com\voocel\agentcore@v1.8.2\llm\transform_test.go	ok
2026-09-27 14:57:04	C:\Users\lehie\AppData\Local\Temp\aiflow-security-modules-bnyayvbf\github.com\voocel\agentcore@v1.8.2\permission\permission.go	ok
2026-09-27 14:57:04	C:\Users\lehie\AppData\Local\Temp\aiflow-security-modules-bnyayvbf\github.com\voocel\agentcore@v1.8.2\permission\engine.go	ok
2026-09-27 14:57:04	C:\Users\lehie\AppData\Local\Temp\aiflow-security-modules-bnyayvbf\github.com\voocel\agentcore@v1.8.2\permission\engine_test.go	ok
2026-09-27 14:57:04	C:\Users\lehie\AppData\Local\Temp\aiflow-security-modules-bnyayvbf\github.com\voocel\agentcore@v1.8.2\permission\profile.go	ok
2026-09-27 14:57:04	C:\Users\lehie\AppData\Local\Temp\aiflow-security-modules-bnyayvbf\github.com\voocel\agentcore@v1.8.2\permission\rules_test.go	ok
2026-09-27 14:57:04	C:\Users\lehie\AppData\Local\Temp\aiflow-security-modules-bnyayvbf\github.com\voocel\agentcore@v1.8.2\permission\rules.go	ok
2026-09-27 14:57:04	C:\Users\lehie\AppData\Local\Temp\aiflow-security-modules-bnyayvbf\github.com\voocel\agentcore@v1.8.2\permission\store_test.go	ok
2026-09-27 14:57:04	C:\Users\lehie\AppData\Local\Temp\aiflow-security-modules-bnyayvbf\github.com\voocel\agentcore@v1.8.2\permission\store.go	ok
2026-09-27 14:57:04	C:\Users\lehie\AppData\Local\Temp\aiflow-security-modules-bnyayvbf\github.com\voocel\agentcore@v1.8.2\proxy\proxy.go	ok
2026-09-27 14:57:04	C:\Users\lehie\AppData\Local\Temp\aiflow-security-modules-bnyayvbf\github.com\voocel\agentcore@v1.8.2\schema\schema.go	ok
2026-09-27 14:57:04	C:\Users\lehie\AppData\Local\Temp\aiflow-security-modules-bnyayvbf\github.com\voocel\agentcore@v1.8.2\subagent\subagent_team_test.go	ok
2026-09-27 14:57:04	C:\Users\lehie\AppData\Local\Temp\aiflow-security-modules-bnyayvbf\github.com\voocel\agentcore@v1.8.2\subagent\subagent.go	ok
2026-09-27 14:57:04	C:\Users\lehie\AppData\Local\Temp\aiflow-security-modules-bnyayvbf\github.com\voocel\agentcore@v1.8.2\task\task.go	ok
2026-09-27 14:57:04	C:\Users\lehie\AppData\Local\Temp\aiflow-security-modules-bnyayvbf\github.com\voocel\agentcore@v1.8.2\subagent\subagent_test.go	ok
2026-09-27 14:57:04	C:\Users\lehie\AppData\Local\Temp\aiflow-security-modules-bnyayvbf\github.com\voocel\agentcore@v1.8.2\team\identity.go	ok
2026-09-27 14:57:04	C:\Users\lehie\AppData\Local\Temp\aiflow-security-modules-bnyayvbf\github.com\voocel\agentcore@v1.8.2\team\mailbox.go	ok
2026-09-27 14:57:04	C:\Users\lehie\AppData\Local\Temp\aiflow-security-modules-bnyayvbf\github.com\voocel\agentcore@v1.8.2\team\mailbox_test.go	ok
2026-09-27 14:57:04	C:\Users\lehie\AppData\Local\Temp\aiflow-security-modules-bnyayvbf\github.com\voocel\agentcore@v1.8.2\team\registry_test.go	ok
2026-09-27 14:57:04	C:\Users\lehie\AppData\Local\Temp\aiflow-security-modules-bnyayvbf\github.com\voocel\agentcore@v1.8.2\team\registry.go	ok
2026-09-27 14:57:04	C:\Users\lehie\AppData\Local\Temp\aiflow-security-modules-bnyayvbf\github.com\voocel\agentcore@v1.8.2\team\runner.go	ok
2026-09-27 14:57:04	C:\Users\lehie\AppData\Local\Temp\aiflow-security-modules-bnyayvbf\github.com\voocel\agentcore@v1.8.2\team\spawn.go	ok
2026-09-27 14:57:04	C:\Users\lehie\AppData\Local\Temp\aiflow-security-modules-bnyayvbf\github.com\voocel\agentcore@v1.8.2\team\runner_test.go	ok
2026-09-27 14:57:04	C:\Users\lehie\AppData\Local\Temp\aiflow-security-modules-bnyayvbf\github.com\voocel\agentcore@v1.8.2\team\team.go	ok
2026-09-27 14:57:04	C:\Users\lehie\AppData\Local\Temp\aiflow-security-modules-bnyayvbf\github.com\voocel\agentcore@v1.8.2\tools\bash.go	ok
2026-09-27 14:57:04	C:\Users\lehie\AppData\Local\Temp\aiflow-security-modules-bnyayvbf\github.com\voocel\agentcore@v1.8.2\tools\bash_unix.go	ok
2026-09-27 14:57:04	C:\Users\lehie\AppData\Local\Temp\aiflow-security-modules-bnyayvbf\github.com\voocel\agentcore@v1.8.2\tools\bash_test.go	ok
2026-09-27 14:57:04	C:\Users\lehie\AppData\Local\Temp\aiflow-security-modules-bnyayvbf\github.com\voocel\agentcore@v1.8.2\tools\bash_windows.go	ok
2026-09-27 14:57:04	C:\Users\lehie\AppData\Local\Temp\aiflow-security-modules-bnyayvbf\github.com\voocel\agentcore@v1.8.2\tools\doc.go	ok
2026-09-27 14:57:04	C:\Users\lehie\AppData\Local\Temp\aiflow-security-modules-bnyayvbf\github.com\voocel\agentcore@v1.8.2\tools\cwd.go	ok
2026-09-27 14:57:04	C:\Users\lehie\AppData\Local\Temp\aiflow-security-modules-bnyayvbf\github.com\voocel\agentcore@v1.8.2\tools\cwd_test.go	ok
2026-09-27 14:57:04	C:\Users\lehie\AppData\Local\Temp\aiflow-security-modules-bnyayvbf\github.com\voocel\agentcore@v1.8.2\tools\edit.go	ok
2026-09-27 14:57:04	C:\Users\lehie\AppData\Local\Temp\aiflow-security-modules-bnyayvbf\github.com\voocel\agentcore@v1.8.2\tools\file_state.go	ok
2026-09-27 14:57:04	C:\Users\lehie\AppData\Local\Temp\aiflow-security-modules-bnyayvbf\github.com\voocel\agentcore@v1.8.2\tools\edit_test.go	ok
2026-09-27 14:57:04	C:\Users\lehie\AppData\Local\Temp\aiflow-security-modules-bnyayvbf\github.com\voocel\agentcore@v1.8.2\tools\glob.go	ok
2026-09-27 14:57:04	C:\Users\lehie\AppData\Local\Temp\aiflow-security-modules-bnyayvbf\github.com\voocel\agentcore@v1.8.2\tools\ls.go	ok
2026-09-27 14:57:04	C:\Users\lehie\AppData\Local\Temp\aiflow-security-modules-bnyayvbf\github.com\voocel\agentcore@v1.8.2\tools\grep.go	ok
2026-09-27 14:57:04	C:\Users\lehie\AppData\Local\Temp\aiflow-security-modules-bnyayvbf\github.com\voocel\agentcore@v1.8.2\tools\read.go	ok
2026-09-27 14:57:04	C:\Users\lehie\AppData\Local\Temp\aiflow-security-modules-bnyayvbf\github.com\voocel\agentcore@v1.8.2\tools\support.go	ok
2026-09-27 14:57:04	C:\Users\lehie\AppData\Local\Temp\aiflow-security-modules-bnyayvbf\github.com\voocel\agentcore@v1.8.2\tools\tool_search.go	ok
2026-09-27 14:57:04	C:\Users\lehie\AppData\Local\Temp\aiflow-security-modules-bnyayvbf\github.com\voocel\agentcore@v1.8.2\tools\workspace_fs.go	ok
2026-09-27 14:57:04	C:\Users\lehie\AppData\Local\Temp\aiflow-security-modules-bnyayvbf\github.com\voocel\agentcore@v1.8.2\tools\workspace_fs_test.go	ok
2026-09-27 14:57:04	C:\Users\lehie\AppData\Local\Temp\aiflow-security-modules-bnyayvbf\github.com\voocel\agentcore@v1.8.2\tools\write.go	ok
2026-09-27 14:57:04	C:\Users\lehie\AppData\Local\Temp\aiflow-security-modules-bnyayvbf\github.com\voocel\agentcore@v1.8.3\.gitattributes	ok
2026-09-27 14:57:04	C:\Users\lehie\AppData\Local\Temp\aiflow-security-modules-bnyayvbf\github.com\voocel\agentcore@v1.8.3\.goreleaser.yml	ok
2026-09-27 14:57:04	C:\Users\lehie\AppData\Local\Temp\aiflow-security-modules-bnyayvbf\github.com\voocel\agentcore@v1.8.3\.gitignore	ok
2026-09-27 14:57:04	C:\Users\lehie\AppData\Local\Temp\aiflow-security-modules-bnyayvbf\github.com\voocel\agentcore@v1.8.3\context.go	ok
2026-09-27 14:57:04	C:\Users\lehie\AppData\Local\Temp\aiflow-security-modules-bnyayvbf\github.com\voocel\agentcore@v1.8.3\agent_test.go	ok
2026-09-27 14:57:04	C:\Users\lehie\AppData\Local\Temp\aiflow-security-modules-bnyayvbf\github.com\voocel\agentcore@v1.8.3\agent.go	ok
2026-09-27 14:57:04	C:\Users\lehie\AppData\Local\Temp\aiflow-security-modules-bnyayvbf\github.com\voocel\agentcore@v1.8.3\doc.go	ok
2026-09-27 14:57:04	C:\Users\lehie\AppData\Local\Temp\aiflow-security-modules-bnyayvbf\github.com\voocel\agentcore@v1.8.3\event.go	ok
2026-09-27 14:57:04	C:\Users\lehie\AppData\Local\Temp\aiflow-security-modules-bnyayvbf\github.com\voocel\agentcore@v1.8.3\errors.go	ok
2026-09-27 14:57:04	C:\Users\lehie\AppData\Local\Temp\aiflow-security-modules-bnyayvbf\github.com\voocel\agentcore@v1.8.3\go.mod	ok
2026-09-27 14:57:04	C:\Users\lehie\AppData\Local\Temp\aiflow-security-modules-bnyayvbf\github.com\voocel\agentcore@v1.8.3\go.sum	ok
2026-09-27 14:57:04	C:\Users\lehie\AppData\Local\Temp\aiflow-security-modules-bnyayvbf\github.com\voocel\agentcore@v1.8.3\inject.go	ok
2026-09-27 14:57:04	C:\Users\lehie\AppData\Local\Temp\aiflow-security-modules-bnyayvbf\github.com\voocel\agentcore@v1.8.3\LICENSE	ok
2026-09-27 14:57:04	C:\Users\lehie\AppData\Local\Temp\aiflow-security-modules-bnyayvbf\github.com\voocel\agentcore@v1.8.3\loop.go	ok
2026-09-27 14:57:04	C:\Users\lehie\AppData\Local\Temp\aiflow-security-modules-bnyayvbf\github.com\voocel\agentcore@v1.8.3\message.go	ok
2026-09-27 14:57:04	C:\Users\lehie\AppData\Local\Temp\aiflow-security-modules-bnyayvbf\github.com\voocel\agentcore@v1.8.3\loop_test.go	ok
2026-09-27 14:57:04	C:\Users\lehie\AppData\Local\Temp\aiflow-security-modules-bnyayvbf\github.com\voocel\agentcore@v1.8.3\options.go	ok
2026-09-27 14:57:04	C:\Users\lehie\AppData\Local\Temp\aiflow-security-modules-bnyayvbf\github.com\voocel\agentcore@v1.8.3\model.go	ok
2026-09-27 14:57:04	C:\Users\lehie\AppData\Local\Temp\aiflow-security-modules-bnyayvbf\github.com\voocel\agentcore@v1.8.3\README.md	ok
2026-09-27 14:57:04	C:\Users\lehie\AppData\Local\Temp\aiflow-security-modules-bnyayvbf\github.com\voocel\agentcore@v1.8.3\stop_guard.go	ok
2026-09-27 14:57:04	C:\Users\lehie\AppData\Local\Temp\aiflow-security-modules-bnyayvbf\github.com\voocel\agentcore@v1.8.3\README_CN.md	ok
2026-09-27 14:57:04	C:\Users\lehie\AppData\Local\Temp\aiflow-security-modules-bnyayvbf\github.com\voocel\agentcore@v1.8.3\stream.go	ok
2026-09-27 14:57:04	C:\Users\lehie\AppData\Local\Temp\aiflow-security-modules-bnyayvbf\github.com\voocel\agentcore@v1.8.3\turn_tool_executor.go	ok
2026-09-27 14:57:04	C:\Users\lehie\AppData\Local\Temp\aiflow-security-modules-bnyayvbf\github.com\voocel\agentcore@v1.8.3\.github\scripts\gen-changelog.sh	ok
2026-09-27 14:57:04	C:\Users\lehie\AppData\Local\Temp\aiflow-security-modules-bnyayvbf\github.com\voocel\agentcore@v1.8.3\tool.go	ok
2026-09-27 14:57:04	C:\Users\lehie\AppData\Local\Temp\aiflow-security-modules-bnyayvbf\github.com\voocel\agentcore@v1.8.3\.github\workflows\release.yml	ok
2026-09-27 14:57:04	C:\Users\lehie\AppData\Local\Temp\aiflow-security-modules-bnyayvbf\github.com\voocel\agentcore@v1.8.3\context\message.go	ok
2026-09-27 14:57:04	C:\Users\lehie\AppData\Local\Temp\aiflow-security-modules-bnyayvbf\github.com\voocel\agentcore@v1.8.3\context\engine.go	ok
2026-09-27 14:57:04	C:\Users\lehie\AppData\Local\Temp\aiflow-security-modules-bnyayvbf\github.com\voocel\agentcore@v1.8.3\context\engine_test.go	ok
2026-09-27 14:57:04	C:\Users\lehie\AppData\Local\Temp\aiflow-security-modules-bnyayvbf\github.com\voocel\agentcore@v1.8.3\context\strategy.go	ok
2026-09-27 14:57:04	C:\Users\lehie\AppData\Local\Temp\aiflow-security-modules-bnyayvbf\github.com\voocel\agentcore@v1.8.3\context\strategy_session_memory.go	ok
2026-09-27 14:57:04	C:\Users\lehie\AppData\Local\Temp\aiflow-security-modules-bnyayvbf\github.com\voocel\agentcore@v1.8.3\context\strategy_session_memory_test.go	ok
2026-09-27 14:57:04	C:\Users\lehie\AppData\Local\Temp\aiflow-security-modules-bnyayvbf\github.com\voocel\agentcore@v1.8.3\context\strategy_summary.go	ok
2026-09-27 14:57:04	C:\Users\lehie\AppData\Local\Temp\aiflow-security-modules-bnyayvbf\github.com\voocel\agentcore@v1.8.3\context\strategy_tool.go	ok
2026-09-27 14:57:04	C:\Users\lehie\AppData\Local\Temp\aiflow-security-modules-bnyayvbf\github.com\voocel\agentcore@v1.8.3\context\strategy_trim.go	ok
2026-09-27 14:57:04	C:\Users\lehie\AppData\Local\Temp\aiflow-security-modules-bnyayvbf\github.com\voocel\agentcore@v1.8.3\context\summary.go	ok
2026-09-27 14:57:04	C:\Users\lehie\AppData\Local\Temp\aiflow-security-modules-bnyayvbf\github.com\voocel\agentcore@v1.8.3\context\summary_run.go	ok
2026-09-27 14:57:04	C:\Users\lehie\AppData\Local\Temp\aiflow-security-modules-bnyayvbf\github.com\voocel\agentcore@v1.8.3\context\summary_run_test.go	ok
2026-09-27 14:57:04	C:\Users\lehie\AppData\Local\Temp\aiflow-security-modules-bnyayvbf\github.com\voocel\agentcore@v1.8.3\context\usage.go	ok
2026-09-27 14:57:04	C:\Users\lehie\AppData\Local\Temp\aiflow-security-modules-bnyayvbf\github.com\voocel\agentcore@v1.8.3\examples\multi\main.go	ok
2026-09-27 14:57:04	C:\Users\lehie\AppData\Local\Temp\aiflow-security-modules-bnyayvbf\github.com\voocel\agentcore@v1.8.3\examples\single\main.go	ok
2026-09-27 14:57:04	C:\Users\lehie\AppData\Local\Temp\aiflow-security-modules-bnyayvbf\github.com\voocel\agentcore@v1.8.3\llm\capabilities.go	ok
2026-09-27 14:57:04	C:\Users\lehie\AppData\Local\Temp\aiflow-security-modules-bnyayvbf\github.com\voocel\agentcore@v1.8.3\llm\errors.go	ok
2026-09-27 14:57:04	C:\Users\lehie\AppData\Local\Temp\aiflow-security-modules-bnyayvbf\github.com\voocel\agentcore@v1.8.3\llm\litellm_test.go	ok
2026-09-27 14:57:04	C:\Users\lehie\AppData\Local\Temp\aiflow-security-modules-bnyayvbf\github.com\voocel\agentcore@v1.8.3\llm\model.go	ok
2026-09-27 14:57:04	C:\Users\lehie\AppData\Local\Temp\aiflow-security-modules-bnyayvbf\github.com\voocel\agentcore@v1.8.3\llm\litellm.go	ok
2026-09-27 14:57:04	C:\Users\lehie\AppData\Local\Temp\aiflow-security-modules-bnyayvbf\github.com\voocel\agentcore@v1.8.3\llm\thinking.go	ok
2026-09-27 14:57:04	C:\Users\lehie\AppData\Local\Temp\aiflow-security-modules-bnyayvbf\github.com\voocel\agentcore@v1.8.3\llm\transform.go	ok
2026-09-27 14:57:04	C:\Users\lehie\AppData\Local\Temp\aiflow-security-modules-bnyayvbf\github.com\voocel\agentcore@v1.8.3\llm\transform_test.go	ok
2026-09-27 14:57:04	C:\Users\lehie\AppData\Local\Temp\aiflow-security-modules-bnyayvbf\github.com\voocel\agentcore@v1.8.3\permission\permission.go	ok
2026-09-27 14:57:04	C:\Users\lehie\AppData\Local\Temp\aiflow-security-modules-bnyayvbf\github.com\voocel\agentcore@v1.8.3\permission\engine_test.go	ok
2026-09-27 14:57:04	C:\Users\lehie\AppData\Local\Temp\aiflow-security-modules-bnyayvbf\github.com\voocel\agentcore@v1.8.3\permission\engine.go	ok
2026-09-27 14:57:04	C:\Users\lehie\AppData\Local\Temp\aiflow-security-modules-bnyayvbf\github.com\voocel\agentcore@v1.8.3\permission\profile.go	ok
2026-09-27 14:57:04	C:\Users\lehie\AppData\Local\Temp\aiflow-security-modules-bnyayvbf\github.com\voocel\agentcore@v1.8.3\permission\rules_test.go	ok
2026-09-27 14:57:04	C:\Users\lehie\AppData\Local\Temp\aiflow-security-modules-bnyayvbf\github.com\voocel\agentcore@v1.8.3\permission\rules.go	ok
2026-09-27 14:57:04	C:\Users\lehie\AppData\Local\Temp\aiflow-security-modules-bnyayvbf\github.com\voocel\agentcore@v1.8.3\permission\store.go	ok
2026-09-27 14:57:04	C:\Users\lehie\AppData\Local\Temp\aiflow-security-modules-bnyayvbf\github.com\voocel\agentcore@v1.8.3\permission\store_test.go	ok
2026-09-27 14:57:04	C:\Users\lehie\AppData\Local\Temp\aiflow-security-modules-bnyayvbf\github.com\voocel\agentcore@v1.8.3\proxy\proxy.go	ok
2026-09-27 14:57:04	C:\Users\lehie\AppData\Local\Temp\aiflow-security-modules-bnyayvbf\github.com\voocel\agentcore@v1.8.3\schema\schema.go	ok
2026-09-27 14:57:04	C:\Users\lehie\AppData\Local\Temp\aiflow-security-modules-bnyayvbf\github.com\voocel\agentcore@v1.8.3\subagent\subagent_team_test.go	ok
2026-09-27 14:57:04	C:\Users\lehie\AppData\Local\Temp\aiflow-security-modules-bnyayvbf\github.com\voocel\agentcore@v1.8.3\subagent\subagent.go	ok
2026-09-27 14:57:04	C:\Users\lehie\AppData\Local\Temp\aiflow-security-modules-bnyayvbf\github.com\voocel\agentcore@v1.8.3\subagent\subagent_test.go	ok
2026-09-27 14:57:04	C:\Users\lehie\AppData\Local\Temp\aiflow-security-modules-bnyayvbf\github.com\voocel\agentcore@v1.8.3\task\task.go	ok
2026-09-27 14:57:04	C:\Users\lehie\AppData\Local\Temp\aiflow-security-modules-bnyayvbf\github.com\voocel\agentcore@v1.8.3\team\identity.go	ok
2026-09-27 14:57:04	C:\Users\lehie\AppData\Local\Temp\aiflow-security-modules-bnyayvbf\github.com\voocel\agentcore@v1.8.3\team\mailbox.go	ok
2026-09-27 14:57:04	C:\Users\lehie\AppData\Local\Temp\aiflow-security-modules-bnyayvbf\github.com\voocel\agentcore@v1.8.3\team\registry_test.go	ok
2026-09-27 14:57:04	C:\Users\lehie\AppData\Local\Temp\aiflow-security-modules-bnyayvbf\github.com\voocel\agentcore@v1.8.3\team\mailbox_test.go	ok
2026-09-27 14:57:04	C:\Users\lehie\AppData\Local\Temp\aiflow-security-modules-bnyayvbf\github.com\voocel\agentcore@v1.8.3\team\registry.go	ok
2026-09-27 14:57:04	C:\Users\lehie\AppData\Local\Temp\aiflow-security-modules-bnyayvbf\github.com\voocel\agentcore@v1.8.3\team\spawn.go	ok
2026-09-27 14:57:04	C:\Users\lehie\AppData\Local\Temp\aiflow-security-modules-bnyayvbf\github.com\voocel\agentcore@v1.8.3\team\runner.go	ok
2026-09-27 14:57:04	C:\Users\lehie\AppData\Local\Temp\aiflow-security-modules-bnyayvbf\github.com\voocel\agentcore@v1.8.3\team\runner_test.go	ok
2026-09-27 14:57:04	C:\Users\lehie\AppData\Local\Temp\aiflow-security-modules-bnyayvbf\github.com\voocel\agentcore@v1.8.3\team\team.go	ok
2026-09-27 14:57:04	C:\Users\lehie\AppData\Local\Temp\aiflow-security-modules-bnyayvbf\github.com\voocel\agentcore@v1.8.3\tools\bash.go	ok
2026-09-27 14:57:04	C:\Users\lehie\AppData\Local\Temp\aiflow-security-modules-bnyayvbf\github.com\voocel\agentcore@v1.8.3\tools\bash_windows.go	ok
2026-09-27 14:57:04	C:\Users\lehie\AppData\Local\Temp\aiflow-security-modules-bnyayvbf\github.com\voocel\agentcore@v1.8.3\tools\bash_unix.go	ok
2026-09-27 14:57:04	C:\Users\lehie\AppData\Local\Temp\aiflow-security-modules-bnyayvbf\github.com\voocel\agentcore@v1.8.3\tools\bash_test.go	ok
2026-09-27 14:57:04	C:\Users\lehie\AppData\Local\Temp\aiflow-security-modules-bnyayvbf\github.com\voocel\agentcore@v1.8.3\tools\cwd_test.go	ok
2026-09-27 14:57:04	C:\Users\lehie\AppData\Local\Temp\aiflow-security-modules-bnyayvbf\github.com\voocel\agentcore@v1.8.3\tools\cwd.go	ok
2026-09-27 14:57:04	C:\Users\lehie\AppData\Local\Temp\aiflow-security-modules-bnyayvbf\github.com\voocel\agentcore@v1.8.3\tools\doc.go	ok
2026-09-27 14:57:04	C:\Users\lehie\AppData\Local\Temp\aiflow-security-modules-bnyayvbf\github.com\voocel\agentcore@v1.8.3\tools\file_state.go	ok
2026-09-27 14:57:04	C:\Users\lehie\AppData\Local\Temp\aiflow-security-modules-bnyayvbf\github.com\voocel\agentcore@v1.8.3\tools\edit_test.go	ok
2026-09-27 14:57:04	C:\Users\lehie\AppData\Local\Temp\aiflow-security-modules-bnyayvbf\github.com\voocel\agentcore@v1.8.3\tools\edit.go	ok
2026-09-27 14:57:04	C:\Users\lehie\AppData\Local\Temp\aiflow-security-modules-bnyayvbf\github.com\voocel\agentcore@v1.8.3\tools\glob.go	ok
2026-09-27 14:57:04	C:\Users\lehie\AppData\Local\Temp\aiflow-security-modules-bnyayvbf\github.com\voocel\agentcore@v1.8.3\tools\grep.go	ok
2026-09-27 14:57:04	C:\Users\lehie\AppData\Local\Temp\aiflow-security-modules-bnyayvbf\github.com\voocel\agentcore@v1.8.3\tools\ls.go	ok
2026-09-27 14:57:04	C:\Users\lehie\AppData\Local\Temp\aiflow-security-modules-bnyayvbf\github.com\voocel\agentcore@v1.8.3\tools\support.go	ok
2026-09-27 14:57:04	C:\Users\lehie\AppData\Local\Temp\aiflow-security-modules-bnyayvbf\github.com\voocel\agentcore@v1.8.3\tools\read.go	ok
2026-09-27 14:57:04	C:\Users\lehie\AppData\Local\Temp\aiflow-security-modules-bnyayvbf\github.com\voocel\agentcore@v1.8.3\tools\tool_search.go	ok
2026-09-27 14:57:04	C:\Users\lehie\AppData\Local\Temp\aiflow-security-modules-bnyayvbf\github.com\voocel\agentcore@v1.8.3\tools\workspace_fs_test.go	ok
2026-09-27 14:57:04	C:\Users\lehie\AppData\Local\Temp\aiflow-security-modules-bnyayvbf\github.com\voocel\agentcore@v1.8.3\tools\workspace_fs.go	ok
2026-09-27 14:57:04	C:\Users\lehie\AppData\Local\Temp\aiflow-security-modules-bnyayvbf\github.com\voocel\litellm@v1.8.10\.gitattributes	ok
2026-09-27 14:57:04	C:\Users\lehie\AppData\Local\Temp\aiflow-security-modules-bnyayvbf\github.com\voocel\agentcore@v1.8.3\tools\write.go	ok
2026-09-27 14:57:04	C:\Users\lehie\AppData\Local\Temp\aiflow-security-modules-bnyayvbf\github.com\voocel\litellm@v1.8.10\.gitignore	ok
2026-09-27 14:57:04	C:\Users\lehie\AppData\Local\Temp\aiflow-security-modules-bnyayvbf\github.com\voocel\litellm@v1.8.10\.goreleaser.yml	ok
2026-09-27 14:57:04	C:\Users\lehie\AppData\Local\Temp\aiflow-security-modules-bnyayvbf\github.com\voocel\litellm@v1.8.10\capabilities.go	ok
2026-09-27 14:57:04	C:\Users\lehie\AppData\Local\Temp\aiflow-security-modules-bnyayvbf\github.com\voocel\litellm@v1.8.10\capabilities_test.go	ok
2026-09-27 14:57:04	C:\Users\lehie\AppData\Local\Temp\aiflow-security-modules-bnyayvbf\github.com\voocel\litellm@v1.8.10\client.go	ok
2026-09-27 14:57:04	C:\Users\lehie\AppData\Local\Temp\aiflow-security-modules-bnyayvbf\github.com\voocel\litellm@v1.8.10\client_internal.go	ok
2026-09-27 14:57:04	C:\Users\lehie\AppData\Local\Temp\aiflow-security-modules-bnyayvbf\github.com\voocel\litellm@v1.8.10\doc.go	ok
2026-09-27 14:57:04	C:\Users\lehie\AppData\Local\Temp\aiflow-security-modules-bnyayvbf\github.com\voocel\litellm@v1.8.10\client_internal_test.go	ok
2026-09-27 14:57:04	C:\Users\lehie\AppData\Local\Temp\aiflow-security-modules-bnyayvbf\github.com\voocel\litellm@v1.8.10\errors.go	ok
2026-09-27 14:57:04	C:\Users\lehie\AppData\Local\Temp\aiflow-security-modules-bnyayvbf\github.com\voocel\litellm@v1.8.10\helpers.go	ok
2026-09-27 14:57:04	C:\Users\lehie\AppData\Local\Temp\aiflow-security-modules-bnyayvbf\github.com\voocel\litellm@v1.8.10\go.mod	ok
2026-09-27 14:57:04	C:\Users\lehie\AppData\Local\Temp\aiflow-security-modules-bnyayvbf\github.com\voocel\litellm@v1.8.10\provider-capabilities.md	ok
2026-09-27 14:57:04	C:\Users\lehie\AppData\Local\Temp\aiflow-security-modules-bnyayvbf\github.com\voocel\litellm@v1.8.10\hooks.go	ok
2026-09-27 14:57:04	C:\Users\lehie\AppData\Local\Temp\aiflow-security-modules-bnyayvbf\github.com\voocel\litellm@v1.8.10\LICENSE	ok
2026-09-27 14:57:04	C:\Users\lehie\AppData\Local\Temp\aiflow-security-modules-bnyayvbf\github.com\voocel\litellm@v1.8.10\provider.go	ok
2026-09-27 14:57:04	C:\Users\lehie\AppData\Local\Temp\aiflow-security-modules-bnyayvbf\github.com\voocel\litellm@v1.8.10\README.md	ok
2026-09-27 14:57:04	C:\Users\lehie\AppData\Local\Temp\aiflow-security-modules-bnyayvbf\github.com\voocel\litellm@v1.8.10\README_CN.md	ok
2026-09-27 14:57:04	C:\Users\lehie\AppData\Local\Temp\aiflow-security-modules-bnyayvbf\github.com\voocel\litellm@v1.8.10\registry.go	ok
2026-09-27 14:57:04	C:\Users\lehie\AppData\Local\Temp\aiflow-security-modules-bnyayvbf\github.com\voocel\litellm@v1.8.10\registry_test.go	ok
2026-09-27 14:57:04	C:\Users\lehie\AppData\Local\Temp\aiflow-security-modules-bnyayvbf\github.com\voocel\litellm@v1.8.10\repair.go	ok
2026-09-27 14:57:04	C:\Users\lehie\AppData\Local\Temp\aiflow-security-modules-bnyayvbf\github.com\voocel\litellm@v1.8.10\request.go	ok
2026-09-27 14:57:04	C:\Users\lehie\AppData\Local\Temp\aiflow-security-modules-bnyayvbf\github.com\voocel\litellm@v1.8.10\response_test.go	ok
2026-09-27 14:57:04	C:\Users\lehie\AppData\Local\Temp\aiflow-security-modules-bnyayvbf\github.com\voocel\litellm@v1.8.10\response.go	ok
2026-09-27 14:57:04	C:\Users\lehie\AppData\Local\Temp\aiflow-security-modules-bnyayvbf\github.com\voocel\litellm@v1.8.10\stream_watchdog.go	ok
2026-09-27 14:57:04	C:\Users\lehie\AppData\Local\Temp\aiflow-security-modules-bnyayvbf\github.com\voocel\litellm@v1.8.10\stream_test.go	ok
2026-09-27 14:57:04	C:\Users\lehie\AppData\Local\Temp\aiflow-security-modules-bnyayvbf\github.com\voocel\litellm@v1.8.10\stream.go	ok
2026-09-27 14:57:04	C:\Users\lehie\AppData\Local\Temp\aiflow-security-modules-bnyayvbf\github.com\voocel\litellm@v1.8.10\.github\workflows\release.yml	ok
2026-09-27 14:57:04	C:\Users\lehie\AppData\Local\Temp\aiflow-security-modules-bnyayvbf\github.com\voocel\litellm@v1.8.10\.github\scripts\gen-changelog.sh	ok
2026-09-27 14:57:04	C:\Users\lehie\AppData\Local\Temp\aiflow-security-modules-bnyayvbf\github.com\voocel\litellm@v1.8.10\.github\workflows\test.yml	ok
2026-09-27 14:57:04	C:\Users\lehie\AppData\Local\Temp\aiflow-security-modules-bnyayvbf\github.com\voocel\litellm@v1.8.10\examples\anthropic\main.go	ok
2026-09-27 14:57:04	C:\Users\lehie\AppData\Local\Temp\aiflow-security-modules-bnyayvbf\github.com\voocel\litellm@v1.8.10\examples\bedrock\main.go	ok
2026-09-27 14:57:04	C:\Users\lehie\AppData\Local\Temp\aiflow-security-modules-bnyayvbf\github.com\voocel\litellm@v1.8.10\examples\deepseek\main.go	ok
2026-09-27 14:57:04	C:\Users\lehie\AppData\Local\Temp\aiflow-security-modules-bnyayvbf\github.com\voocel\litellm@v1.8.10\examples\glm\main.go	ok
2026-09-27 14:57:04	C:\Users\lehie\AppData\Local\Temp\aiflow-security-modules-bnyayvbf\github.com\voocel\litellm@v1.8.10\examples\gemini\main.go	ok
2026-09-27 14:57:04	C:\Users\lehie\AppData\Local\Temp\aiflow-security-modules-bnyayvbf\github.com\voocel\litellm@v1.8.10\examples\grok\main.go	ok
2026-09-27 14:57:04	C:\Users\lehie\AppData\Local\Temp\aiflow-security-modules-bnyayvbf\github.com\voocel\litellm@v1.8.10\examples\minimax\main.go	ok
2026-09-27 14:57:04	C:\Users\lehie\AppData\Local\Temp\aiflow-security-modules-bnyayvbf\github.com\voocel\litellm@v1.8.10\examples\internal\exampleutil\stream.go	ok
2026-09-27 14:57:04	C:\Users\lehie\AppData\Local\Temp\aiflow-security-modules-bnyayvbf\github.com\voocel\litellm@v1.8.10\examples\ollama\main.go	ok
2026-09-27 14:57:04	C:\Users\lehie\AppData\Local\Temp\aiflow-security-modules-bnyayvbf\github.com\voocel\litellm@v1.8.10\examples\openai\main.go	ok
2026-09-27 14:57:04	C:\Users\lehie\AppData\Local\Temp\aiflow-security-modules-bnyayvbf\github.com\voocel\litellm@v1.8.10\examples\openrouter\main.go	ok
2026-09-27 14:57:04	C:\Users\lehie\AppData\Local\Temp\aiflow-security-modules-bnyayvbf\github.com\voocel\litellm@v1.8.10\examples\qwen\main.go	ok
2026-09-27 14:57:04	C:\Users\lehie\AppData\Local\Temp\aiflow-security-modules-bnyayvbf\github.com\voocel\litellm@v1.8.10\internal\testgolden\fixture.go	ok
2026-09-27 14:57:04	C:\Users\lehie\AppData\Local\Temp\aiflow-security-modules-bnyayvbf\github.com\voocel\litellm@v1.8.10\internal\testgolden\json.go	ok
2026-09-27 14:57:04	C:\Users\lehie\AppData\Local\Temp\aiflow-security-modules-bnyayvbf\github.com\voocel\litellm@v1.8.10\pricing\pricing.go	ok
2026-09-27 14:57:04	C:\Users\lehie\AppData\Local\Temp\aiflow-security-modules-bnyayvbf\github.com\voocel\litellm@v1.8.10\pricing\pricing_test.go	ok
2026-09-27 14:57:04	C:\Users\lehie\AppData\Local\Temp\aiflow-security-modules-bnyayvbf\github.com\voocel\litellm@v1.8.10\provider\anthropic\capabilities.go	ok
2026-09-27 14:57:04	C:\Users\lehie\AppData\Local\Temp\aiflow-security-modules-bnyayvbf\github.com\voocel\litellm@v1.8.10\provider\anthropic\client.go	ok
2026-09-27 14:57:04	C:\Users\lehie\AppData\Local\Temp\aiflow-security-modules-bnyayvbf\github.com\voocel\litellm@v1.8.10\provider\anthropic\provider.go	ok
2026-09-27 14:57:04	C:\Users\lehie\AppData\Local\Temp\aiflow-security-modules-bnyayvbf\github.com\voocel\litellm@v1.8.10\provider\anthropic\request.go	ok
2026-09-27 14:57:04	C:\Users\lehie\AppData\Local\Temp\aiflow-security-modules-bnyayvbf\github.com\voocel\litellm@v1.8.10\provider\anthropic\request_test.go	ok
2026-09-27 14:57:04	C:\Users\lehie\AppData\Local\Temp\aiflow-security-modules-bnyayvbf\github.com\voocel\litellm@v1.8.10\provider\anthropic\response.go	ok
2026-09-27 14:57:04	C:\Users\lehie\AppData\Local\Temp\aiflow-security-modules-bnyayvbf\github.com\voocel\litellm@v1.8.10\provider\anthropic\stream.go	ok
2026-09-27 14:57:04	C:\Users\lehie\AppData\Local\Temp\aiflow-security-modules-bnyayvbf\github.com\voocel\litellm@v1.8.10\provider\bedrock\capabilities.go	ok
2026-09-27 14:57:04	C:\Users\lehie\AppData\Local\Temp\aiflow-security-modules-bnyayvbf\github.com\voocel\litellm@v1.8.10\provider\bedrock\client.go	ok
2026-09-27 14:57:04	C:\Users\lehie\AppData\Local\Temp\aiflow-security-modules-bnyayvbf\github.com\voocel\litellm@v1.8.10\provider\bedrock\eventstream.go	ok
2026-09-27 14:57:04	C:\Users\lehie\AppData\Local\Temp\aiflow-security-modules-bnyayvbf\github.com\voocel\litellm@v1.8.10\provider\bedrock\eventstream_test.go	ok
2026-09-27 14:57:04	C:\Users\lehie\AppData\Local\Temp\aiflow-security-modules-bnyayvbf\github.com\voocel\litellm@v1.8.10\provider\bedrock\provider.go	ok
2026-09-27 14:57:04	C:\Users\lehie\AppData\Local\Temp\aiflow-security-modules-bnyayvbf\github.com\voocel\litellm@v1.8.10\provider\bedrock\provider_test.go	ok
2026-09-27 14:57:04	C:\Users\lehie\AppData\Local\Temp\aiflow-security-modules-bnyayvbf\github.com\voocel\litellm@v1.8.10\provider\bedrock\request.go	ok
2026-09-27 14:57:04	C:\Users\lehie\AppData\Local\Temp\aiflow-security-modules-bnyayvbf\github.com\voocel\litellm@v1.8.10\provider\bedrock\response.go	ok
2026-09-27 14:57:04	C:\Users\lehie\AppData\Local\Temp\aiflow-security-modules-bnyayvbf\github.com\voocel\litellm@v1.8.10\provider\bedrock\signing.go	ok
2026-09-27 14:57:04	C:\Users\lehie\AppData\Local\Temp\aiflow-security-modules-bnyayvbf\github.com\voocel\litellm@v1.8.10\provider\bedrock\signing_test.go	ok
2026-09-27 14:57:04	C:\Users\lehie\AppData\Local\Temp\aiflow-security-modules-bnyayvbf\github.com\voocel\litellm@v1.8.10\provider\bedrock\stream.go	ok
2026-09-27 14:57:04	C:\Users\lehie\AppData\Local\Temp\aiflow-security-modules-bnyayvbf\github.com\voocel\litellm@v1.8.10\provider\bedrock\types.go	ok
2026-09-27 14:57:04	C:\Users\lehie\AppData\Local\Temp\aiflow-security-modules-bnyayvbf\github.com\voocel\litellm@v1.8.10\provider\compat\capabilities.go	ok
2026-09-27 14:57:04	C:\Users\lehie\AppData\Local\Temp\aiflow-security-modules-bnyayvbf\github.com\voocel\litellm@v1.8.10\provider\compat\capabilities_test.go	ok
2026-09-27 14:57:04	C:\Users\lehie\AppData\Local\Temp\aiflow-security-modules-bnyayvbf\github.com\voocel\litellm@v1.8.10\provider\compat\client.go	ok
2026-09-27 14:57:04	C:\Users\lehie\AppData\Local\Temp\aiflow-security-modules-bnyayvbf\github.com\voocel\litellm@v1.8.10\provider\compat\provider.go	ok
2026-09-27 14:57:04	C:\Users\lehie\AppData\Local\Temp\aiflow-security-modules-bnyayvbf\github.com\voocel\litellm@v1.8.10\provider\compat\provider_test.go	ok
2026-09-27 14:57:04	C:\Users\lehie\AppData\Local\Temp\aiflow-security-modules-bnyayvbf\github.com\voocel\litellm@v1.8.10\provider\compat\request.go	ok
2026-09-27 14:57:04	C:\Users\lehie\AppData\Local\Temp\aiflow-security-modules-bnyayvbf\github.com\voocel\litellm@v1.8.10\provider\compat\response.go	ok
2026-09-27 14:57:04	C:\Users\lehie\AppData\Local\Temp\aiflow-security-modules-bnyayvbf\github.com\voocel\litellm@v1.8.10\provider\compat\spec.go	ok
2026-09-27 14:57:04	C:\Users\lehie\AppData\Local\Temp\aiflow-security-modules-bnyayvbf\github.com\voocel\litellm@v1.8.10\provider\compat\stream.go	ok
2026-09-27 14:57:04	C:\Users\lehie\AppData\Local\Temp\aiflow-security-modules-bnyayvbf\github.com\voocel\litellm@v1.8.10\provider\compat\stream_test.go	ok
2026-09-27 14:57:04	C:\Users\lehie\AppData\Local\Temp\aiflow-security-modules-bnyayvbf\github.com\voocel\litellm@v1.8.10\provider\compat\types.go	ok
2026-09-27 14:57:04	C:\Users\lehie\AppData\Local\Temp\aiflow-security-modules-bnyayvbf\github.com\voocel\litellm@v1.8.10\provider\compat\wrappers_contract_test.go	ok
2026-09-27 14:57:04	C:\Users\lehie\AppData\Local\Temp\aiflow-security-modules-bnyayvbf\github.com\voocel\litellm@v1.8.10\provider\deepseek\client.go	ok
2026-09-27 14:57:04	C:\Users\lehie\AppData\Local\Temp\aiflow-security-modules-bnyayvbf\github.com\voocel\litellm@v1.8.10\provider\deepseek\provider.go	ok
2026-09-27 14:57:04	C:\Users\lehie\AppData\Local\Temp\aiflow-security-modules-bnyayvbf\github.com\voocel\litellm@v1.8.10\provider\gemini\capabilities.go	ok
2026-09-27 14:57:04	C:\Users\lehie\AppData\Local\Temp\aiflow-security-modules-bnyayvbf\github.com\voocel\litellm@v1.8.10\provider\gemini\client.go	ok
2026-09-27 14:57:04	C:\Users\lehie\AppData\Local\Temp\aiflow-security-modules-bnyayvbf\github.com\voocel\litellm@v1.8.10\provider\deepseek\provider_test.go	ok
2026-09-27 14:57:04	C:\Users\lehie\AppData\Local\Temp\aiflow-security-modules-bnyayvbf\github.com\voocel\litellm@v1.8.10\provider\gemini\provider.go	ok
2026-09-27 14:57:04	C:\Users\lehie\AppData\Local\Temp\aiflow-security-modules-bnyayvbf\github.com\voocel\litellm@v1.8.10\provider\gemini\request.go	ok
2026-09-27 14:57:04	C:\Users\lehie\AppData\Local\Temp\aiflow-security-modules-bnyayvbf\github.com\voocel\litellm@v1.8.10\provider\gemini\provider_test.go	ok
2026-09-27 14:57:04	C:\Users\lehie\AppData\Local\Temp\aiflow-security-modules-bnyayvbf\github.com\voocel\litellm@v1.8.10\provider\gemini\response.go	ok
2026-09-27 14:57:04	C:\Users\lehie\AppData\Local\Temp\aiflow-security-modules-bnyayvbf\github.com\voocel\litellm@v1.8.10\provider\glm\client.go	ok
2026-09-27 14:57:04	C:\Users\lehie\AppData\Local\Temp\aiflow-security-modules-bnyayvbf\github.com\voocel\litellm@v1.8.10\provider\gemini\stream.go	ok
2026-09-27 14:57:04	C:\Users\lehie\AppData\Local\Temp\aiflow-security-modules-bnyayvbf\github.com\voocel\litellm@v1.8.10\provider\gemini\types.go	ok
2026-09-27 14:57:04	C:\Users\lehie\AppData\Local\Temp\aiflow-security-modules-bnyayvbf\github.com\voocel\litellm@v1.8.10\provider\grok\client.go	ok
2026-09-27 14:57:04	C:\Users\lehie\AppData\Local\Temp\aiflow-security-modules-bnyayvbf\github.com\voocel\litellm@v1.8.10\provider\glm\provider.go	ok
2026-09-27 14:57:04	C:\Users\lehie\AppData\Local\Temp\aiflow-security-modules-bnyayvbf\github.com\voocel\litellm@v1.8.10\provider\glm\provider_test.go	ok
2026-09-27 14:57:04	C:\Users\lehie\AppData\Local\Temp\aiflow-security-modules-bnyayvbf\github.com\voocel\litellm@v1.8.10\provider\grok\provider.go	ok
2026-09-27 14:57:04	C:\Users\lehie\AppData\Local\Temp\aiflow-security-modules-bnyayvbf\github.com\voocel\litellm@v1.8.10\provider\mimo\client.go	ok
2026-09-27 14:57:04	C:\Users\lehie\AppData\Local\Temp\aiflow-security-modules-bnyayvbf\github.com\voocel\litellm@v1.8.10\provider\grok\provider_test.go	ok
2026-09-27 14:57:04	C:\Users\lehie\AppData\Local\Temp\aiflow-security-modules-bnyayvbf\github.com\voocel\litellm@v1.8.10\provider\mimo\provider.go	ok
2026-09-27 14:57:04	C:\Users\lehie\AppData\Local\Temp\aiflow-security-modules-bnyayvbf\github.com\voocel\litellm@v1.8.10\provider\minimax\client.go	ok
2026-09-27 14:57:04	C:\Users\lehie\AppData\Local\Temp\aiflow-security-modules-bnyayvbf\github.com\voocel\litellm@v1.8.10\provider\mimo\provider_test.go	ok
2026-09-27 14:57:04	C:\Users\lehie\AppData\Local\Temp\aiflow-security-modules-bnyayvbf\github.com\voocel\litellm@v1.8.10\provider\minimax\provider.go	ok
2026-09-27 14:57:04	C:\Users\lehie\AppData\Local\Temp\aiflow-security-modules-bnyayvbf\github.com\voocel\litellm@v1.8.10\provider\ollama\client.go	ok
2026-09-27 14:57:04	C:\Users\lehie\AppData\Local\Temp\aiflow-security-modules-bnyayvbf\github.com\voocel\litellm@v1.8.10\provider\minimax\provider_test.go	ok
2026-09-27 14:57:04	C:\Users\lehie\AppData\Local\Temp\aiflow-security-modules-bnyayvbf\github.com\voocel\litellm@v1.8.10\provider\ollama\provider.go	ok
2026-09-27 14:57:04	C:\Users\lehie\AppData\Local\Temp\aiflow-security-modules-bnyayvbf\github.com\voocel\litellm@v1.8.10\provider\openai\capabilities.go	ok
2026-09-27 14:57:04	C:\Users\lehie\AppData\Local\Temp\aiflow-security-modules-bnyayvbf\github.com\voocel\litellm@v1.8.10\provider\ollama\provider_test.go	ok
2026-09-27 14:57:04	C:\Users\lehie\AppData\Local\Temp\aiflow-security-modules-bnyayvbf\github.com\voocel\litellm@v1.8.10\provider\openai\capabilities_test.go	ok
2026-09-27 14:57:04	C:\Users\lehie\AppData\Local\Temp\aiflow-security-modules-bnyayvbf\github.com\voocel\litellm@v1.8.10\provider\openai\client.go	ok
2026-09-27 14:57:04	C:\Users\lehie\AppData\Local\Temp\aiflow-security-modules-bnyayvbf\github.com\voocel\litellm@v1.8.10\provider\openai\options.go	ok
2026-09-27 14:57:04	C:\Users\lehie\AppData\Local\Temp\aiflow-security-modules-bnyayvbf\github.com\voocel\litellm@v1.8.10\provider\openai\provider.go	ok
2026-09-27 14:57:04	C:\Users\lehie\AppData\Local\Temp\aiflow-security-modules-bnyayvbf\github.com\voocel\litellm@v1.8.10\provider\openai\request.go	ok
2026-09-27 14:57:04	C:\Users\lehie\AppData\Local\Temp\aiflow-security-modules-bnyayvbf\github.com\voocel\litellm@v1.8.10\provider\openai\provider_test.go	ok
2026-09-27 14:57:04	C:\Users\lehie\AppData\Local\Temp\aiflow-security-modules-bnyayvbf\github.com\voocel\litellm@v1.8.10\provider\openai\response.go	ok
2026-09-27 14:57:04	C:\Users\lehie\AppData\Local\Temp\aiflow-security-modules-bnyayvbf\github.com\voocel\litellm@v1.8.10\provider\openai\schema.go	ok
2026-09-27 14:57:04	C:\Users\lehie\AppData\Local\Temp\aiflow-security-modules-bnyayvbf\github.com\voocel\litellm@v1.8.10\provider\openai\stream.go	ok
2026-09-27 14:57:04	C:\Users\lehie\AppData\Local\Temp\aiflow-security-modules-bnyayvbf\github.com\voocel\litellm@v1.8.10\provider\openai\responses.go	ok
2026-09-27 14:57:04	C:\Users\lehie\AppData\Local\Temp\aiflow-security-modules-bnyayvbf\github.com\voocel\litellm@v1.8.10\provider\openai\responses_test.go	ok
2026-09-27 14:57:04	C:\Users\lehie\AppData\Local\Temp\aiflow-security-modules-bnyayvbf\github.com\voocel\litellm@v1.8.10\provider\openrouter\client.go	ok
2026-09-27 14:57:04	C:\Users\lehie\AppData\Local\Temp\aiflow-security-modules-bnyayvbf\github.com\voocel\litellm@v1.8.10\provider\openai\types.go	ok
2026-09-27 14:57:04	C:\Users\lehie\AppData\Local\Temp\aiflow-security-modules-bnyayvbf\github.com\voocel\litellm@v1.8.10\provider\openrouter\provider.go	ok
2026-09-27 14:57:04	C:\Users\lehie\AppData\Local\Temp\aiflow-security-modules-bnyayvbf\github.com\voocel\litellm@v1.8.10\provider\qwen\client.go	ok
2026-09-27 14:57:04	C:\Users\lehie\AppData\Local\Temp\aiflow-security-modules-bnyayvbf\github.com\voocel\litellm@v1.8.10\provider\openrouter\provider_test.go	ok
2026-09-27 14:57:04	C:\Users\lehie\AppData\Local\Temp\aiflow-security-modules-bnyayvbf\github.com\voocel\litellm@v1.8.10\provider\qwen\provider_test.go	ok
2026-09-27 14:57:04	C:\Users\lehie\AppData\Local\Temp\aiflow-security-modules-bnyayvbf\github.com\voocel\litellm@v1.8.10\provider\qwen\provider.go	ok
2026-09-27 14:57:04	C:\Users\lehie\AppData\Local\Temp\aiflow-security-modules-bnyayvbf\github.com\voocel\litellm@v1.8.10\retry\retry_test.go	ok
2026-09-27 14:57:04	C:\Users\lehie\AppData\Local\Temp\aiflow-security-modules-bnyayvbf\github.com\voocel\litellm@v1.8.10\testdata\anthropic\messages_stream.sse	ok
2026-09-27 14:57:04	C:\Users\lehie\AppData\Local\Temp\aiflow-security-modules-bnyayvbf\github.com\voocel\litellm@v1.8.10\retry\retry.go	ok
2026-09-27 14:57:04	C:\Users\lehie\AppData\Local\Temp\aiflow-security-modules-bnyayvbf\github.com\voocel\litellm@v1.8.10\testdata\anthropic\request_tools_cache.golden.json	ok
2026-09-27 14:57:04	C:\Users\lehie\AppData\Local\Temp\aiflow-security-modules-bnyayvbf\github.com\voocel\litellm@v1.8.10\testdata\bedrock\eventstream.bin	ok
2026-09-27 14:57:04	C:\Users\lehie\AppData\Local\Temp\aiflow-security-modules-bnyayvbf\github.com\voocel\litellm@v1.8.10\testdata\bedrock\request_converse_tools.golden.json	ok
2026-09-27 14:57:04	C:\Users\lehie\AppData\Local\Temp\aiflow-security-modules-bnyayvbf\github.com\voocel\litellm@v1.8.10\testdata\compat\chat_response.json	ok
2026-09-27 14:57:04	C:\Users\lehie\AppData\Local\Temp\aiflow-security-modules-bnyayvbf\github.com\voocel\litellm@v1.8.10\testdata\compat\deepseek_request.golden.json	ok
2026-09-27 14:57:04	C:\Users\lehie\AppData\Local\Temp\aiflow-security-modules-bnyayvbf\github.com\voocel\litellm@v1.8.10\testdata\compat\glm_request.golden.json	ok
2026-09-27 14:57:04	C:\Users\lehie\AppData\Local\Temp\aiflow-security-modules-bnyayvbf\github.com\voocel\litellm@v1.8.10\testdata\compat\grok_request.golden.json	ok
2026-09-27 14:57:04	C:\Users\lehie\AppData\Local\Temp\aiflow-security-modules-bnyayvbf\github.com\voocel\litellm@v1.8.10\testdata\compat\mimo_request.golden.json	ok
2026-09-27 14:57:04	C:\Users\lehie\AppData\Local\Temp\aiflow-security-modules-bnyayvbf\github.com\voocel\litellm@v1.8.10\testdata\compat\minimax_request.golden.json	ok
2026-09-27 14:57:04	C:\Users\lehie\AppData\Local\Temp\aiflow-security-modules-bnyayvbf\github.com\voocel\litellm@v1.8.10\testdata\compat\ollama_request.golden.json	ok
2026-09-27 14:57:04	C:\Users\lehie\AppData\Local\Temp\aiflow-security-modules-bnyayvbf\github.com\voocel\litellm@v1.8.10\testdata\compat\openrouter_request.golden.json	ok
2026-09-27 14:57:04	C:\Users\lehie\AppData\Local\Temp\aiflow-security-modules-bnyayvbf\github.com\voocel\litellm@v1.8.10\testdata\compat\minimax_stream.sse	ok
2026-09-27 14:57:04	C:\Users\lehie\AppData\Local\Temp\aiflow-security-modules-bnyayvbf\github.com\voocel\litellm@v1.8.10\testdata\compat\qwen_request.golden.json	ok
2026-09-27 14:57:04	C:\Users\lehie\AppData\Local\Temp\aiflow-security-modules-bnyayvbf\github.com\voocel\litellm@v1.8.10\testdata\compat\stream.sse	ok
2026-09-27 14:57:04	C:\Users\lehie\AppData\Local\Temp\aiflow-security-modules-bnyayvbf\github.com\voocel\litellm@v1.8.10\testdata\gemini\request_multimodal_tools.golden.json	ok
2026-09-27 14:57:04	C:\Users\lehie\AppData\Local\Temp\aiflow-security-modules-bnyayvbf\github.com\voocel\litellm@v1.8.10\testdata\gemini\stream.jsonl	ok
2026-09-27 14:57:04	C:\Users\lehie\AppData\Local\Temp\aiflow-security-modules-bnyayvbf\github.com\voocel\litellm@v1.8.10\testdata\openai\chat_stream.sse	ok
2026-09-27 14:57:04	C:\Users\lehie\AppData\Local\Temp\aiflow-security-modules-bnyayvbf\github.com\voocel\litellm@v1.8.10\testdata\openai\chat_request_basic.golden.json	ok
2026-09-27 14:57:04	C:\Users\lehie\AppData\Local\Temp\aiflow-security-modules-bnyayvbf\github.com\voocel\litellm@v1.8.10\testdata\openai\responses_stream.sse	ok
2026-09-27 14:57:04	Scan_Objects$5132                          completed             
;  --- Statistics ---
; Time Start:	2026-09-27 14:57:03
; Time Finish:	2026-09-27 14:57:04
; Processed objects:	1193
; Total OK:	1193
; Total detected:	0
; Suspicions:	0
; Total skipped:	0
; Password protected:	0
; Corrupted:	0
; Errors:	0
;  ------------------
